X	A3	A4	A5	A6
ENSG00000000419	2066	2194	1816	1788
ENSG00000000457	769	715	670	639
ENSG00000000460	660	812	703	529
ENSG00000000938	27	22	29	30
ENSG00000000971	3088	3355	3493	2393
ENSG00000001036	779	577	623	450
ENSG00000001084	1270	1411	1201	1055
ENSG00000001167	1910	1638	1710	1089
ENSG00000001460	269	204	251	178
ENSG00000001461	1962	1954	1948	1818
ENSG00000001497	3822	6611	3093	6091
ENSG00000001561	610	748	638	544
ENSG00000001617	0	10	3	6
ENSG00000001626	0	0	0	0
ENSG00000001629	2665	2943	2226	2563
ENSG00000001630	9751	9911	8794	7194
ENSG00000001631	1002	957	850	647
ENSG00000002016	181	233	165	190
ENSG00000002079	0	2	0	2
ENSG00000002330	1434	1380	1263	1148
ENSG00000002549	5925	6498	5029	5387
ENSG00000002586	25535	23271	20013	19694
ENSG00000002587	1	14	0	2
ENSG00000002726	1	0	0	0
ENSG00000002746	1	2	0	1
ENSG00000002822	2156	2185	1995	1870
ENSG00000002834	18799	17606	16405	16305
ENSG00000002919	1839	1575	1500	1401
ENSG00000003056	7694	7911	6610	6348
ENSG00000003096	4	6	0	3
ENSG00000003147	330	194	202	66
ENSG00000003249	13	1	1	2
ENSG00000003393	738	689	598	481
ENSG00000003400	966	881	830	854
ENSG00000003402	13254	9892	10342	8010
ENSG00000003436	9	10	0	2
ENSG00000003509	434	457	332	367
ENSG00000003756	2997	3618	3169	2699
ENSG00000003989	19	3	15	2
ENSG00000004059	4391	4155	3664	3462
ENSG00000004139	2764	2818	2369	2241
ENSG00000004142	5693	6024	4802	5134
ENSG00000004399	2951	1518	1728	1075
ENSG00000004455	12994	14101	11428	10968
ENSG00000004468	129	279	189	543
ENSG00000004478	11545	12380	9948	9383
ENSG00000004487	4163	5021	3761	4051
ENSG00000004534	3529	4413	3328	3136
ENSG00000004660	267	201	239	126
ENSG00000004700	5365	5577	4730	4114
ENSG00000004766	645	703	541	538
ENSG00000004776	15	16	10	9
ENSG00000004777	190	246	222	237
ENSG00000004779	2954	3252	2662	2836
ENSG00000004799	1	0	0	0
ENSG00000004838	15	13	10	12
ENSG00000004848	2	7	1	7
ENSG00000004864	671	805	555	654
ENSG00000004866	1208	1201	1123	936
ENSG00000004897	4986	5218	4160	4066
ENSG00000004961	1350	2214	1036	2018
ENSG00000004975	2048	1960	1837	1478
ENSG00000005001	7	5	0	15
ENSG00000005007	7598	8042	6543	6433
ENSG00000005020	2277	2737	1522	2677
ENSG00000005022	22687	37700	18586	36707
ENSG00000005059	1629	1627	1462	1213
ENSG00000005073	6	3	10	8
ENSG00000005075	1885	2101	1771	1744
ENSG00000005100	2664	3174	2439	2351
ENSG00000005102	0	16	1	12
ENSG00000005108	0	0	0	0
ENSG00000005156	1952	2049	1828	1636
ENSG00000005175	2169	2383	1877	1925
ENSG00000005187	319	555	348	598
ENSG00000005189	322	469	330	409
ENSG00000005194	2006	2109	1731	1757
ENSG00000005206	936	893	881	794
ENSG00000005238	837	953	724	1035
ENSG00000005243	39	221	19	182
ENSG00000005249	30	33	49	19
ENSG00000005302	1108	1828	924	1536
ENSG00000005339	3546	3073	3289	2447
ENSG00000005379	182	245	218	202
ENSG00000005381	0	4	1	2
ENSG00000005421	0	0	1	0
ENSG00000005436	859	1085	769	733
ENSG00000005448	2727	2282	2608	1790
ENSG00000005469	397	594	320	564
ENSG00000005471	0	3	0	2
ENSG00000005483	4558	4250	4503	3527
ENSG00000005486	1976	2647	1578	2738
ENSG00000005513	0	3	0	0
ENSG00000005700	3323	3555	3065	2917
ENSG00000005801	638	750	598	697
ENSG00000005810	7742	6925	7417	5042
ENSG00000005812	2383	2163	2176	1866
ENSG00000005844	19765	18050	19254	16461
ENSG00000005882	740	518	586	570
ENSG00000005884	701	627	633	566
ENSG00000005889	1715	2172	1535	1839
ENSG00000005893	4626	7160	3875	6958
ENSG00000005961	4	2	1	4
ENSG00000006007	3482	4451	2895	3920
ENSG00000006015	1647	1699	1445	1276
ENSG00000006016	0	0	1	1
ENSG00000006025	365	352	372	349
ENSG00000006042	66	121	6	112
ENSG00000006047	0	0	0	2
ENSG00000006062	3025	2879	2965	2267
ENSG00000006118	3	10	1	9
ENSG00000006125	17153	17564	15523	12789
ENSG00000006194	1355	1394	1211	1177
ENSG00000006210	16	3	0	4
ENSG00000006282	2623	2295	2403	1882
ENSG00000006283	2	1	3	0
ENSG00000006327	111	191	115	118
ENSG00000006432	126	217	137	151
ENSG00000006451	2628	2507	2257	1973
ENSG00000006453	357	1616	227	1953
ENSG00000006459	1233	1480	1094	1353
ENSG00000006468	651	393	700	241
ENSG00000006530	2254	2133	2088	1659
ENSG00000006534	3	2	3	3
ENSG00000006555	1836	2085	1664	1349
ENSG00000006576	5341	5562	4609	4995
ENSG00000006606	0	0	0	0
ENSG00000006607	1291	1356	1056	958
ENSG00000006625	3097	3165	2738	2209
ENSG00000006634	2379	2600	2378	1896
ENSG00000006638	46	2	47	5
ENSG00000006652	1473	1588	1242	1082
ENSG00000006659	0	1	0	1
ENSG00000006695	1408	1396	1220	952
ENSG00000006704	1	25	4	19
ENSG00000006712	3374	3704	2923	2855
ENSG00000006715	2389	2215	1982	1881
ENSG00000006740	0	2	1	0
ENSG00000006744	6235	6543	5084	5286
ENSG00000006747	1	0	0	0
ENSG00000006756	554	677	483	864
ENSG00000006757	0	0	1	1
ENSG00000006831	4965	5543	4505	4576
ENSG00000006837	47	29	18	38
ENSG00000007047	1968	2070	1650	2109
ENSG00000007080	5708	5814	4782	4419
ENSG00000007129	231	285	300	236
ENSG00000007168	6243	6748	5570	5831
ENSG00000007171	1	0	0	0
ENSG00000007202	15850	15212	13202	12600
ENSG00000007216	0	0	0	0
ENSG00000007237	753	21	397	22
ENSG00000007255	1566	1132	1338	967
ENSG00000007264	5711	4625	4982	3872
ENSG00000007312	373	476	352	325
ENSG00000007314	15	2	12	7
ENSG00000007341	177	209	166	153
ENSG00000007350	4	6	3	2
ENSG00000007372	3	1	0	1
ENSG00000007376	1634	2019	1346	1527
ENSG00000007384	11	6	1	1
ENSG00000007392	1171	1670	1055	1201
ENSG00000007402	5	8	6	5
ENSG00000007516	15	3	2	4
ENSG00000007520	2955	2850	2739	2173
ENSG00000007541	1105	1244	1111	952
ENSG00000007545	1174	1126	1010	977
ENSG00000007866	0	2	6	2
ENSG00000007923	3264	3672	2816	2658
ENSG00000007944	392	397	283	419
ENSG00000007968	2307	2949	2559	2741
ENSG00000008018	5934	6405	5335	5266
ENSG00000008056	20	23	25	33
ENSG00000008083	2274	1935	2028	1577
ENSG00000008086	20	3	9	11
ENSG00000008118	5	9	4	2
ENSG00000008128	2053	2294	1986	1720
ENSG00000008130	2918	3522	2397	2981
ENSG00000008226	8	26	15	19
ENSG00000008256	70	37	30	29
ENSG00000008277	386	234	360	184
ENSG00000008282	1724	1994	1605	1834
ENSG00000008283	316	535	230	550
ENSG00000008294	3175	4231	2921	3367
ENSG00000008300	431	396	412	273
ENSG00000008311	439	325	331	459
ENSG00000008323	23	19	19	11
ENSG00000008324	1744	1882	1561	1532
ENSG00000008382	976	861	704	801
ENSG00000008394	1379	696	80	500
ENSG00000008405	1116	1174	953	711
ENSG00000008441	62	37	40	10
ENSG00000008513	8910	9125	7636	8360
ENSG00000008516	8915	9425	7877	9206
ENSG00000008517	78745	67878	79063	70103
ENSG00000008710	1834	2051	1942	1753
ENSG00000008735	9	2	10	16
ENSG00000008838	4450	4204	3935	3323
ENSG00000008853	638	651	660	639
ENSG00000008869	1284	1607	1305	1319
ENSG00000008952	5764	6331	5346	5258
ENSG00000008988	28236	29123	26385	24348
ENSG00000009307	29732	28595	25154	23326
ENSG00000009335	6694	7625	5616	6421
ENSG00000009413	1196	1504	1201	1130
ENSG00000009694	39	176	20	309
ENSG00000009765	0	0	0	0
ENSG00000009780	428	435	345	343
ENSG00000009790	12846	14145	10754	11576
ENSG00000009830	303	344	310	337
ENSG00000009844	2650	2779	2299	2176
ENSG00000009950	0	0	2	0
ENSG00000009954	10329	11363	9561	8939
ENSG00000010017	2860	3256	2366	2702
ENSG00000010030	299	554	159	611
ENSG00000010072	667	573	562	444
ENSG00000010165	3777	3951	3307	2956
ENSG00000010219	577	628	484	548
ENSG00000010244	9247	10489	8533	8546
ENSG00000010256	11450	12313	9923	11306
ENSG00000010270	2076	2194	1768	1812
ENSG00000010278	2051	1430	1594	1220
ENSG00000010282	1	4	0	0
ENSG00000010292	13426	14026	13210	11311
ENSG00000010295	588	690	598	631
ENSG00000010310	93	180	124	146
ENSG00000010318	312	371	310	264
ENSG00000010319	13	23	6	11
ENSG00000010322	3446	3740	3103	3231
ENSG00000010361	569	339	577	327
ENSG00000010379	0	0	0	0
ENSG00000010404	17674	22596	14029	21947
ENSG00000010539	453	476	440	396
ENSG00000010610	68	40	70	65
ENSG00000010626	117	111	98	107
ENSG00000010671	3	3	0	5
ENSG00000010704	31	89	9	120
ENSG00000010803	947	1211	815	1013
ENSG00000010810	4666	4206	4073	2618
ENSG00000010818	1753	1272	1490	884
ENSG00000011007	2943	3282	2462	2709
ENSG00000011009	4413	3802	3650	3356
ENSG00000011021	649	819	643	570
ENSG00000011028	14864	12658	10906	10658
ENSG00000011052	1761	1840	1375	1485
ENSG00000011105	13	6	10	3
ENSG00000011114	745	925	687	763
ENSG00000011132	1411	1240	1292	1133
ENSG00000011143	657	575	517	411
ENSG00000011198	1000	1207	750	1125
ENSG00000011243	1704	1984	1605	1653
ENSG00000011258	609	610	517	454
ENSG00000011260	3907	4305	3371	3529
ENSG00000011275	2404	2590	2211	1961
ENSG00000011295	1543	1867	1313	1466
ENSG00000011304	19578	21331	18013	15983
ENSG00000011332	49	63	38	52
ENSG00000011347	0	0	1	0
ENSG00000011376	3279	3277	2730	2428
ENSG00000011405	1132	1378	932	1260
ENSG00000011422	35	87	47	124
ENSG00000011426	1921	2018	1949	1844
ENSG00000011451	1833	1875	1655	1391
ENSG00000011454	1353	1447	1225	1149
ENSG00000011478	554	701	508	529
ENSG00000011485	4084	4708	3860	3502
ENSG00000011523	840	781	699	728
ENSG00000011566	273	278	239	185
ENSG00000011590	3727	5354	3982	4499
ENSG00000011600	0	0	0	0
ENSG00000011638	284	239	248	199
ENSG00000012048	2564	2659	2546	2093
ENSG00000012061	2181	2088	1999	1709
ENSG00000012124	60	10	5	5
ENSG00000012171	14	35	18	15
ENSG00000012174	951	1567	816	1581
ENSG00000012211	1560	2901	1094	2969
ENSG00000012223	6	2	2	1
ENSG00000012232	1668	1599	1419	1537
ENSG00000012504	0	0	0	0
ENSG00000012660	9826	10989	7913	9119
ENSG00000012779	59	20	20	40
ENSG00000012817	1481	1521	1287	1071
ENSG00000012822	1339	1079	1126	1039
ENSG00000012963	2715	3061	2513	2700
ENSG00000012983	669	889	645	728
ENSG00000013016	655	567	488	400
ENSG00000013275	5073	5455	4582	4584
ENSG00000013288	2575	2571	2402	2641
ENSG00000013297	0	1	1	0
ENSG00000013306	4817	5087	4158	4644
ENSG00000013364	5840	5912	4631	6263
ENSG00000013374	2180	2038	1838	1653
ENSG00000013375	547	746	446	640
ENSG00000013392	152	202	108	168
ENSG00000013441	1391	1917	1231	1572
ENSG00000013503	886	945	736	703
ENSG00000013523	1150	1337	1080	1071
ENSG00000013561	1300	1309	1111	1052
ENSG00000013563	866	1013	617	1099
ENSG00000013573	1689	2127	1610	1624
ENSG00000013583	259	406	287	401
ENSG00000013588	2	0	1	0
ENSG00000013619	1958	2698	1587	2672
ENSG00000013725	2493	3423	1629	3831
ENSG00000013810	7264	6408	7031	4798
ENSG00000014123	2084	2210	1884	1771
ENSG00000014138	2080	2667	1942	2204
ENSG00000014164	1300	1351	1241	1148
ENSG00000014216	8574	9180	7324	8926
ENSG00000014641	6697	6577	5699	5498
ENSG00000014824	2965	3508	2507	2765
ENSG00000014914	21	20	21	19
ENSG00000014919	1632	1903	1530	1531
ENSG00000015133	4905	4685	4734	3557
ENSG00000015153	764	830	760	707
ENSG00000015171	1471	1683	1383	1370
ENSG00000015285	7188	10487	6321	10593
ENSG00000015413	7	1	0	2
ENSG00000015475	1055	1220	1006	1182
ENSG00000015479	12754	13372	12227	9987
ENSG00000015520	0	0	0	2
ENSG00000015532	1574	1681	1466	1474
ENSG00000015568	269	91	431	137
ENSG00000015592	0	3	2	2
ENSG00000015676	4168	4134	3607	3614
ENSG00000016391	16148	16147	9554	13514
ENSG00000016402	0	0	0	1
ENSG00000016864	1787	1585	1520	1312
ENSG00000017260	11073	10013	8367	6264
ENSG00000017427	0	2	0	0
ENSG00000017483	3786	6072	3024	6048
ENSG00000017797	5566	6439	5218	5520
ENSG00000018189	303	370	243	282
ENSG00000018280	8	6	6	15
ENSG00000018408	614	588	482	525
ENSG00000018510	4757	4933	4185	3785
ENSG00000018610	926	1279	730	1146
ENSG00000018625	0	0	0	0
ENSG00000018699	1944	2056	1697	1400
ENSG00000018869	35	20	28	15
ENSG00000019144	41	62	17	49
ENSG00000019186	3	1	0	0
ENSG00000019485	371	279	276	229
ENSG00000019549	0	3	0	0
ENSG00000019582	158180	132741	145582	111980
ENSG00000019991	0	2	0	0
ENSG00000019995	1148	1230	1053	1074
ENSG00000020129	1981	1776	1771	1491
ENSG00000020181	35	39	28	38
ENSG00000020256	818	921	710	598
ENSG00000020426	984	1191	972	1055
ENSG00000020577	81	152	118	137
ENSG00000020633	14957	13696	14019	11683
ENSG00000020922	1943	2187	1767	1600
ENSG00000021300	114	61	116	60
ENSG00000021355	1991	1810	1667	1902
ENSG00000021574	1689	1469	1309	1184
ENSG00000021645	12	1	4	0
ENSG00000021762	70	66	69	153
ENSG00000021776	3214	3634	3148	2936
ENSG00000021826	4	4	0	1
ENSG00000022267	40	15	23	3
ENSG00000022277	4921	4536	4711	3826
ENSG00000022355	0	0	0	0
ENSG00000022556	3472	3603	3114	2982
ENSG00000022567	523	429	520	402
ENSG00000022840	8525	8936	7499	7850
ENSG00000022976	364	421	400	340
ENSG00000023041	1204	1566	1247	1169
ENSG00000023171	3985	4285	3296	3687
ENSG00000023191	7483	8064	6490	6548
ENSG00000023228	5058	5917	4394	4790
ENSG00000023287	2639	3408	2301	2754
ENSG00000023318	2573	2648	2314	2071
ENSG00000023330	7120	8851	5853	9366
ENSG00000023445	10168	12148	9552	10659
ENSG00000023516	4350	4863	3949	4017
ENSG00000023572	679	922	604	636
ENSG00000023608	495	645	480	509
ENSG00000023697	879	727	640	629
ENSG00000023734	7412	8088	6382	6679
ENSG00000023839	0	9	4	2
ENSG00000023892	4603	4189	3967	3356
ENSG00000023902	3807	2645	3760	2046
ENSG00000023909	1965	1999	1681	1501
ENSG00000024048	3148	2711	2639	2195
ENSG00000024422	0	0	2	0
ENSG00000024526	1893	2290	1785	1850
ENSG00000024862	955	782	751	767
ENSG00000025039	11	8	8	6
ENSG00000025156	609	842	608	677
ENSG00000025293	3119	3141	3083	2768
ENSG00000025423	34	29	13	28
ENSG00000025434	228	156	165	120
ENSG00000025708	648	697	479	624
ENSG00000025770	2769	2954	2873	2457
ENSG00000025772	1978	2084	1716	1603
ENSG00000025796	4166	4698	3864	3447
ENSG00000025800	3796	4044	3590	3221
ENSG00000026025	165959	168261	138846	130972
ENSG00000026036	66	112	121	130
ENSG00000026103	3098	2871	2736	2248
ENSG00000026297	1188	1516	967	1049
ENSG00000026508	31084	28402	23954	24993
ENSG00000026559	102	329	41	710
ENSG00000026652	839	505	616	377
ENSG00000026751	501	453	469	464
ENSG00000026950	1700	1670	1646	1464
ENSG00000027001	893	915	746	793
ENSG00000027075	7285	6099	7218	4648
ENSG00000027697	776	803	733	745
ENSG00000027847	581	610	548	588
ENSG00000027869	2245	1950	2415	1782
ENSG00000028116	1137	1161	997	818
ENSG00000028137	26350	25894	25482	24384
ENSG00000028203	2059	2375	1743	2046
ENSG00000028277	2864	2705	2739	2893
ENSG00000028310	1788	2108	1758	1593
ENSG00000028528	4850	4583	4255	3668
ENSG00000028839	976	1021	898	877
ENSG00000029153	2555	3025	2423	2343
ENSG00000029363	8669	8789	7791	6768
ENSG00000029364	2686	2724	2569	2045
ENSG00000029534	1174	2729	467	3322
ENSG00000029639	879	1011	815	726
ENSG00000029725	5408	5562	4477	4183
ENSG00000029993	2290	3440	2005	3388
ENSG00000030066	4101	3960	3852	3022
ENSG00000030110	3341	3252	2768	2957
ENSG00000030419	7279	9360	6762	9367
ENSG00000030582	4466	3786	3770	3615
ENSG00000031003	1069	1123	1001	848
ENSG00000031081	3342	2599	2860	2187
ENSG00000031691	529	597	564	482
ENSG00000031698	9571	10633	8369	8129
ENSG00000031823	3917	3938	3216	3220
ENSG00000032219	1476	1378	1511	1159
ENSG00000032389	2089	1821	1834	1434
ENSG00000032444	11569	11806	9834	10872
ENSG00000032742	152	211	167	180
ENSG00000033011	1428	1399	1131	1050
ENSG00000033030	1391	1429	1146	1051
ENSG00000033050	5274	5519	4543	4231
ENSG00000033100	2198	2238	2025	1945
ENSG00000033170	5211	4692	4767	3791
ENSG00000033178	2706	2710	2336	2261
ENSG00000033327	2648	2714	2554	2427
ENSG00000033627	831	614	536	420
ENSG00000033800	1419	1343	1358	1186
ENSG00000033867	11127	9377	9094	6306
ENSG00000034053	0	0	1	0
ENSG00000034152	5775	5270	4642	4062
ENSG00000034510	80037	71646	71994	65800
ENSG00000034533	404	438	443	388
ENSG00000034677	1844	1961	1825	1827
ENSG00000034693	477	671	486	539
ENSG00000034713	2526	2513	2177	2296
ENSG00000034971	0	0	0	2
ENSG00000035115	481	512	341	326
ENSG00000035141	3407	4277	2933	3327
ENSG00000035403	1859	1612	1751	1213
ENSG00000035499	1041	1043	1109	840
ENSG00000035664	148	90	221	78
ENSG00000035681	3481	4371	3140	3350
ENSG00000035687	4655	4296	3991	3478
ENSG00000035720	219	110	304	29
ENSG00000035862	50	33	84	65
ENSG00000035928	4569	4572	4410	3401
ENSG00000036054	1592	1580	1376	1266
ENSG00000036257	4439	4674	3755	3545
ENSG00000036448	62	61	56	207
ENSG00000036530	0	0	0	1
ENSG00000036549	1837	2082	1688	1484
ENSG00000036672	9	25	12	26
ENSG00000036828	26	8	0	0
ENSG00000037042	174	110	131	118
ENSG00000037241	1413	1524	1317	1190
ENSG00000037280	6	0	1	0
ENSG00000037474	6662	7131	5691	5076
ENSG00000037637	1377	1579	1205	1216
ENSG00000037749	645	646	588	549
ENSG00000037757	1068	1380	1080	1108
ENSG00000037897	756	725	677	515
ENSG00000037965	5	4	0	5
ENSG00000038002	663	902	659	848
ENSG00000038210	3880	4817	3219	4227
ENSG00000038219	3381	3831	3836	3212
ENSG00000038274	6996	6095	5781	5329
ENSG00000038295	1	4	0	0
ENSG00000038358	4206	4536	3872	3531
ENSG00000038382	1742	2031	1804	1567
ENSG00000038532	2450	3057	1904	3602
ENSG00000039068	0	0	0	1
ENSG00000039123	4519	4897	4324	3634
ENSG00000039139	3	3	0	1
ENSG00000039319	409	541	360	459
ENSG00000039523	785	1131	761	858
ENSG00000039560	435	21	162	8
ENSG00000039600	0	0	0	4
ENSG00000039650	1213	1209	1091	1013
ENSG00000040199	788	1100	686	1081
ENSG00000040275	1436	1477	1227	1089
ENSG00000040341	3020	3530	2738	2640
ENSG00000040487	302	274	251	288
ENSG00000040531	824	756	690	715
ENSG00000040608	27	20	22	27
ENSG00000040633	2270	2068	2046	1706
ENSG00000040933	2058	1790	1958	1816
ENSG00000041357	6864	7804	5976	6152
ENSG00000041515	0	2	0	0
ENSG00000041802	3331	3701	3074	2853
ENSG00000041880	1278	1339	1086	1000
ENSG00000041982	2	0	0	0
ENSG00000041988	462	539	418	434
ENSG00000042062	1	0	1	1
ENSG00000042088	2429	2421	2299	1818
ENSG00000042286	1895	2531	1555	2241
ENSG00000042317	161	178	102	149
ENSG00000042429	1589	1794	1319	1507
ENSG00000042445	2862	3422	2207	3145
ENSG00000042493	5384	5287	4085	5774
ENSG00000042753	2425	2643	2191	2428
ENSG00000042832	22	30	28	12
ENSG00000043039	86	15	24	2
ENSG00000043093	3044	3189	2854	2617
ENSG00000043143	6785	7398	5719	6860
ENSG00000043355	36	49	43	29
ENSG00000043462	13959	13621	11635	11412
ENSG00000043514	869	1016	749	766
ENSG00000043591	5	8	2	38
ENSG00000044090	1145	1319	1034	1068
ENSG00000044115	4016	5634	4172	5464
ENSG00000044446	1156	1834	976	1796
ENSG00000044459	3	0	0	0
ENSG00000044574	33464	38982	28575	31248
ENSG00000046604	3	0	0	0
ENSG00000046647	493	848	433	693
ENSG00000046651	542	895	454	836
ENSG00000046653	0	0	0	0
ENSG00000047056	1193	1159	1013	927
ENSG00000047188	1215	1603	1186	1218
ENSG00000047230	672	1128	525	1229
ENSG00000047249	1265	1293	1025	1112
ENSG00000047315	7656	7393	7013	5491
ENSG00000047346	730	889	738	710
ENSG00000047365	2206	2043	2107	1700
ENSG00000047410	11481	11987	11051	8553
ENSG00000047457	0	1	0	0
ENSG00000047578	663	726	644	583
ENSG00000047579	668	738	509	582
ENSG00000047597	53	46	36	40
ENSG00000047617	0	4	0	0
ENSG00000047621	667	765	645	592
ENSG00000047634	7	0	8	0
ENSG00000047644	4375	4949	3906	4635
ENSG00000047648	2	20	0	10
ENSG00000047662	0	1	1	1
ENSG00000047849	26553	25795	22610	19716
ENSG00000047932	2159	2683	1896	2138
ENSG00000048028	1774	1972	1759	1691
ENSG00000048052	2913	522	463	425
ENSG00000048140	5265	3897	4749	3320
ENSG00000048162	2512	2708	2153	2130
ENSG00000048342	0	0	0	3
ENSG00000048392	2138	2870	1878	2950
ENSG00000048405	1256	1332	1149	1103
ENSG00000048471	951	701	682	511
ENSG00000048540	2	0	0	0
ENSG00000048544	2627	2661	2287	2005
ENSG00000048649	2866	3046	2821	2458
ENSG00000048707	1736	1612	1795	1609
ENSG00000048740	10863	10645	9972	8668
ENSG00000048828	16617	18529	14744	16275
ENSG00000048991	3434	3324	2926	2500
ENSG00000049089	5169	4626	4262	4089
ENSG00000049130	8	24	11	19
ENSG00000049167	416	463	396	264
ENSG00000049192	124	175	104	165
ENSG00000049239	2540	2838	2358	2912
ENSG00000049245	1038	1208	963	1246
ENSG00000049246	72	53	64	24
ENSG00000049249	10398	4921	9737	3158
ENSG00000049283	2	3	1	10
ENSG00000049323	10	5	16	10
ENSG00000049449	3268	3871	2611	2957
ENSG00000049540	1	6	0	1
ENSG00000049541	2835	3147	2583	2579
ENSG00000049618	4508	3998	3978	2967
ENSG00000049656	4968	5392	4570	4593
ENSG00000049759	930	1081	863	893
ENSG00000049768	2519	10700	1559	13354
ENSG00000049769	679	1094	474	1240
ENSG00000049860	2641	3018	2371	2551
ENSG00000049883	482	542	414	433
ENSG00000050130	987	1205	912	1038
ENSG00000050165	0	0	0	0
ENSG00000050327	587	440	365	326
ENSG00000050344	1987	1721	2041	1882
ENSG00000050393	1360	1405	1282	1045
ENSG00000050405	2852	6075	2068	6141
ENSG00000050426	1131	1150	939	909
ENSG00000050438	514	633	426	537
ENSG00000050555	1	0	0	2
ENSG00000050628	10700	9242	9185	6300
ENSG00000050730	178	173	147	118
ENSG00000050748	2355	2819	1967	2399
ENSG00000050767	3	9	3	14
ENSG00000050820	48	11	79	5
ENSG00000051009	599	576	563	568
ENSG00000051108	4077	4389	3483	3057
ENSG00000051128	134	77	62	76
ENSG00000051180	1465	1491	1624	1182
ENSG00000051341	1903	2302	2046	1662
ENSG00000051382	1550	2151	1336	1763
ENSG00000051523	7338	6869	6445	6731
ENSG00000051596	4125	4323	3588	3138
ENSG00000051620	1474	1845	1353	1485
ENSG00000051825	1789	1888	1646	1350
ENSG00000052126	733	984	598	706
ENSG00000052344	0	1	0	0
ENSG00000052723	1435	1530	1294	1276
ENSG00000052749	3013	3795	2774	2847
ENSG00000052795	2800	3267	2625	2190
ENSG00000052802	5324	4924	4887	3838
ENSG00000052841	1681	1659	1457	1157
ENSG00000052850	0	0	0	3
ENSG00000053108	12	7	13	11
ENSG00000053254	3736	3571	3424	3380
ENSG00000053371	1832	1633	1779	1505
ENSG00000053372	4773	5047	4207	3998
ENSG00000053501	684	651	678	579
ENSG00000053524	293	249	237	166
ENSG00000053747	4	1	0	0
ENSG00000053770	1865	1709	1542	1557
ENSG00000053900	1163	1347	954	970
ENSG00000053918	14	36	6	10
ENSG00000054116	2622	2878	2196	2457
ENSG00000054118	11397	11840	11128	8908
ENSG00000054148	2245	2381	1963	2149
ENSG00000054179	0	0	0	0
ENSG00000054219	2901	2252	2756	1473
ENSG00000054267	2681	2692	2557	2209
ENSG00000054277	457	308	381	211
ENSG00000054282	578	532	470	487
ENSG00000054356	7	4	8	5
ENSG00000054392	41	52	27	34
ENSG00000054523	2891	3153	2178	3094
ENSG00000054598	25	38	18	40
ENSG00000054611	2452	2251	2294	1696
ENSG00000054654	1554	1417	2199	1654
ENSG00000054690	12	28	16	49
ENSG00000054793	904	405	500	180
ENSG00000054965	1890	1653	1616	1545
ENSG00000054967	968	1114	980	849
ENSG00000054983	385	393	336	334
ENSG00000055044	6006	7712	6256	5464
ENSG00000055070	12051	12260	10627	9996
ENSG00000055118	0	2	1	1
ENSG00000055130	4423	5047	3760	4073
ENSG00000055147	991	1250	944	984
ENSG00000055163	17742	17844	15999	14941
ENSG00000055208	10757	10543	9948	8168
ENSG00000055211	873	1039	760	898
ENSG00000055332	3849	4791	3227	4139
ENSG00000055483	2821	2971	2701	2382
ENSG00000055609	2706	2773	2912	2517
ENSG00000055732	0	0	0	1
ENSG00000055813	113	220	81	35
ENSG00000055917	7958	7721	7495	6187
ENSG00000055950	1611	1696	1419	1509
ENSG00000055955	54	70	33	31
ENSG00000056050	1070	1375	1071	1180
ENSG00000056097	6375	6305	5370	4776
ENSG00000056277	332	525	337	526
ENSG00000056487	0	0	1	0
ENSG00000056558	10091	10144	9176	9047
ENSG00000056586	2271	2367	2020	1973
ENSG00000056736	13391	28530	7201	26837
ENSG00000056972	101	290	37	296
ENSG00000056998	0	2	0	0
ENSG00000057019	43	48	17	61
ENSG00000057149	0	1	0	2
ENSG00000057252	3249	3430	3209	2777
ENSG00000057468	0	0	1	0
ENSG00000057608	15709	17675	13326	14248
ENSG00000057657	5279	6016	4646	5631
ENSG00000057663	1608	1715	1413	1387
ENSG00000057704	3	33	2	28
ENSG00000057757	2723	2901	2417	2488
ENSG00000057935	1026	931	802	766
ENSG00000058056	2481	2444	2419	1874
ENSG00000058063	8373	8547	7616	6733
ENSG00000058085	3	18	3	10
ENSG00000058091	0	0	0	0
ENSG00000058262	18134	20095	15086	16688
ENSG00000058272	5579	6811	5024	5606
ENSG00000058335	6	13	3	9
ENSG00000058404	8	23	21	16
ENSG00000058453	718	661	701	487
ENSG00000058600	2801	2870	2417	2042
ENSG00000058668	10883	9294	10451	7636
ENSG00000058673	5321	5661	4764	4224
ENSG00000058729	1131	1331	1054	1012
ENSG00000058799	510	596	492	503
ENSG00000058804	3236	3488	3028	2550
ENSG00000058866	0	9	1	1
ENSG00000059122	2347	3909	2117	3682
ENSG00000059145	548	494	519	439
ENSG00000059377	1509	1554	1256	1277
ENSG00000059378	1528	1796	1150	1468
ENSG00000059573	7789	7622	6940	5554
ENSG00000059588	1862	2325	1677	1710
ENSG00000059691	762	706	680	595
ENSG00000059728	610	514	695	376
ENSG00000059758	1753	1735	1382	1493
ENSG00000059769	220	253	215	195
ENSG00000059804	9188	8114	8828	7301
ENSG00000059915	320	135	262	66
ENSG00000060069	2379	2408	2090	1873
ENSG00000060138	7319	6096	6327	4194
ENSG00000060140	90	6	83	11
ENSG00000060237	15490	15095	14410	11401
ENSG00000060339	4528	5689	4602	4324
ENSG00000060491	4532	4993	4138	4055
ENSG00000060558	10553	16759	9505	16651
ENSG00000060566	140	140	39	75
ENSG00000060642	561	503	489	395
ENSG00000060656	30	35	14	105
ENSG00000060688	3732	3500	3318	2937
ENSG00000060709	27	115	5	47
ENSG00000060749	1139	1359	1060	1071
ENSG00000060762	509	779	537	710
ENSG00000060971	3627	3498	2869	3119
ENSG00000060982	12507	12148	10846	6402
ENSG00000061273	8404	6908	7750	5178
ENSG00000061337	17	79	14	135
ENSG00000061455	0	0	0	1
ENSG00000061656	39	57	40	38
ENSG00000061676	675	1408	420	1467
ENSG00000061794	2668	3051	2339	2318
ENSG00000061918	0	0	0	0
ENSG00000061936	2390	2609	2346	1837
ENSG00000061938	4200	3609	3883	2630
ENSG00000061987	1432	1666	1373	1395
ENSG00000062194	3805	3789	3358	3097
ENSG00000062282	171	169	109	107
ENSG00000062485	10096	11383	8861	9138
ENSG00000062524	20	100	2	98
ENSG00000062582	2173	2377	1887	2069
ENSG00000062598	3119	2697	2738	2471
ENSG00000062650	4811	4845	4201	3699
ENSG00000062716	2661	3971	2568	3187
ENSG00000062725	1681	1719	1427	1335
ENSG00000062822	5317	5606	5265	4188
ENSG00000063046	33856	29345	30411	22346
ENSG00000063127	6	3	7	9
ENSG00000063169	679	749	796	704
ENSG00000063176	1197	1184	996	963
ENSG00000063177	30416	30300	27141	24632
ENSG00000063180	446	394	394	343
ENSG00000063241	2632	2844	2223	2513
ENSG00000063244	12833	14464	10952	11349
ENSG00000063245	2995	3396	2802	2886
ENSG00000063322	2113	1824	1706	1721
ENSG00000063438	834	777	796	509
ENSG00000063515	1	0	0	0
ENSG00000063587	1153	1319	899	1169
ENSG00000063601	3096	3462	2206	3280
ENSG00000063660	335	610	214	987
ENSG00000063761	229	262	218	271
ENSG00000063854	1517	1729	1279	1585
ENSG00000063978	4615	4781	4172	3939
ENSG00000064012	1898	2072	1685	1870
ENSG00000064042	1	0	0	0
ENSG00000064102	2145	2622	1984	2080
ENSG00000064115	1600	1811	1527	1672
ENSG00000064195	2	0	1	0
ENSG00000064199	77	77	57	71
ENSG00000064201	325	330	347	367
ENSG00000064205	1	0	0	0
ENSG00000064270	0	0	0	1
ENSG00000064300	28	25	16	15
ENSG00000064309	55	55	50	32
ENSG00000064313	2177	2628	1989	1996
ENSG00000064393	7284	6249	6725	6540
ENSG00000064419	4696	4694	4277	3608
ENSG00000064489	361	358	314	299
ENSG00000064490	2067	2183	1676	2057
ENSG00000064545	787	977	745	729
ENSG00000064547	317	391	378	438
ENSG00000064601	2340	2286	1863	2076
ENSG00000064607	1316	2431	1332	1643
ENSG00000064651	1507	1804	1099	1541
ENSG00000064652	245	376	225	326
ENSG00000064655	1	3	1	2
ENSG00000064666	8692	12417	6960	12152
ENSG00000064687	564	628	603	545
ENSG00000064692	0	0	0	0
ENSG00000064703	1084	1242	1001	877
ENSG00000064726	4133	4432	3834	3392
ENSG00000064763	492	1000	526	801
ENSG00000064787	29	14	3	30
ENSG00000064886	24	24	6	53
ENSG00000064932	3662	3588	3122	3031
ENSG00000064933	1172	1552	1109	1120
ENSG00000064961	4293	3525	3744	2845
ENSG00000064989	110	33	55	11
ENSG00000064995	1101	1282	1127	1098
ENSG00000064999	955	867	821	763
ENSG00000065000	9757	10649	8825	8539
ENSG00000065029	1535	1654	1380	1394
ENSG00000065054	39	72	31	55
ENSG00000065057	1127	1211	994	932
ENSG00000065060	1217	1523	1137	1196
ENSG00000065135	6089	5931	5397	4740
ENSG00000065150	13703	15346	12377	10653
ENSG00000065154	3143	3467	2909	2926
ENSG00000065183	3993	4737	3597	3347
ENSG00000065243	623	766	611	611
ENSG00000065268	3084	2757	3038	1982
ENSG00000065308	2049	2515	1834	2105
ENSG00000065320	38	17	17	11
ENSG00000065328	1874	2405	2017	1878
ENSG00000065357	3707	2770	3244	1881
ENSG00000065361	4	1	7	3
ENSG00000065413	6100	5917	5293	4953
ENSG00000065427	11963	12035	10529	9067
ENSG00000065457	741	779	629	689
ENSG00000065485	590	849	399	626
ENSG00000065491	1329	1337	1168	979
ENSG00000065518	5036	5673	4284	5256
ENSG00000065526	5664	5574	6102	4691
ENSG00000065534	83	69	76	65
ENSG00000065548	4939	5766	4499	4322
ENSG00000065559	3000	3202	2685	2404
ENSG00000065600	673	692	594	580
ENSG00000065609	0	0	0	0
ENSG00000065613	3287	3708	3077	3201
ENSG00000065615	1582	1870	1485	1389
ENSG00000065621	11	2	9	4
ENSG00000065665	220	253	177	225
ENSG00000065675	1702	1281	1931	1029
ENSG00000065717	61	175	41	245
ENSG00000065802	1751	2066	1561	1777
ENSG00000065809	14184	14506	12272	10228
ENSG00000065833	43	40	60	38
ENSG00000065882	1615	1206	1655	793
ENSG00000065883	3323	3128	2919	2427
ENSG00000065911	15524	15257	13624	11634
ENSG00000065923	2314	3672	1708	3044
ENSG00000065970	1303	1441	1271	1218
ENSG00000065978	52220	61026	46884	47367
ENSG00000065989	2544	2752	2984	2062
ENSG00000066027	2973	2863	2594	2370
ENSG00000066044	7988	8700	7083	6684
ENSG00000066056	373	145	317	50
ENSG00000066084	2040	2016	1739	1654
ENSG00000066117	4167	4058	3827	3372
ENSG00000066135	3093	2916	2504	2438
ENSG00000066136	2507	2462	2186	2068
ENSG00000066185	5	6	6	8
ENSG00000066230	177	192	189	156
ENSG00000066248	4	4	0	0
ENSG00000066279	4918	4685	5622	3533
ENSG00000066294	2543	1904	2281	2046
ENSG00000066322	3527	3572	2963	3399
ENSG00000066379	1066	1138	1039	900
ENSG00000066405	0	0	0	0
ENSG00000066422	2735	2759	2496	1914
ENSG00000066427	838	695	789	536
ENSG00000066455	1450	1529	1249	1260
ENSG00000066468	14	102	3	92
ENSG00000066557	1427	1486	1244	1180
ENSG00000066583	1569	1837	1220	1528
ENSG00000066629	4	25	5	8
ENSG00000066651	459	588	482	506
ENSG00000066654	3436	3984	3219	3491
ENSG00000066697	761	1043	734	808
ENSG00000066735	4254	4378	3644	3392
ENSG00000066739	1783	2164	1720	1662
ENSG00000066777	3778	4088	3441	3453
ENSG00000066813	0	10	4	3
ENSG00000066827	447	408	448	336
ENSG00000066855	601	719	499	634
ENSG00000066923	12	12	14	20
ENSG00000066926	1743	1938	1637	1623
ENSG00000066933	1542	1582	1480	1295
ENSG00000067048	4271	3921	3720	2876
ENSG00000067057	15365	17770	13151	15413
ENSG00000067064	8409	8823	7828	6310
ENSG00000067066	4578	4500	4156	3272
ENSG00000067082	2779	4173	3019	3659
ENSG00000067113	327	244	339	148
ENSG00000067141	532	587	302	795
ENSG00000067167	6928	6144	5963	5181
ENSG00000067177	268	1124	249	1168
ENSG00000067182	1732	1674	1763	1419
ENSG00000067191	408	496	435	351
ENSG00000067208	195	212	91	161
ENSG00000067221	297	420	343	396
ENSG00000067225	129341	126655	118413	106461
ENSG00000067248	1669	1915	1361	1519
ENSG00000067334	4464	4695	3896	3516
ENSG00000067365	432	405	373	385
ENSG00000067369	4648	4396	4171	3480
ENSG00000067445	62	74	75	3
ENSG00000067533	1396	1716	1151	1239
ENSG00000067560	41681	41726	36594	37170
ENSG00000067596	3156	2993	2808	2576
ENSG00000067601	39	49	34	30
ENSG00000067606	6	0	6	3
ENSG00000067646	827	777	752	630
ENSG00000067704	6481	7531	5506	6204
ENSG00000067829	2593	3540	2059	3551
ENSG00000067836	252	196	168	152
ENSG00000067840	4	0	6	1
ENSG00000067842	0	1	1	0
ENSG00000067900	7838	7743	7342	6034
ENSG00000067955	8527	8336	8052	6704
ENSG00000067992	847	1151	747	973
ENSG00000068001	1101	1285	950	981
ENSG00000068024	926	931	881	849
ENSG00000068028	2425	2844	2221	2351
ENSG00000068078	69	24	73	47
ENSG00000068079	1351	1320	1175	1239
ENSG00000068097	1161	1206	1076	986
ENSG00000068120	3819	3877	3407	3183
ENSG00000068137	468	227	216	135
ENSG00000068305	1404	1375	1176	1105
ENSG00000068308	3721	5643	3115	5941
ENSG00000068323	3063	4950	2744	5004
ENSG00000068354	2096	2819	1743	2775
ENSG00000068366	11603	23158	9096	25064
ENSG00000068383	124	134	108	114
ENSG00000068394	1573	1988	1252	1945
ENSG00000068400	3502	5077	3113	4785
ENSG00000068438	2695	4261	2341	3929
ENSG00000068489	2990	2480	2783	2170
ENSG00000068615	0	0	0	0
ENSG00000068650	2498	2723	2306	2259
ENSG00000068654	5047	5678	4766	4142
ENSG00000068697	1969	1979	1615	1836
ENSG00000068724	5827	5259	4946	4424
ENSG00000068745	3111	3153	2729	2814
ENSG00000068781	77	46	80	35
ENSG00000068784	1212	1128	1102	836
ENSG00000068796	8160	11074	7403	9856
ENSG00000068831	688	625	741	531
ENSG00000068878	5243	7020	4782	5481
ENSG00000068885	833	825	735	727
ENSG00000068903	1707	1953	1364	1771
ENSG00000068912	2918	3284	2442	2700
ENSG00000068971	980	969	899	888
ENSG00000068976	11	40	23	23
ENSG00000069011	1	3	0	3
ENSG00000069020	1028	1071	1068	922
ENSG00000069188	61	13	177	16
ENSG00000069248	2800	3033	2514	2471
ENSG00000069275	14287	14245	14391	10833
ENSG00000069329	6168	6114	5281	4727
ENSG00000069345	5413	5815	4659	4587
ENSG00000069399	1641	1549	1598	1416
ENSG00000069424	17369	17253	15860	13379
ENSG00000069431	0	0	0	0
ENSG00000069482	4	3	3	7
ENSG00000069493	8310	8210	7488	6469
ENSG00000069509	412	511	294	521
ENSG00000069535	13	103	2	175
ENSG00000069667	356	345	466	366
ENSG00000069696	0	0	1	0
ENSG00000069702	768	1089	966	1200
ENSG00000069812	2	7	3	7
ENSG00000069849	8498	9577	7211	7420
ENSG00000069869	164	255	149	236
ENSG00000069943	518	556	397	472
ENSG00000069956	4965	8394	3914	7782
ENSG00000069966	765	947	708	807
ENSG00000069974	8113	6177	7307	4210
ENSG00000069998	1375	1302	1397	1039
ENSG00000070010	2491	2812	2247	2397
ENSG00000070018	6	10	3	17
ENSG00000070019	0	0	0	0
ENSG00000070031	0	1	0	0
ENSG00000070047	4453	4759	3976	3784
ENSG00000070061	2905	3292	2580	2459
ENSG00000070081	937	1401	1008	1330
ENSG00000070087	54	31	42	42
ENSG00000070159	91	64	89	40
ENSG00000070182	0	0	0	0
ENSG00000070190	638	881	425	952
ENSG00000070214	287	294	199	207
ENSG00000070269	319	325	314	277
ENSG00000070366	1473	1381	1396	1231
ENSG00000070367	4731	5180	4227	4210
ENSG00000070371	61	85	59	68
ENSG00000070388	0	0	0	0
ENSG00000070404	526	300	157	273
ENSG00000070413	2558	2393	2157	2031
ENSG00000070423	3482	4073	3159	3379
ENSG00000070444	1111	1169	933	914
ENSG00000070476	845	1017	776	829
ENSG00000070495	1882	2157	1390	1958
ENSG00000070501	792	850	582	768
ENSG00000070526	0	7	0	1
ENSG00000070540	1289	1550	1111	1357
ENSG00000070610	1303	1665	1225	1513
ENSG00000070614	141	318	68	323
ENSG00000070669	4497	4608	4038	2882
ENSG00000070718	2092	1981	1573	1414
ENSG00000070731	42	79	14	167
ENSG00000070756	90853	92127	84762	70873
ENSG00000070759	376	333	211	306
ENSG00000070761	1889	1996	1758	1551
ENSG00000070770	4297	4388	3756	3444
ENSG00000070778	11	14	1	5
ENSG00000070785	1230	1592	1064	1292
ENSG00000070808	13	15	2	11
ENSG00000070814	8846	10453	8160	7760
ENSG00000070831	16153	16944	13509	16511
ENSG00000070882	2120	2047	2418	1867
ENSG00000070915	0	2	0	1
ENSG00000070950	2053	2437	2068	1724
ENSG00000070961	827	909	698	684
ENSG00000070985	0	1	0	3
ENSG00000071051	4363	3544	3962	2780
ENSG00000071054	2409	3581	2290	3172
ENSG00000071073	0	7	2	2
ENSG00000071082	22856	20898	20559	17216
ENSG00000071127	23858	27649	19316	26539
ENSG00000071189	1034	1115	985	863
ENSG00000071205	1274	1484	1053	1110
ENSG00000071242	31	26	6	18
ENSG00000071243	954	918	834	672
ENSG00000071246	2652	2071	2073	1417
ENSG00000071282	2572	1390	2370	879
ENSG00000071462	2802	3099	2583	2618
ENSG00000071537	4263	4434	3885	3766
ENSG00000071539	1796	2023	1624	1291
ENSG00000071553	2755	3637	2159	3948
ENSG00000071564	5337	4975	4940	3672
ENSG00000071575	231	445	238	196
ENSG00000071626	10426	11287	9323	8267
ENSG00000071655	6559	7213	5882	5933
ENSG00000071794	2811	2979	2398	2312
ENSG00000071859	2905	4333	2209	4136
ENSG00000071889	932	1471	691	1368
ENSG00000071894	5060	5636	4915	4406
ENSG00000071909	6	18	1	3
ENSG00000071967	218	191	108	38
ENSG00000071994	4042	3951	3480	2995
ENSG00000072042	4515	4081	4098	3334
ENSG00000072062	3445	3778	3017	3251
ENSG00000072071	86	43	95	55
ENSG00000072110	11720	12498	10134	11611
ENSG00000072121	1182	1020	1108	1007
ENSG00000072134	411	680	453	776
ENSG00000072135	4194	4475	3708	3766
ENSG00000072163	69	19	36	15
ENSG00000072195	0	0	1	0
ENSG00000072201	0	0	1	0
ENSG00000072210	1772	1689	1636	1408
ENSG00000072274	70197	77969	61566	54961
ENSG00000072310	3210	4833	2646	5080
ENSG00000072364	2065	2840	1884	2458
ENSG00000072401	953	1116	747	884
ENSG00000072415	731	718	606	613
ENSG00000072422	1	0	0	0
ENSG00000072501	13723	18387	12028	15791
ENSG00000072506	4611	5965	3805	5633
ENSG00000072518	2408	2260	2181	2000
ENSG00000072571	3116	3506	3054	3061
ENSG00000072609	2473	2404	2088	2085
ENSG00000072682	598	582	590	666
ENSG00000072694	0	0	0	0
ENSG00000072736	6143	4799	6414	4066
ENSG00000072756	1732	1909	1503	1372
ENSG00000072778	8264	9069	6754	7104
ENSG00000072786	12332	11228	11394	10871
ENSG00000072803	3094	3220	2541	2436
ENSG00000072818	7825	8225	7232	7326
ENSG00000072832	3425	6730	1587	7630
ENSG00000072840	1464	1077	1309	871
ENSG00000072849	1180	1284	1002	998
ENSG00000072858	809	391	705	145
ENSG00000072864	2725	2501	2517	1945
ENSG00000072954	15	29	18	48
ENSG00000072958	5167	4864	4811	4101
ENSG00000073008	603	861	481	762
ENSG00000073050	2125	1719	1772	1530
ENSG00000073060	1792	1871	1246	1422
ENSG00000073111	18773	20265	18526	16040
ENSG00000073146	0	2	0	0
ENSG00000073150	157	188	96	175
ENSG00000073169	656	965	685	797
ENSG00000073282	146	108	165	26
ENSG00000073331	43	13	26	5
ENSG00000073350	93	122	115	128
ENSG00000073417	823	1018	662	761
ENSG00000073464	986	1441	896	1454
ENSG00000073536	1828	1925	1596	1449
ENSG00000073578	9073	9772	7978	8547
ENSG00000073584	7159	6759	6327	5358
ENSG00000073598	5	1	0	1
ENSG00000073605	119	343	132	318
ENSG00000073614	4381	3977	4406	3436
ENSG00000073670	4	3	4	3
ENSG00000073711	3	1	4	0
ENSG00000073712	414	235	107	191
ENSG00000073754	0	0	0	0
ENSG00000073756	857	1646	910	2289
ENSG00000073792	0	0	0	0
ENSG00000073803	768	945	779	697
ENSG00000073849	2554	1085	2493	1248
ENSG00000073861	2310	1967	2797	2166
ENSG00000073905	14	10	7	3
ENSG00000073910	639	526	472	548
ENSG00000073921	8688	10256	7296	8699
ENSG00000073969	2401	2922	1941	2962
ENSG00000074047	4	3	2	1
ENSG00000074054	3413	3466	3432	2908
ENSG00000074071	5523	6252	5008	4703
ENSG00000074181	0	1	0	0
ENSG00000074201	3800	4409	3453	3406
ENSG00000074211	15	20	4	25
ENSG00000074219	0	0	1	2
ENSG00000074266	5830	5411	4649	3902
ENSG00000074276	5	5	0	0
ENSG00000074317	42	2	21	6
ENSG00000074319	2425	2858	2162	2445
ENSG00000074356	2516	2478	2238	1835
ENSG00000074370	10519	9776	9808	8216
ENSG00000074410	4	0	0	0
ENSG00000074416	2572	2651	2099	1242
ENSG00000074527	1	0	0	0
ENSG00000074582	1069	1355	928	1079
ENSG00000074590	0	3	1	6
ENSG00000074603	2356	2400	2291	2033
ENSG00000074621	100	131	82	98
ENSG00000074657	70	26	33	40
ENSG00000074660	73	38	34	33
ENSG00000074695	10610	11107	9503	8644
ENSG00000074696	2524	3677	2193	3106
ENSG00000074706	759	1113	717	772
ENSG00000074755	4189	4120	3970	3739
ENSG00000074800	132659	152154	126557	138408
ENSG00000074803	0	0	0	0
ENSG00000074842	3404	3719	2696	3013
ENSG00000074855	226	383	201	416
ENSG00000074935	636	787	521	592
ENSG00000074964	0	0	0	0
ENSG00000074966	575	194	466	72
ENSG00000075035	31	45	2	51
ENSG00000075043	54	12	81	33
ENSG00000075089	1159	1232	937	965
ENSG00000075131	918	1165	836	816
ENSG00000075142	6048	5706	4845	4477
ENSG00000075151	6658	6537	5928	4992
ENSG00000075188	1957	2261	1793	1759
ENSG00000075213	70	2	36	17
ENSG00000075218	2184	2062	2370	1602
ENSG00000075223	0	0	0	0
ENSG00000075234	1626	1520	1341	1393
ENSG00000075239	5423	6759	4815	5311
ENSG00000075240	782	450	677	304
ENSG00000075275	20	0	4	0
ENSG00000075290	8	14	45	9
ENSG00000075292	3600	3884	3312	3035
ENSG00000075303	1620	1619	1560	1348
ENSG00000075336	963	1228	823	977
ENSG00000075340	13	5	3	20
ENSG00000075391	1	0	0	0
ENSG00000075399	164	168	130	126
ENSG00000075407	1385	1374	1245	1077
ENSG00000075413	3094	3284	2903	2580
ENSG00000075415	23491	24112	20352	19669
ENSG00000075420	798	751	669	707
ENSG00000075426	2663	3119	2418	2968
ENSG00000075429	0	0	0	0
ENSG00000075461	14	1	4	1
ENSG00000075539	4187	4628	4453	3740
ENSG00000075568	2348	2495	2249	2298
ENSG00000075618	12779	9048	8476	10004
ENSG00000075624	460054	500910	410943	460430
ENSG00000075643	0	1	1	2
ENSG00000075651	10	56	6	4
ENSG00000075673	1552	1175	2011	692
ENSG00000075702	1088	1126	1043	936
ENSG00000075711	2443	2949	2284	2402
ENSG00000075785	16826	17483	13637	14730
ENSG00000075790	1579	1871	1406	1667
ENSG00000075826	502	1087	500	779
ENSG00000075856	4552	4544	4114	3265
ENSG00000075884	4462	3723	3804	2763
ENSG00000075891	1	0	0	0
ENSG00000075914	3563	4074	3225	3076
ENSG00000075945	2565	2814	2268	2490
ENSG00000075975	2856	2763	2231	1872
ENSG00000076003	11869	12206	10752	9026
ENSG00000076043	2915	3269	2464	2417
ENSG00000076053	1272	1239	1056	1043
ENSG00000076067	206	132	157	254
ENSG00000076108	8159	8534	7428	7164
ENSG00000076201	3427	3370	2918	2725
ENSG00000076242	4181	4679	4027	3715
ENSG00000076248	4449	4854	4089	3651
ENSG00000076258	44	8	26	16
ENSG00000076321	760	838	623	694
ENSG00000076344	0	5	0	11
ENSG00000076351	407	536	305	329
ENSG00000076356	11	2	8	1
ENSG00000076382	3298	3154	3142	2859
ENSG00000076513	2351	2415	2114	2307
ENSG00000076554	1511	1717	1243	1427
ENSG00000076555	314	276	246	204
ENSG00000076604	1689	2022	1428	1796
ENSG00000076641	1223	1307	1165	1034
ENSG00000076650	532	627	497	423
ENSG00000076662	6585	6301	6021	4856
ENSG00000076685	2451	2564	2067	1957
ENSG00000076706	52	257	30	440
ENSG00000076770	919	1354	841	1218
ENSG00000076826	188	71	117	91
ENSG00000076864	6	3	7	7
ENSG00000076924	2958	2762	2889	2428
ENSG00000076928	9282	8796	8604	7289
ENSG00000076944	5284	5454	4785	5129
ENSG00000076984	2203	1960	2117	1510
ENSG00000077009	0	1	1	0
ENSG00000077044	1952	2412	1648	1873
ENSG00000077097	17682	17303	15529	13170
ENSG00000077147	6191	6140	4946	5032
ENSG00000077150	11862	10511	10350	8225
ENSG00000077152	1197	1676	1169	1374
ENSG00000077157	389	421	330	360
ENSG00000077232	3642	4144	3364	2884
ENSG00000077235	5147	5439	4743	4653
ENSG00000077238	11332	8957	10143	6684
ENSG00000077254	2015	2329	1772	1814
ENSG00000077264	41	126	30	108
ENSG00000077274	0	0	0	8
ENSG00000077312	5291	5495	4877	4578
ENSG00000077327	11	5	16	4
ENSG00000077348	1520	1771	1519	1455
ENSG00000077380	3600	3862	3165	3172
ENSG00000077420	893	600	599	81
ENSG00000077454	3724	3816	3312	3215
ENSG00000077458	610	676	565	574
ENSG00000077463	1142	953	1070	833
ENSG00000077514	1771	2101	1838	1569
ENSG00000077522	0	1	1	0
ENSG00000077549	13581	12715	11892	10592
ENSG00000077585	612	539	358	519
ENSG00000077616	0	0	0	0
ENSG00000077684	1560	1566	1438	1155
ENSG00000077713	989	1221	799	1384
ENSG00000077721	3478	5332	2746	5342
ENSG00000077782	1059	1363	940	1196
ENSG00000077935	5	7	8	0
ENSG00000077942	6	3	0	8
ENSG00000077943	48	21	39	6
ENSG00000077984	1823	1496	2103	1670
ENSG00000078018	2	31	36	2
ENSG00000078043	593	740	510	582
ENSG00000078053	0	0	1	0
ENSG00000078061	2840	4479	2297	4363
ENSG00000078070	2605	2902	2183	2271
ENSG00000078081	339	101	207	53
ENSG00000078098	0	0	0	2
ENSG00000078124	1084	1339	826	1392
ENSG00000078140	4698	4926	4063	4139
ENSG00000078142	2037	2176	1917	1668
ENSG00000078177	1153	1230	1052	939
ENSG00000078237	712	999	515	806
ENSG00000078246	607	662	470	536
ENSG00000078269	2365	1694	2322	1723
ENSG00000078304	7078	6702	6547	5111
ENSG00000078319	556	509	476	337
ENSG00000078369	22275	21848	19670	19260
ENSG00000078399	3	0	1	0
ENSG00000078401	1	0	0	0
ENSG00000078403	1043	1166	996	836
ENSG00000078487	31	23	36	26
ENSG00000078589	696	815	724	790
ENSG00000078596	6130	5916	6051	5130
ENSG00000078618	8015	9225	7221	7265
ENSG00000078668	5623	6282	4849	5249
ENSG00000078674	5898	6232	5443	4778
ENSG00000078687	621	680	611	594
ENSG00000078699	642	805	605	650
ENSG00000078747	3253	3229	2802	2510
ENSG00000078795	0	1	0	0
ENSG00000078804	590	475	406	312
ENSG00000078808	7085	7783	6469	7301
ENSG00000078814	0	7	0	3
ENSG00000078900	2459	5228	2249	5209
ENSG00000078902	2245	1953	1777	1718
ENSG00000078967	422	552	425	375
ENSG00000079101	1	0	0	0
ENSG00000079112	3	0	4	7
ENSG00000079134	1220	1299	1135	900
ENSG00000079150	202	240	173	209
ENSG00000079156	299	180	145	120
ENSG00000079215	0	3	0	2
ENSG00000079246	26033	28382	23722	22443
ENSG00000079257	685	608	602	566
ENSG00000079263	2183	2549	1940	2084
ENSG00000079277	1140	1246	1082	1068
ENSG00000079308	1184	1092	1315	970
ENSG00000079313	3140	3047	2900	2428
ENSG00000079332	2545	2664	2321	2027
ENSG00000079335	842	914	946	679
ENSG00000079337	297	126	201	102
ENSG00000079385	2615	2235	2726	1952
ENSG00000079387	1989	1863	1846	1408
ENSG00000079432	5130	5028	4845	4366
ENSG00000079435	820	811	706	683
ENSG00000079459	15093	16083	13886	12267
ENSG00000079462	1251	1349	1095	1016
ENSG00000079482	55	335	34	1103
ENSG00000079557	0	0	0	0
ENSG00000079616	4414	4048	4398	3406
ENSG00000079691	14	5	1	3
ENSG00000079739	4411	4386	4078	3620
ENSG00000079785	5278	5721	4325	4435
ENSG00000079805	10710	10308	9545	8772
ENSG00000079819	1320	463	1362	275
ENSG00000079931	1	0	0	0
ENSG00000079950	791	1048	730	832
ENSG00000079974	987	767	762	570
ENSG00000079999	3827	4360	3534	3770
ENSG00000080166	0	0	0	1
ENSG00000080189	1755	1864	1706	1523
ENSG00000080200	1876	1908	1566	1563
ENSG00000080298	285	253	223	202
ENSG00000080345	5138	5695	4640	4593
ENSG00000080371	4290	3980	3779	3423
ENSG00000080503	40296	35110	33005	26627
ENSG00000080546	680	581	509	627
ENSG00000080561	61	22	6	20
ENSG00000080572	0	0	2	0
ENSG00000080573	17	0	4	0
ENSG00000080603	4040	3537	4190	2624
ENSG00000080608	3037	3823	2551	2633
ENSG00000080644	0	1	0	0
ENSG00000080802	976	973	961	762
ENSG00000080815	2851	2813	2632	2491
ENSG00000080819	8139	6876	7016	5252
ENSG00000080822	11590	11098	10242	9502
ENSG00000080823	19	38	26	42
ENSG00000080824	75143	99299	71180	80550
ENSG00000080839	1892	2389	1913	1966
ENSG00000080845	2362	2032	2047	1918
ENSG00000080854	109	62	112	35
ENSG00000080947	23	60	18	47
ENSG00000080986	1810	1845	1789	1234
ENSG00000081014	1760	1786	1440	1500
ENSG00000081019	1353	1218	1325	1008
ENSG00000081026	507	694	248	738
ENSG00000081041	63	124	41	109
ENSG00000081052	56	2	2	10
ENSG00000081059	125	75	73	50
ENSG00000081087	1402	1658	1148	1737
ENSG00000081148	4	1	1	2
ENSG00000081154	8629	9587	7330	8048
ENSG00000081177	708	966	521	735
ENSG00000081181	241	387	329	724
ENSG00000081189	0	3	0	3
ENSG00000081237	26275	26321	24746	20933
ENSG00000081307	3317	3642	2893	2768
ENSG00000081320	13444	12004	12043	9751
ENSG00000081377	594	738	432	464
ENSG00000081386	501	422	402	299
ENSG00000081479	0	2	0	0
ENSG00000081665	49	25	41	65
ENSG00000081692	1273	1302	1128	1084
ENSG00000081721	691	669	613	495
ENSG00000081760	2614	2965	2401	2832
ENSG00000081791	1854	1680	1607	1487
ENSG00000081853	0	4	2	3
ENSG00000081870	890	1005	841	820
ENSG00000081913	1181	2574	939	2913
ENSG00000081923	0	0	0	0
ENSG00000081985	744	2008	957	1900
ENSG00000082014	43	15	44	6
ENSG00000082068	1157	1139	1037	837
ENSG00000082074	2304	2713	2629	2903
ENSG00000082146	703	1154	573	1224
ENSG00000082153	15195	14203	13396	10760
ENSG00000082196	41	14	25	8
ENSG00000082212	4753	6016	4195	4622
ENSG00000082213	1136	1201	983	943
ENSG00000082258	832	1039	767	762
ENSG00000082269	309	432	236	353
ENSG00000082293	9	81	18	155
ENSG00000082458	2290	3956	2055	3777
ENSG00000082482	0	0	0	0
ENSG00000082512	945	1092	900	696
ENSG00000082515	1573	1694	1298	1327
ENSG00000082516	2272	2656	2023	2049
ENSG00000082641	7021	7222	5662	6021
ENSG00000082684	5	0	1	0
ENSG00000082701	3384	3484	3052	2789
ENSG00000082781	3	16	5	6
ENSG00000082805	1108	1326	944	1304
ENSG00000082898	14153	15474	12683	11216
ENSG00000082996	2094	2060	1793	1654
ENSG00000083067	0	7	2	0
ENSG00000083093	729	908	763	688
ENSG00000083097	436	521	467	430
ENSG00000083099	1471	1648	1452	1263
ENSG00000083123	727	869	614	645
ENSG00000083168	4389	4316	3934	3221
ENSG00000083223	2044	2013	1867	1619
ENSG00000083290	108	220	168	221
ENSG00000083307	0	0	0	0
ENSG00000083312	5834	5917	5083	4773
ENSG00000083444	3630	3934	3381	3639
ENSG00000083454	1326	1677	945	1216
ENSG00000083457	10734	6760	5370	4368
ENSG00000083520	3515	3718	3087	3047
ENSG00000083535	443	546	504	373
ENSG00000083544	829	936	721	761
ENSG00000083635	801	742	699	601
ENSG00000083642	3466	3957	3453	2960
ENSG00000083720	3423	4460	2936	3673
ENSG00000083750	126	248	100	235
ENSG00000083799	11231	9023	9765	6876
ENSG00000083807	626	680	502	534
ENSG00000083812	666	575	594	420
ENSG00000083814	328	328	252	259
ENSG00000083817	180	227	168	192
ENSG00000083828	448	423	466	303
ENSG00000083838	294	283	285	234
ENSG00000083844	733	698	695	678
ENSG00000083845	27503	25648	23665	21038
ENSG00000083857	15	152	12	16
ENSG00000083896	3699	3757	3337	2907
ENSG00000083937	2059	2295	1804	2045
ENSG00000084070	14493	13695	13425	10056
ENSG00000084072	2137	2054	1848	1671
ENSG00000084073	2917	3210	2463	2732
ENSG00000084090	12191	12517	10678	9580
ENSG00000084092	1691	1703	1548	1306
ENSG00000084093	2507	2563	2500	1974
ENSG00000084110	1	2	2	0
ENSG00000084112	3060	3991	2900	4091
ENSG00000084207	12606	12891	11393	10856
ENSG00000084234	3507	4337	2977	4036
ENSG00000084444	207	311	196	343
ENSG00000084463	7235	7381	6484	5807
ENSG00000084623	9311	9893	8240	8590
ENSG00000084628	0	0	0	1
ENSG00000084636	8	17	8	22
ENSG00000084652	5951	7382	5507	5602
ENSG00000084676	3031	3426	2666	2828
ENSG00000084693	894	995	907	794
ENSG00000084710	10	4	5	4
ENSG00000084731	882	889	803	748
ENSG00000084733	5843	6439	5122	4980
ENSG00000084754	12251	12844	11276	10771
ENSG00000084764	68	75	36	103
ENSG00000084774	7011	9231	7635	6725
ENSG00000085063	2773	6021	2242	6356
ENSG00000085117	11388	7917	9809	8342
ENSG00000085185	714	1094	658	1269
ENSG00000085224	6251	8430	5489	8090
ENSG00000085231	1501	1606	1299	1235
ENSG00000085274	856	944	836	773
ENSG00000085365	1206	1188	1013	1091
ENSG00000085377	3861	3910	3456	2991
ENSG00000085382	613	663	605	584
ENSG00000085415	3237	3533	3130	2680
ENSG00000085433	766	907	669	791
ENSG00000085449	1211	1317	1069	1143
ENSG00000085465	1	27	8	10
ENSG00000085491	2815	3093	2657	2560
ENSG00000085511	2426	2181	2000	1561
ENSG00000085514	3	3	0	2
ENSG00000085552	0	0	0	5
ENSG00000085563	473	238	380	46
ENSG00000085644	883	937	831	917
ENSG00000085662	4126	4662	3672	4013
ENSG00000085719	3237	3789	2952	3219
ENSG00000085721	2784	2718	2310	2217
ENSG00000085733	1060	908	687	710
ENSG00000085741	8	0	2	2
ENSG00000085760	1858	2182	1665	1697
ENSG00000085788	1966	1967	1678	1587
ENSG00000085831	11	4	4	6
ENSG00000085832	4632	4146	4226	3014
ENSG00000085840	1473	1922	1394	1669
ENSG00000085871	2410	3053	2058	2564
ENSG00000085872	4369	4725	4026	3453
ENSG00000085978	907	986	711	841
ENSG00000085982	542	760	435	674
ENSG00000085998	2205	2564	1947	2113
ENSG00000085999	1411	1686	1535	1307
ENSG00000086015	2206	2781	2005	2507
ENSG00000086061	15607	16271	13064	13346
ENSG00000086062	6249	5127	4947	4559
ENSG00000086065	2214	2328	1836	1994
ENSG00000086102	2125	2276	2000	1938
ENSG00000086159	1	0	1	0
ENSG00000086189	1746	1803	1512	1447
ENSG00000086200	1970	2197	1805	1555
ENSG00000086232	8503	8106	6976	6790
ENSG00000086288	7	5	10	1
ENSG00000086289	1747	1908	1385	1416
ENSG00000086300	4134	5576	3826	5063
ENSG00000086475	3201	3493	2643	2638
ENSG00000086504	2709	2655	2329	2349
ENSG00000086506	2	1	2	1
ENSG00000086544	551	652	490	638
ENSG00000086570	10	38	0	18
ENSG00000086589	2800	2706	2652	2153
ENSG00000086598	8273	9233	6711	7278
ENSG00000086619	283	277	218	328
ENSG00000086666	1662	1656	1322	1335
ENSG00000086712	1577	2678	1388	2148
ENSG00000086717	1	0	0	0
ENSG00000086730	3589	3268	3011	3286
ENSG00000086758	39661	48662	37064	41433
ENSG00000086827	1224	1579	1051	1235
ENSG00000086848	625	945	739	812
ENSG00000086967	1	0	1	1
ENSG00000087008	694	649	607	633
ENSG00000087053	2725	2800	2455	2125
ENSG00000087074	2204	2678	1943	1913
ENSG00000087076	31	60	35	51
ENSG00000087077	779	960	626	777
ENSG00000087085	0	7	2	7
ENSG00000087086	24012	25023	24462	22545
ENSG00000087087	8686	10550	8110	7948
ENSG00000087088	7174	6683	6008	5682
ENSG00000087095	447	513	399	412
ENSG00000087111	2128	2034	1993	1912
ENSG00000087152	4232	4167	3675	3432
ENSG00000087157	749	1077	715	933
ENSG00000087191	6458	6721	5518	5088
ENSG00000087206	1857	1981	1497	1464
ENSG00000087237	0	0	0	0
ENSG00000087245	29	221	12	77
ENSG00000087250	2	0	0	0
ENSG00000087253	133	426	58	208
ENSG00000087258	551	938	547	848
ENSG00000087263	2972	3623	2821	2600
ENSG00000087266	4556	5014	4238	4257
ENSG00000087269	9399	10413	8074	8149
ENSG00000087274	10806	10776	9411	9049
ENSG00000087299	560	770	581	604
ENSG00000087301	313	436	357	266
ENSG00000087302	5187	5363	4566	3981
ENSG00000087303	35	23	24	3
ENSG00000087338	1762	1712	1712	1449
ENSG00000087365	15479	16311	14212	13199
ENSG00000087448	554	769	552	642
ENSG00000087460	27491	26190	25113	22566
ENSG00000087470	4005	4654	3389	3879
ENSG00000087494	39	15	14	1
ENSG00000087495	0	0	0	0
ENSG00000087502	2060	2173	1876	1716
ENSG00000087510	0	0	0	0
ENSG00000087586	3487	3512	3343	2762
ENSG00000087589	352	247	543	215
ENSG00000087842	392	714	306	660
ENSG00000087884	95	101	102	102
ENSG00000087903	460	264	417	232
ENSG00000087995	1253	1360	1157	1036
ENSG00000088002	2	10	3	7
ENSG00000088035	666	639	504	509
ENSG00000088038	3533	3236	3003	2513
ENSG00000088053	0	1	5	2
ENSG00000088179	1205	887	1169	859
ENSG00000088205	5981	6238	5459	4770
ENSG00000088247	16847	18120	14723	13402
ENSG00000088256	486	729	393	564
ENSG00000088280	13	32	2	56
ENSG00000088298	1279	1418	1091	1297
ENSG00000088305	293	81	198	43
ENSG00000088325	7618	7326	7446	5807
ENSG00000088340	4	0	1	1
ENSG00000088356	1226	1155	1022	998
ENSG00000088367	8	17	20	22
ENSG00000088386	0	0	2	0
ENSG00000088387	925	858	905	576
ENSG00000088448	2894	3945	2581	3080
ENSG00000088451	682	765	595	666
ENSG00000088538	48	43	49	39
ENSG00000088543	871	980	712	936
ENSG00000088682	1824	1862	1515	1579
ENSG00000088726	0	0	0	0
ENSG00000088727	190	199	183	118
ENSG00000088766	1638	1937	1506	1512
ENSG00000088808	652	447	580	390
ENSG00000088812	1048	1301	1002	1081
ENSG00000088826	505	537	325	436
ENSG00000088832	8863	8852	7128	7661
ENSG00000088833	2314	2884	2048	2405
ENSG00000088836	90	236	104	156
ENSG00000088854	54	207	27	52
ENSG00000088876	355	457	361	338
ENSG00000088881	0	0	0	2
ENSG00000088882	1	2	0	0
ENSG00000088888	4608	4730	4049	4057
ENSG00000088899	224	262	151	142
ENSG00000088930	6407	6869	5804	5338
ENSG00000088970	211	338	207	283
ENSG00000088986	5709	6412	5237	5286
ENSG00000088992	1285	1025	1038	772
ENSG00000089006	5449	5626	4918	4185
ENSG00000089009	46920	48158	41369	38219
ENSG00000089012	175	46	251	88
ENSG00000089022	1555	1660	1474	1454
ENSG00000089041	966	833	705	703
ENSG00000089048	1645	1906	1546	1490
ENSG00000089050	1022	1028	866	832
ENSG00000089053	5886	7251	5435	5815
ENSG00000089057	1432	1655	1259	1422
ENSG00000089060	271	245	204	238
ENSG00000089063	2686	3097	2621	2572
ENSG00000089091	89	87	106	73
ENSG00000089094	3837	3622	3649	3089
ENSG00000089101	0	0	1	0
ENSG00000089116	0	0	3	0
ENSG00000089123	479	437	421	278
ENSG00000089127	857	934	687	686
ENSG00000089154	10624	11709	10064	9010
ENSG00000089157	91192	89558	80860	72682
ENSG00000089159	3554	3138	3332	3106
ENSG00000089163	29	20	28	42
ENSG00000089177	414	435	282	401
ENSG00000089195	1356	1699	1190	1118
ENSG00000089199	19	24	25	37
ENSG00000089220	8939	9968	7541	8110
ENSG00000089225	0	0	0	0
ENSG00000089234	1324	1264	1156	1048
ENSG00000089248	4977	4374	4197	3422
ENSG00000089250	7	23	3	7
ENSG00000089280	16214	16353	14282	11033
ENSG00000089289	2436	3322	1928	3252
ENSG00000089327	7885	7765	6919	7646
ENSG00000089335	310	278	199	254
ENSG00000089351	4478	3887	3704	3438
ENSG00000089472	8	0	0	2
ENSG00000089486	421	879	343	1273
ENSG00000089505	59	74	59	65
ENSG00000089558	579	503	403	358
ENSG00000089597	14608	15101	13630	13203
ENSG00000089639	4543	4040	4087	3512
ENSG00000089682	493	645	325	598
ENSG00000089685	4354	5151	4266	4497
ENSG00000089692	2786	3092	3603	2950
ENSG00000089693	6090	6386	4837	5624
ENSG00000089723	122	93	98	73
ENSG00000089737	6756	7925	6601	6685
ENSG00000089775	560	633	564	553
ENSG00000089818	636	820	641	686
ENSG00000089820	7350	10811	6075	10606
ENSG00000089847	123	49	76	69
ENSG00000089876	1564	1673	1382	1324
ENSG00000089902	1278	1709	1217	1506
ENSG00000089916	2259	2145	2163	1625
ENSG00000090006	1623	1297	1320	804
ENSG00000090013	485	529	402	549
ENSG00000090020	1621	1665	1465	1594
ENSG00000090054	2722	2867	2279	2339
ENSG00000090060	10873	12176	9358	9226
ENSG00000090061	4098	4107	3494	3248
ENSG00000090097	1023	1158	783	1138
ENSG00000090104	5206	4882	5986	2822
ENSG00000090238	970	786	778	994
ENSG00000090263	1374	1834	1295	1464
ENSG00000090266	2539	2619	2046	2277
ENSG00000090273	8370	9077	6872	6993
ENSG00000090316	2707	2683	2456	2127
ENSG00000090339	5784	5471	4971	5435
ENSG00000090372	2758	3238	2648	2553
ENSG00000090376	1032	1049	1143	721
ENSG00000090382	1	2	1	3
ENSG00000090432	1705	1441	1357	1233
ENSG00000090447	1425	1447	1294	974
ENSG00000090470	2380	2526	2355	1917
ENSG00000090487	2995	2957	2609	2276
ENSG00000090520	6118	6624	4771	5435
ENSG00000090554	716	610	591	502
ENSG00000090565	1557	1775	1204	1480
ENSG00000090581	689	748	641	590
ENSG00000090612	848	683	702	605
ENSG00000090615	3521	3376	3123	2686
ENSG00000090621	10437	11962	9552	9384
ENSG00000090661	558	636	506	622
ENSG00000090674	512	447	418	373
ENSG00000090686	3488	4225	3395	3737
ENSG00000090776	520	690	524	822
ENSG00000090857	3017	3316	3116	2527
ENSG00000090861	11511	12156	10639	8641
ENSG00000090863	7006	6255	6630	6230
ENSG00000090889	1958	3126	1886	2668
ENSG00000090905	2352	2600	2152	2170
ENSG00000090924	1556	1511	1424	1337
ENSG00000090932	106	95	58	103
ENSG00000090971	941	711	712	493
ENSG00000090975	202	134	173	115
ENSG00000090989	1339	1558	1144	1200
ENSG00000091009	3035	3254	2716	2570
ENSG00000091010	1	7	7	2
ENSG00000091039	5743	5034	5380	4133
ENSG00000091073	700	690	706	460
ENSG00000091106	2	1	0	2
ENSG00000091127	1272	1622	1124	1062
ENSG00000091129	2	0	2	0
ENSG00000091137	99	243	84	160
ENSG00000091140	5729	6117	4846	4866
ENSG00000091157	2173	1926	2019	1724
ENSG00000091164	3328	3724	2812	2819
ENSG00000091262	4	17	1	38
ENSG00000091317	13254	12784	11779	11537
ENSG00000091409	63	21	46	8
ENSG00000091436	1591	1186	1749	935
ENSG00000091483	4440	5259	4022	4201
ENSG00000091490	4303	3340	3996	2449
ENSG00000091513	0	0	3	0
ENSG00000091527	20616	20958	17637	15543
ENSG00000091536	12	14	2	10
ENSG00000091542	6052	5743	5361	4861
ENSG00000091583	0	0	0	0
ENSG00000091592	1450	1675	1465	1475
ENSG00000091622	18	12	8	11
ENSG00000091640	2409	2130	1954	1759
ENSG00000091651	1003	1259	885	989
ENSG00000091656	0	3	4	2
ENSG00000091704	0	0	0	0
ENSG00000091732	819	817	703	665
ENSG00000091831	187	166	189	108
ENSG00000091844	34	2	13	2
ENSG00000091947	1471	1279	1203	1113
ENSG00000091972	10	24	16	68
ENSG00000091986	21	18	21	7
ENSG00000092009	30	55	23	49
ENSG00000092010	11082	11472	9733	9833
ENSG00000092020	1491	1670	1389	1344
ENSG00000092036	1370	1356	1354	1172
ENSG00000092051	2034	1292	1153	496
ENSG00000092054	25	13	7	11
ENSG00000092067	0	1	1	4
ENSG00000092068	190	673	25	634
ENSG00000092094	1009	959	881	851
ENSG00000092096	136	35	36	67
ENSG00000092098	2592	2341	2181	2078
ENSG00000092108	1764	1849	1493	1429
ENSG00000092140	800	841	664	569
ENSG00000092148	4668	5042	4148	3843
ENSG00000092199	42051	43402	36398	32974
ENSG00000092201	13391	13519	11693	9528
ENSG00000092203	3199	3211	2819	2813
ENSG00000092208	355	407	358	317
ENSG00000092295	14	41	25	18
ENSG00000092330	3307	3053	3036	2675
ENSG00000092345	0	0	1	1
ENSG00000092377	25	0	1	0
ENSG00000092421	101	23	29	32
ENSG00000092439	2685	2983	2452	2197
ENSG00000092445	35	78	24	72
ENSG00000092470	1902	2477	1851	2121
ENSG00000092529	15	7	5	10
ENSG00000092531	3225	3292	2707	2624
ENSG00000092607	1	0	0	2
ENSG00000092621	9126	9261	9201	5473
ENSG00000092758	0	0	1	3
ENSG00000092820	13281	16527	12201	12646
ENSG00000092841	23677	24266	18852	23673
ENSG00000092847	3493	3006	3242	2453
ENSG00000092850	1	3	0	0
ENSG00000092853	1883	2552	1832	1883
ENSG00000092871	3585	3164	3186	2436
ENSG00000092929	8994	9123	7804	7455
ENSG00000092931	603	540	547	580
ENSG00000092964	4930	5919	5405	5917
ENSG00000092969	0	0	0	2
ENSG00000092978	490	545	465	419
ENSG00000093000	6428	6919	6009	5404
ENSG00000093009	1899	2169	1824	1624
ENSG00000093010	4492	4854	3515	3987
ENSG00000093072	2166	1826	2006	2018
ENSG00000093100	638	673	545	431
ENSG00000093144	2809	3240	2593	2431
ENSG00000093167	3004	3269	2491	2275
ENSG00000093183	3007	3274	2592	2703
ENSG00000093217	266	340	283	286
ENSG00000094631	1593	2345	1372	2400
ENSG00000094804	2294	2922	2193	2420
ENSG00000094841	839	1188	725	1187
ENSG00000094880	1801	1662	1642	1514
ENSG00000094914	2428	2583	2193	2049
ENSG00000094916	8264	7003	8588	5600
ENSG00000094975	995	1094	982	895
ENSG00000095002	3783	3940	3375	3002
ENSG00000095015	1346	1109	1264	852
ENSG00000095059	3074	3116	2883	2594
ENSG00000095066	178	330	155	233
ENSG00000095139	9465	10366	7696	8263
ENSG00000095203	15	69	16	3
ENSG00000095209	420	659	294	553
ENSG00000095261	2134	2165	1733	1746
ENSG00000095303	7	17	1	42
ENSG00000095319	8346	7988	7369	6541
ENSG00000095321	584	584	489	747
ENSG00000095370	2322	1831	2190	1590
ENSG00000095380	2096	2227	1803	1902
ENSG00000095383	86	51	72	74
ENSG00000095397	355	403	267	258
ENSG00000095485	1543	1549	1365	1202
ENSG00000095539	5	3	20	1
ENSG00000095564	2069	2326	1840	1864
ENSG00000095574	878	1076	831	827
ENSG00000095585	0	0	1	0
ENSG00000095587	3	9	12	10
ENSG00000095596	0	5	0	9
ENSG00000095637	195	121	58	273
ENSG00000095713	0	0	0	0
ENSG00000095739	2	4	0	1
ENSG00000095752	15	1	8	4
ENSG00000095787	5318	5709	4968	4187
ENSG00000095794	2278	2406	2099	1981
ENSG00000095906	2794	2663	2394	2219
ENSG00000095917	1	9	0	0
ENSG00000095932	25	59	45	80
ENSG00000095951	1271	1112	1061	982
ENSG00000096060	28	22	5	11
ENSG00000096063	6347	6568	5636	4768
ENSG00000096070	1562	1740	1445	1413
ENSG00000096080	1468	1538	1226	1288
ENSG00000096092	1135	1205	993	897
ENSG00000096093	50	75	47	77
ENSG00000096264	17	2	7	4
ENSG00000096384	101683	126521	95699	94615
ENSG00000096401	3660	3914	3417	3154
ENSG00000096433	3443	4176	3333	3331
ENSG00000096654	548	433	398	347
ENSG00000096696	2	0	0	0
ENSG00000096717	1745	1631	1498	1193
ENSG00000096746	9503	10598	8135	8202
ENSG00000096872	504	638	384	500
ENSG00000096968	1213	1680	948	1497
ENSG00000096996	2178	2491	1892	2309
ENSG00000097007	2306	2116	1829	1425
ENSG00000097021	5239	5391	4461	4126
ENSG00000097033	4532	4841	3788	4264
ENSG00000097046	856	1052	971	743
ENSG00000097096	3	1	1	0
ENSG00000099139	3	0	2	1
ENSG00000099194	30838	39220	27611	32148
ENSG00000099203	862	809	725	772
ENSG00000099204	5356	3572	4079	2588
ENSG00000099219	2478	2753	2310	2404
ENSG00000099246	2048	2241	1690	1959
ENSG00000099250	4	39	2	94
ENSG00000099251	34	61	35	34
ENSG00000099256	58	48	48	32
ENSG00000099282	1289	1078	900	871
ENSG00000099284	152	185	90	214
ENSG00000099290	2072	2289	1778	1676
ENSG00000099308	1244	1198	1331	991
ENSG00000099326	321	461	399	369
ENSG00000099330	397	329	358	291
ENSG00000099331	8165	7332	7773	5933
ENSG00000099337	1583	1108	1201	828
ENSG00000099338	5	15	9	8
ENSG00000099341	7984	8016	6584	6904
ENSG00000099364	4349	3864	3851	2743
ENSG00000099365	85	170	61	175
ENSG00000099377	710	1428	336	1939
ENSG00000099381	2848	2711	2359	2022
ENSG00000099385	1448	1312	1274	963
ENSG00000099617	0	1	2	0
ENSG00000099622	3943	3770	3697	3014
ENSG00000099624	3548	3372	3366	2821
ENSG00000099625	45	89	44	55
ENSG00000099715	0	0	0	0
ENSG00000099725	377	486	370	454
ENSG00000099769	0	0	0	1
ENSG00000099783	25130	26064	21312	20203
ENSG00000099785	463	402	349	405
ENSG00000099795	2218	2301	1965	2080
ENSG00000099797	4167	4501	3863	4022
ENSG00000099800	3462	3619	2940	2933
ENSG00000099804	2329	2536	2105	2086
ENSG00000099810	2319	2339	1419	2303
ENSG00000099812	1	2	0	1
ENSG00000099814	909	1047	761	1041
ENSG00000099817	7836	7508	6585	6255
ENSG00000099821	4098	3731	3577	2843
ENSG00000099822	19	63	5	55
ENSG00000099834	17	52	5	13
ENSG00000099840	27	56	46	49
ENSG00000099849	521	568	507	486
ENSG00000099860	2798	3176	2360	3332
ENSG00000099864	0	0	0	0
ENSG00000099866	4	3	9	7
ENSG00000099869	1	0	0	0
ENSG00000099875	10137	8587	8483	8304
ENSG00000099889	4	13	10	17
ENSG00000099899	2177	2328	2054	1831
ENSG00000099901	9657	11375	9094	8427
ENSG00000099904	1740	2005	1651	1471
ENSG00000099910	534	575	490	578
ENSG00000099917	4234	4200	3693	4010
ENSG00000099937	0	0	0	0
ENSG00000099940	2352	2268	2068	1992
ENSG00000099942	5029	5403	5029	4542
ENSG00000099949	1860	1784	1622	1544
ENSG00000099953	31	29	42	61
ENSG00000099954	6	1	4	0
ENSG00000099956	5260	5115	5033	4530
ENSG00000099957	2	1	0	3
ENSG00000099958	284	348	272	328
ENSG00000099960	37	23	16	29
ENSG00000099968	3014	3028	2643	2545
ENSG00000099974	59	66	71	83
ENSG00000099977	1989	1978	1823	1808
ENSG00000099984	0	5	0	11
ENSG00000099985	3978	4896	3159	3094
ENSG00000099991	6258	5864	6000	4761
ENSG00000099992	1386	1460	1129	1520
ENSG00000099994	7	10	2	7
ENSG00000099995	9987	11100	9393	8749
ENSG00000099998	0	0	0	0
ENSG00000099999	263	255	166	211
ENSG00000100003	393	228	336	144
ENSG00000100012	10	9	5	11
ENSG00000100014	2683	3031	2500	2441
ENSG00000100023	2195	2131	1992	1634
ENSG00000100024	0	3	1	2
ENSG00000100027	401	201	415	190
ENSG00000100028	4533	4363	3912	3566
ENSG00000100029	7616	8277	6174	6300
ENSG00000100030	4864	4631	4561	4024
ENSG00000100031	3027	3886	2865	5076
ENSG00000100033	0	0	0	1
ENSG00000100034	1537	1436	1328	1369
ENSG00000100036	428	645	358	596
ENSG00000100038	655	781	728	712
ENSG00000100053	1	0	0	0
ENSG00000100055	3424	3183	3448	3285
ENSG00000100056	1194	1236	1083	1038
ENSG00000100058	540	542	505	500
ENSG00000100060	6709	6679	5865	5468
ENSG00000100065	0	0	1	8
ENSG00000100068	80	147	80	90
ENSG00000100075	3282	3211	2867	2485
ENSG00000100077	1732	2279	1744	1853
ENSG00000100083	2029	2362	1806	2188
ENSG00000100084	3726	3845	3296	2998
ENSG00000100092	9702	8370	8147	7321
ENSG00000100097	30735	26322	25525	28266
ENSG00000100099	1369	1544	1321	1183
ENSG00000100100	944	553	694	350
ENSG00000100104	1349	1205	1075	957
ENSG00000100105	1687	1490	1528	956
ENSG00000100106	1676	1257	1466	979
ENSG00000100109	2466	2427	2168	1952
ENSG00000100116	787	983	659	712
ENSG00000100122	11	11	0	5
ENSG00000100124	1046	1250	840	1006
ENSG00000100129	15241	13859	13908	11237
ENSG00000100138	5894	5960	5181	4975
ENSG00000100139	2553	2229	2061	1717
ENSG00000100142	1831	2272	1593	1965
ENSG00000100147	204	238	214	211
ENSG00000100150	573	633	634	463
ENSG00000100151	237	226	292	163
ENSG00000100154	31	237	14	75
ENSG00000100156	1	1	3	0
ENSG00000100162	1294	1517	1395	1354
ENSG00000100167	868	1409	900	1418
ENSG00000100181	0	1	0	0
ENSG00000100196	65	71	54	88
ENSG00000100197	6	5	7	9
ENSG00000100201	12311	15006	11928	10971
ENSG00000100206	120	140	107	164
ENSG00000100207	3453	3254	3127	2403
ENSG00000100209	390	419	345	291
ENSG00000100211	328	384	272	345
ENSG00000100216	4460	4536	4018	3535
ENSG00000100218	0	0	0	5
ENSG00000100219	5747	5726	5131	3953
ENSG00000100220	5014	4840	4280	3857
ENSG00000100221	3731	4367	3415	3426
ENSG00000100225	5861	5609	5050	4848
ENSG00000100226	3161	3030	2977	2622
ENSG00000100227	3774	3566	3435	2835
ENSG00000100228	0	3	0	6
ENSG00000100234	1	1	0	0
ENSG00000100239	3569	3380	3171	2628
ENSG00000100241	13013	13108	11171	11927
ENSG00000100242	17935	13059	16677	11508
ENSG00000100243	5114	5695	4413	4998
ENSG00000100246	320	346	337	304
ENSG00000100253	0	0	4	2
ENSG00000100258	1893	2277	2010	2195
ENSG00000100263	722	886	680	832
ENSG00000100266	5482	5429	4236	4116
ENSG00000100271	203	170	198	181
ENSG00000100276	3	6	1	9
ENSG00000100280	7053	7589	6338	6700
ENSG00000100281	1770	1925	1782	1471
ENSG00000100284	943	852	763	726
ENSG00000100285	0	0	1	0
ENSG00000100288	548	626	495	543
ENSG00000100290	51	31	14	40
ENSG00000100292	834	521	862	374
ENSG00000100294	735	764	693	674
ENSG00000100296	1769	1921	1691	1495
ENSG00000100297	12059	12293	11367	9747
ENSG00000100298	404	274	295	197
ENSG00000100299	790	1005	800	1059
ENSG00000100300	7350	6931	5933	5875
ENSG00000100302	50	18	86	4
ENSG00000100304	7625	8320	6814	6197
ENSG00000100307	679	408	523	420
ENSG00000100311	1	5	3	10
ENSG00000100316	111979	97071	96843	77846
ENSG00000100319	642	592	567	529
ENSG00000100320	83	57	176	61
ENSG00000100321	1	1	0	0
ENSG00000100324	1417	1438	1244	1158
ENSG00000100325	2887	2952	2487	2504
ENSG00000100330	1654	1686	1502	1412
ENSG00000100335	4465	4320	3726	3413
ENSG00000100336	4339	4193	3227	4509
ENSG00000100342	3551	3104	2842	3053
ENSG00000100344	2	3	5	1
ENSG00000100345	90285	96996	82616	85102
ENSG00000100346	2	1	0	4
ENSG00000100347	2908	3083	2584	2373
ENSG00000100348	3613	3395	3223	3404
ENSG00000100350	989	880	746	624
ENSG00000100351	1104	735	928	272
ENSG00000100353	11990	12683	10835	10188
ENSG00000100354	1799	1853	1921	1632
ENSG00000100359	1020	1243	901	1077
ENSG00000100360	645	600	613	598
ENSG00000100362	1	0	0	2
ENSG00000100364	2665	2885	2472	2672
ENSG00000100365	2455	3874	2059	4124
ENSG00000100368	11185	10958	10001	8974
ENSG00000100372	995	1116	885	945
ENSG00000100376	714	1005	694	800
ENSG00000100379	1540	1396	1282	1185
ENSG00000100380	11619	11973	10087	10024
ENSG00000100385	25773	28299	21448	25290
ENSG00000100387	2900	2914	2755	2321
ENSG00000100393	4842	5158	4894	4258
ENSG00000100395	2158	2192	1808	1860
ENSG00000100399	4	1	0	0
ENSG00000100401	11997	11518	9807	9527
ENSG00000100403	7705	7528	6530	5974
ENSG00000100410	1600	1734	1576	1334
ENSG00000100412	6460	6679	5551	5877
ENSG00000100413	2263	2456	1944	1916
ENSG00000100416	1158	1480	1139	1175
ENSG00000100417	567	598	426	568
ENSG00000100418	4499	5666	3748	4512
ENSG00000100422	3631	3853	3233	3579
ENSG00000100425	1800	1977	1641	1486
ENSG00000100426	2970	2837	2545	2232
ENSG00000100427	104	447	125	687
ENSG00000100429	1298	1523	1301	1319
ENSG00000100433	18	130	3	115
ENSG00000100439	793	847	666	815
ENSG00000100441	5702	5098	4893	4027
ENSG00000100442	3508	3971	3102	3038
ENSG00000100445	890	1035	912	782
ENSG00000100450	468	118	491	81
ENSG00000100453	4566	2057	5000	1982
ENSG00000100461	2816	2818	2702	2260
ENSG00000100462	5018	5303	4238	4137
ENSG00000100473	15	64	31	18
ENSG00000100478	416	386	377	278
ENSG00000100479	513	708	518	563
ENSG00000100483	243	249	241	177
ENSG00000100485	1245	1253	1184	1063
ENSG00000100490	57	61	81	48
ENSG00000100503	3935	4883	3729	4289
ENSG00000100504	2	10	4	7
ENSG00000100505	4	4	3	0
ENSG00000100519	3233	3524	2825	2669
ENSG00000100522	2723	2990	2326	2378
ENSG00000100523	2557	2780	2288	2163
ENSG00000100526	1190	1159	1098	1024
ENSG00000100528	1831	2029	1698	1598
ENSG00000100532	299	306	236	247
ENSG00000100554	1123	960	966	944
ENSG00000100558	0	0	0	0
ENSG00000100564	399	462	294	413
ENSG00000100567	3999	4793	3675	4019
ENSG00000100568	2231	2151	1976	2025
ENSG00000100575	964	1050	823	810
ENSG00000100577	430	458	470	382
ENSG00000100578	1234	1358	1206	912
ENSG00000100580	3412	3445	2768	2767
ENSG00000100583	15	26	13	5
ENSG00000100591	8402	9836	6972	7778
ENSG00000100592	2647	1927	2206	1275
ENSG00000100596	2871	2618	2865	2278
ENSG00000100599	8795	6703	8631	5907
ENSG00000100600	50	55	37	62
ENSG00000100601	524	585	578	504
ENSG00000100603	3958	4106	3701	3089
ENSG00000100605	5780	6783	4834	5215
ENSG00000100612	2746	2883	2479	2614
ENSG00000100614	2695	3347	2377	2894
ENSG00000100625	302	451	207	294
ENSG00000100626	3	0	0	3
ENSG00000100628	2375	2142	2242	2357
ENSG00000100629	998	1128	833	876
ENSG00000100632	5655	5674	4848	4348
ENSG00000100644	4738	4106	4451	3376
ENSG00000100647	4511	3919	3816	2993
ENSG00000100650	5634	6661	4902	4757
ENSG00000100664	10377	11666	9384	8994
ENSG00000100678	23	15	4	25
ENSG00000100697	3928	4688	3594	4004
ENSG00000100711	818	786	638	621
ENSG00000100714	10888	12460	9844	10067
ENSG00000100722	2528	2828	2092	2125
ENSG00000100726	1821	2168	1761	1715
ENSG00000100731	2692	2723	2482	2420
ENSG00000100739	0	3	0	0
ENSG00000100744	1506	1516	1265	1340
ENSG00000100749	3192	3296	3099	2453
ENSG00000100764	5525	6881	5173	5798
ENSG00000100767	6	12	7	15
ENSG00000100784	1625	2175	1627	2025
ENSG00000100796	5131	5464	4557	4401
ENSG00000100802	365	334	270	255
ENSG00000100804	3135	3206	2718	2831
ENSG00000100811	6642	7245	6168	5595
ENSG00000100813	9087	10048	8518	7692
ENSG00000100814	1350	1388	1252	1087
ENSG00000100815	1967	2042	1654	1694
ENSG00000100823	10571	10126	9070	7349
ENSG00000100836	8451	8815	8026	6640
ENSG00000100842	2	0	0	0
ENSG00000100852	1104	1000	995	650
ENSG00000100865	1142	1274	1033	1014
ENSG00000100867	4442	3252	2930	3001
ENSG00000100883	3308	3572	2801	2908
ENSG00000100884	1	1	1	0
ENSG00000100888	5310	5250	5204	4360
ENSG00000100889	7235	7158	5972	5175
ENSG00000100890	1593	1645	1580	1429
ENSG00000100897	4602	4228	3866	3624
ENSG00000100902	7561	8085	6242	6615
ENSG00000100906	11541	9990	9489	8406
ENSG00000100908	727	751	644	710
ENSG00000100911	9464	10016	7931	8520
ENSG00000100916	477	593	337	533
ENSG00000100918	45	96	52	86
ENSG00000100926	1722	1567	1437	1328
ENSG00000100934	2894	3147	2262	2694
ENSG00000100938	2373	2578	1887	2241
ENSG00000100941	4689	5840	4877	3984
ENSG00000100949	1052	1328	866	1185
ENSG00000100968	1	1	2	2
ENSG00000100979	224	199	202	169
ENSG00000100982	1897	1826	1790	1549
ENSG00000100983	2107	2547	1939	2296
ENSG00000100985	20	22	10	9
ENSG00000100991	3086	3609	2833	3273
ENSG00000100994	3281	3607	2725	3310
ENSG00000100997	1309	1407	1142	1487
ENSG00000101000	24	5	20	42
ENSG00000101003	1292	1524	1217	1190
ENSG00000101004	10	19	4	11
ENSG00000101017	131	127	116	124
ENSG00000101019	1571	1581	1316	1337
ENSG00000101040	1564	2113	1679	1971
ENSG00000101049	4	0	0	0
ENSG00000101052	841	870	785	814
ENSG00000101057	5052	5773	4953	4547
ENSG00000101079	1468	1692	1380	1508
ENSG00000101082	1734	1057	1664	781
ENSG00000101084	3742	4382	3269	3840
ENSG00000101096	7279	4957	6697	3252
ENSG00000101098	1	0	0	2
ENSG00000101104	100	300	164	188
ENSG00000101109	7817	7665	7368	6248
ENSG00000101115	0	0	0	0
ENSG00000101126	5673	5975	5478	4827
ENSG00000101132	1925	1407	1963	1065
ENSG00000101134	278	11	284	7
ENSG00000101138	1891	1598	1632	1460
ENSG00000101144	2	9	4	0
ENSG00000101146	1684	1997	1685	1683
ENSG00000101150	3720	3507	3123	3005
ENSG00000101152	5753	5444	4907	4744
ENSG00000101158	3567	4181	3194	3371
ENSG00000101160	4555	4518	3483	3977
ENSG00000101161	6213	6315	5500	5130
ENSG00000101166	5654	6473	4943	5513
ENSG00000101181	1285	1360	1138	1101
ENSG00000101182	10807	12105	9567	9613
ENSG00000101187	1484	1797	1509	1465
ENSG00000101188	0	0	0	0
ENSG00000101189	1506	1514	1180	1153
ENSG00000101190	487	456	432	369
ENSG00000101191	4216	4372	3944	3411
ENSG00000101193	3387	2935	2992	2392
ENSG00000101194	611	775	479	596
ENSG00000101197	12	14	22	12
ENSG00000101199	2102	2405	1889	1949
ENSG00000101203	0	8	0	2
ENSG00000101204	3	3	2	5
ENSG00000101210	256	28	284	15
ENSG00000101213	31	26	22	31
ENSG00000101216	1269	1290	1219	1006
ENSG00000101220	2325	2599	2142	1893
ENSG00000101222	0	0	4	0
ENSG00000101224	6475	5240	5732	4757
ENSG00000101230	8	1	1	0
ENSG00000101236	699	899	623	856
ENSG00000101246	2089	1920	1779	1491
ENSG00000101247	438	545	399	458
ENSG00000101255	2075	2402	1799	1926
ENSG00000101265	4475	4427	3862	3856
ENSG00000101266	6609	7204	6225	5404
ENSG00000101280	0	3	0	0
ENSG00000101282	0	0	0	0
ENSG00000101290	3203	3268	2924	2824
ENSG00000101294	3689	4429	3113	3351
ENSG00000101298	169	297	133	232
ENSG00000101306	9	11	7	8
ENSG00000101307	0	1	2	1
ENSG00000101310	3534	3933	3187	3521
ENSG00000101311	822	1323	483	743
ENSG00000101331	0	0	0	0
ENSG00000101335	46	63	35	37
ENSG00000101336	18	53	7	210
ENSG00000101337	3157	2930	2998	2472
ENSG00000101342	1	0	0	0
ENSG00000101343	2218	2013	1887	1721
ENSG00000101346	3689	4101	3037	3301
ENSG00000101347	3702	4386	3169	4367
ENSG00000101350	4591	5874	3945	5398
ENSG00000101353	41	45	37	32
ENSG00000101361	8211	10482	8132	7592
ENSG00000101363	600	591	511	524
ENSG00000101365	2684	3004	2515	2366
ENSG00000101367	10467	11322	9407	9778
ENSG00000101384	81	118	50	117
ENSG00000101391	1119	1160	978	917
ENSG00000101400	74	182	68	154
ENSG00000101405	0	0	0	0
ENSG00000101407	1771	1938	1710	1495
ENSG00000101412	1961	2760	1801	2346
ENSG00000101413	1727	1576	1501	1315
ENSG00000101417	381	262	342	257
ENSG00000101421	5908	5972	5004	5122
ENSG00000101438	1	4	0	3
ENSG00000101439	608	898	610	1377
ENSG00000101442	543	599	491	386
ENSG00000101443	0	1	0	0
ENSG00000101444	7718	9051	6896	7101
ENSG00000101445	11390	8284	9375	5554
ENSG00000101447	782	668	700	508
ENSG00000101452	747	710	611	526
ENSG00000101457	1050	1174	988	794
ENSG00000101460	144	140	105	150
ENSG00000101464	843	875	778	704
ENSG00000101470	3	3	1	3
ENSG00000101473	862	802	783	740
ENSG00000101474	2766	2738	2780	2320
ENSG00000101489	0	0	0	1
ENSG00000101493	228	138	210	47
ENSG00000101544	1993	2112	1749	1724
ENSG00000101546	1662	1723	1375	1273
ENSG00000101557	4751	5435	3928	4246
ENSG00000101558	5431	6566	4710	5858
ENSG00000101574	517	500	531	385
ENSG00000101577	1884	1603	1834	1384
ENSG00000101596	5030	5577	4736	4474
ENSG00000101605	9	4	16	10
ENSG00000101608	15846	17019	13680	15457
ENSG00000101624	433	592	473	414
ENSG00000101639	1214	1414	1245	1109
ENSG00000101654	2673	2606	2379	2034
ENSG00000101665	1862	1603	1646	1350
ENSG00000101670	5	1	1	2
ENSG00000101695	1454	1605	1245	1286
ENSG00000101745	2180	2353	2824	1951
ENSG00000101751	206	313	236	274
ENSG00000101752	10472	7570	9138	5526
ENSG00000101773	3373	4235	3111	3012
ENSG00000101782	2104	2253	2120	1907
ENSG00000101811	1921	2933	1813	2724
ENSG00000101842	2	8	5	6
ENSG00000101843	2420	3561	1979	3375
ENSG00000101844	883	1477	662	1598
ENSG00000101846	505	648	417	688
ENSG00000101849	1860	3039	1646	3067
ENSG00000101856	2368	4355	1911	4279
ENSG00000101868	3071	4972	2854	4507
ENSG00000101871	32	39	11	39
ENSG00000101882	1552	2165	1205	2066
ENSG00000101883	0	0	0	0
ENSG00000101888	846	1208	780	1213
ENSG00000101890	0	0	1	0
ENSG00000101898	65	41	21	54
ENSG00000101901	921	1364	778	1248
ENSG00000101911	3215	5774	2513	5681
ENSG00000101916	0	2	2	1
ENSG00000101928	559	1024	517	954
ENSG00000101935	898	1245	732	1083
ENSG00000101938	0	0	0	0
ENSG00000101940	1791	2452	1513	2377
ENSG00000101945	2154	2867	1892	2590
ENSG00000101951	0	0	0	0
ENSG00000101955	1	4	1	0
ENSG00000101966	1990	3249	1752	3296
ENSG00000101972	7270	10088	5943	9469
ENSG00000101974	1010	1795	870	1798
ENSG00000101977	2	1	0	0
ENSG00000101986	744	1315	572	1633
ENSG00000101997	1946	2936	1689	3047
ENSG00000102001	11	19	15	17
ENSG00000102003	95	244	56	251
ENSG00000102007	5411	8872	3709	9891
ENSG00000102024	25	17	2	1
ENSG00000102030	2493	4349	2167	3964
ENSG00000102032	17	16	3	11
ENSG00000102034	2887	4144	2357	4874
ENSG00000102038	5	5	0	3
ENSG00000102043	132	184	131	126
ENSG00000102048	133	696	42	1568
ENSG00000102053	41	40	42	45
ENSG00000102054	7469	12460	6290	11419
ENSG00000102057	35	101	69	82
ENSG00000102078	248	469	214	438
ENSG00000102081	1976	2914	1696	2595
ENSG00000102096	10584	18707	9027	22357
ENSG00000102098	0	0	0	1
ENSG00000102100	920	1256	749	1258
ENSG00000102103	2367	3827	1871	3555
ENSG00000102109	99	80	36	38
ENSG00000102119	2458	3892	2201	3924
ENSG00000102125	1105	1947	1071	1731
ENSG00000102128	2	0	1	0
ENSG00000102144	49066	77655	42795	82561
ENSG00000102145	0	1	0	0
ENSG00000102158	3920	5550	3206	5739
ENSG00000102172	9770	13288	7980	11935
ENSG00000102174	4	4	3	3
ENSG00000102178	3557	4364	2678	4153
ENSG00000102181	2265	3026	1745	3082
ENSG00000102189	1634	2334	1497	1755
ENSG00000102218	1117	1680	902	1950
ENSG00000102221	440	1370	249	1388
ENSG00000102225	2623	4067	2187	3986
ENSG00000102226	4222	5703	3255	5653
ENSG00000102230	0	7	0	0
ENSG00000102241	6887	9805	5542	8933
ENSG00000102245	12	28	10	25
ENSG00000102265	957	2488	726	3173
ENSG00000102271	5	568	1	2
ENSG00000102290	0	0	0	0
ENSG00000102302	11	3	2	6
ENSG00000102309	855	1072	670	1069
ENSG00000102312	926	1429	674	1340
ENSG00000102316	3208	4039	2632	3831
ENSG00000102317	10956	16202	9139	14669
ENSG00000102349	27	14	24	15
ENSG00000102384	509	829	517	739
ENSG00000102385	29	36	36	47
ENSG00000102387	3	5	0	0
ENSG00000102390	1435	2175	1325	1887
ENSG00000102393	917	1491	818	1691
ENSG00000102401	1752	2804	1245	2699
ENSG00000102409	0	1	2	15
ENSG00000102452	0	1	3	1
ENSG00000102471	3125	4581	2786	5656
ENSG00000102524	40	37	52	19
ENSG00000102531	1471	1419	1354	990
ENSG00000102543	329	438	314	343
ENSG00000102547	277	242	245	207
ENSG00000102554	43	23	49	25
ENSG00000102572	8940	9407	7581	7185
ENSG00000102575	12	38	1	20
ENSG00000102580	2778	2975	2329	2591
ENSG00000102595	527	690	426	556
ENSG00000102606	2330	2435	2056	2174
ENSG00000102699	7185	9021	6620	7527
ENSG00000102710	2149	2503	1922	1958
ENSG00000102738	913	983	829	755
ENSG00000102743	526	594	379	465
ENSG00000102753	4936	6231	4631	4699
ENSG00000102760	2818	1108	2037	708
ENSG00000102763	1542	1719	1390	1312
ENSG00000102780	1283	1453	1292	1100
ENSG00000102781	759	909	797	876
ENSG00000102786	2805	2615	2579	2134
ENSG00000102796	206	169	171	113
ENSG00000102802	2	3	0	0
ENSG00000102804	111	137	66	50
ENSG00000102805	483	527	405	380
ENSG00000102837	86	56	98	8
ENSG00000102858	5900	6262	5303	5255
ENSG00000102870	179	147	148	50
ENSG00000102871	2052	1680	1771	1523
ENSG00000102878	42	110	58	80
ENSG00000102879	61957	62272	55740	51708
ENSG00000102882	1919	1834	1682	1926
ENSG00000102886	10	49	18	42
ENSG00000102890	46	83	46	81
ENSG00000102893	1341	1575	1272	1425
ENSG00000102897	1336	1941	1318	1641
ENSG00000102898	5289	5711	4474	4408
ENSG00000102900	5235	4972	4701	3719
ENSG00000102901	637	851	613	694
ENSG00000102904	6	5	8	7
ENSG00000102908	1147	1682	1215	1195
ENSG00000102910	3548	4436	3254	3813
ENSG00000102921	3559	3040	2842	2557
ENSG00000102924	0	0	1	0
ENSG00000102931	2327	2565	1894	2096
ENSG00000102934	3	6	4	3
ENSG00000102935	0	0	2	0
ENSG00000102962	2975	1436	1363	864
ENSG00000102967	979	970	879	650
ENSG00000102970	1198	744	380	537
ENSG00000102974	4847	4621	4662	3453
ENSG00000102977	1616	1651	1360	1424
ENSG00000102978	2977	3056	2633	2566
ENSG00000102981	344	298	274	278
ENSG00000102984	567	452	444	434
ENSG00000102996	32	73	31	52
ENSG00000103005	2362	2343	1948	1863
ENSG00000103018	5988	6307	5279	5185
ENSG00000103021	92	60	81	55
ENSG00000103024	752	619	591	590
ENSG00000103034	2	0	1	3
ENSG00000103035	5407	6086	4772	5163
ENSG00000103037	520	616	389	420
ENSG00000103042	626	443	517	396
ENSG00000103043	1732	1856	1554	1534
ENSG00000103044	2	9	7	6
ENSG00000103047	1009	1120	924	925
ENSG00000103051	1652	1812	1479	1596
ENSG00000103056	89	186	28	270
ENSG00000103061	1082	1016	982	792
ENSG00000103064	1806	1978	1530	1376
ENSG00000103066	440	325	331	303
ENSG00000103067	0	2	0	0
ENSG00000103089	28	13	43	3
ENSG00000103091	1519	1590	1313	1112
ENSG00000103111	3998	4382	3691	3640
ENSG00000103121	1526	1903	1348	1629
ENSG00000103126	1554	1900	1472	1509
ENSG00000103145	834	807	779	726
ENSG00000103148	2315	2569	2082	1922
ENSG00000103150	846	732	657	594
ENSG00000103152	2241	2156	1949	1890
ENSG00000103160	1104	1528	972	1221
ENSG00000103168	906	1172	914	990
ENSG00000103174	518	497	510	339
ENSG00000103184	0	1	0	1
ENSG00000103187	19826	23837	14546	22264
ENSG00000103194	6808	7073	6075	5169
ENSG00000103196	2	2	0	0
ENSG00000103197	2831	2611	2518	2356
ENSG00000103199	325	311	268	247
ENSG00000103202	517	277	226	277
ENSG00000103222	8017	7935	7221	6559
ENSG00000103226	1666	3131	1141	4096
ENSG00000103227	235	191	215	107
ENSG00000103241	0	1	1	0
ENSG00000103245	776	916	768	760
ENSG00000103248	651	626	654	576
ENSG00000103249	2000	2114	1864	1818
ENSG00000103253	344	381	357	349
ENSG00000103254	919	1143	841	962
ENSG00000103257	24493	22135	20528	13719
ENSG00000103260	318	182	340	107
ENSG00000103264	1819	1867	1667	1585
ENSG00000103266	3210	3374	2904	2897
ENSG00000103269	9	7	1	11
ENSG00000103274	1792	1918	1625	1635
ENSG00000103275	6446	6657	5934	5119
ENSG00000103313	0	0	3	0
ENSG00000103316	0	0	0	1
ENSG00000103319	3247	3423	2933	2862
ENSG00000103326	4660	5284	4266	4097
ENSG00000103335	13173	14041	11916	11107
ENSG00000103342	9619	11424	8467	8696
ENSG00000103343	437	474	427	436
ENSG00000103351	386	452	293	315
ENSG00000103353	2885	2961	2240	2509
ENSG00000103355	0	4	1	2
ENSG00000103356	1083	1226	929	948
ENSG00000103363	3973	3355	3389	2881
ENSG00000103365	2698	2824	2725	2467
ENSG00000103381	2037	2371	1845	1849
ENSG00000103404	187	334	177	233
ENSG00000103415	2422	2663	2058	2294
ENSG00000103423	3334	4269	3031	3120
ENSG00000103426	7	54	35	15
ENSG00000103429	2479	2277	2076	1885
ENSG00000103449	0	3	0	0
ENSG00000103472	78	120	66	62
ENSG00000103479	4369	4676	4104	3843
ENSG00000103485	166	312	144	321
ENSG00000103489	4733	4898	4701	3990
ENSG00000103490	1407	1148	1290	1093
ENSG00000103494	354	439	298	299
ENSG00000103495	13866	12402	12554	9337
ENSG00000103496	2219	2344	1889	2174
ENSG00000103502	3166	2735	2628	2337
ENSG00000103507	2852	2665	2509	2279
ENSG00000103510	1293	1233	1162	964
ENSG00000103512	5727	7311	5244	7429
ENSG00000103522	8158	7775	6749	6137
ENSG00000103528	4	1	7	0
ENSG00000103534	0	1	2	1
ENSG00000103540	3094	4058	2831	3248
ENSG00000103544	1592	2260	1282	2505
ENSG00000103549	6256	5672	5091	4466
ENSG00000103550	1680	1968	1647	1491
ENSG00000103569	8	34	3	280
ENSG00000103591	2794	2904	2449	2136
ENSG00000103599	18	21	16	14
ENSG00000103642	2637	2349	2343	1686
ENSG00000103653	16240	15563	14703	12003
ENSG00000103657	3506	3421	4212	3292
ENSG00000103671	724	597	700	588
ENSG00000103707	893	1088	757	914
ENSG00000103723	0	0	2	0
ENSG00000103740	1	11	7	8
ENSG00000103742	5	3	0	4
ENSG00000103769	3888	4571	3667	4223
ENSG00000103811	9983	8801	8802	6110
ENSG00000103832	0	0	0	0
ENSG00000103852	31	35	25	8
ENSG00000103855	269	706	215	887
ENSG00000103876	1691	2045	1813	1601
ENSG00000103888	0	0	0	0
ENSG00000103932	1623	1725	1398	1253
ENSG00000103942	40	44	48	89
ENSG00000103966	7333	6583	6040	4812
ENSG00000103978	1663	1745	1551	1382
ENSG00000103994	4737	5074	4350	4057
ENSG00000103995	731	932	837	527
ENSG00000104043	4577	5362	4870	4234
ENSG00000104047	319	369	327	301
ENSG00000104055	167	45	61	35
ENSG00000104064	1382	1569	1428	1155
ENSG00000104081	1284	716	895	556
ENSG00000104093	939	942	801	660
ENSG00000104112	1	2	0	0
ENSG00000104129	705	651	638	583
ENSG00000104131	4534	5458	4213	3933
ENSG00000104133	2911	2804	2625	2240
ENSG00000104140	110	26	70	27
ENSG00000104142	1617	1470	1390	1241
ENSG00000104147	446	469	495	384
ENSG00000104154	228	267	193	246
ENSG00000104164	3418	3594	3130	2873
ENSG00000104177	1332	1552	930	1278
ENSG00000104205	81	76	65	47
ENSG00000104213	2	0	1	0
ENSG00000104218	520	582	503	440
ENSG00000104219	1198	1215	1052	1028
ENSG00000104221	438	405	360	373
ENSG00000104228	1956	2169	1677	1693
ENSG00000104231	1131	1321	861	926
ENSG00000104237	12	20	2	2
ENSG00000104267	1	5	0	6
ENSG00000104290	75	51	38	406
ENSG00000104299	1209	1150	1101	1032
ENSG00000104312	222	273	200	287
ENSG00000104320	2441	2949	2218	2453
ENSG00000104321	0	1	1	0
ENSG00000104324	115	469	28	249
ENSG00000104325	2373	2291	2141	2066
ENSG00000104331	4153	4532	3888	4174
ENSG00000104341	432	475	928	341
ENSG00000104343	992	990	881	778
ENSG00000104356	1124	1484	956	1120
ENSG00000104361	238	223	188	146
ENSG00000104365	3456	3540	2855	2993
ENSG00000104368	58	73	28	68
ENSG00000104369	1	2	0	0
ENSG00000104371	0	0	0	0
ENSG00000104375	461	479	341	410
ENSG00000104381	697	762	605	489
ENSG00000104388	2390	2543	2061	2335
ENSG00000104408	13822	13124	12153	9758
ENSG00000104412	1040	1098	798	883
ENSG00000104413	0	2	0	0
ENSG00000104415	0	0	0	0
ENSG00000104419	6723	6769	5795	6369
ENSG00000104427	881	1408	590	1065
ENSG00000104432	163	134	177	103
ENSG00000104442	2558	2627	2288	2169
ENSG00000104447	7	34	0	5
ENSG00000104450	717	739	716	590
ENSG00000104472	1439	1225	1446	880
ENSG00000104490	5519	6177	4704	5379
ENSG00000104497	356	475	260	423
ENSG00000104499	0	0	1	0
ENSG00000104517	6870	8668	6713	7649
ENSG00000104518	3053	3241	2803	2737
ENSG00000104522	6394	5606	6289	4006
ENSG00000104524	1006	930	818	715
ENSG00000104529	13751	13284	12222	10943
ENSG00000104537	0	1	0	1
ENSG00000104549	7080	6365	6496	4711
ENSG00000104611	492	417	510	224
ENSG00000104613	3341	3557	2833	2751
ENSG00000104626	2673	4053	2643	3618
ENSG00000104635	3804	4073	2998	3145
ENSG00000104643	684	813	635	626
ENSG00000104660	1976	1928	1747	1583
ENSG00000104671	1135	1126	1036	995
ENSG00000104679	1112	1096	960	1116
ENSG00000104687	2796	3071	2127	2247
ENSG00000104689	348	562	279	459
ENSG00000104691	242	286	239	225
ENSG00000104695	1757	1436	1464	1247
ENSG00000104714	1787	1779	1590	1296
ENSG00000104723	1	0	0	0
ENSG00000104728	1	9	0	8
ENSG00000104731	1890	1828	1617	1460
ENSG00000104738	10372	12154	9685	9360
ENSG00000104756	1382	1496	1252	1291
ENSG00000104763	901	1116	762	1040
ENSG00000104765	3837	3150	3835	2951
ENSG00000104774	7851	7572	6462	6681
ENSG00000104783	3035	2255	2603	1816
ENSG00000104804	0	5	0	5
ENSG00000104805	12321	11074	11383	10178
ENSG00000104808	0	3	4	1
ENSG00000104812	4122	4483	3731	3980
ENSG00000104814	6387	6708	5627	6293
ENSG00000104823	7383	7382	5922	6968
ENSG00000104824	24500	25485	22158	20787
ENSG00000104825	2502	2792	2199	2179
ENSG00000104826	1	0	0	0
ENSG00000104833	1499	1380	863	1393
ENSG00000104835	902	1004	923	740
ENSG00000104852	10549	11868	9720	9547
ENSG00000104853	3771	4082	3192	3568
ENSG00000104856	2590	2084	2222	1506
ENSG00000104859	1630	1871	1493	1381
ENSG00000104863	28	28	12	27
ENSG00000104866	662	681	614	635
ENSG00000104870	127	48	126	41
ENSG00000104872	3701	3507	3275	3075
ENSG00000104879	4	5	1	4
ENSG00000104880	3087	3166	2621	2726
ENSG00000104881	227	199	203	194
ENSG00000104883	40	47	29	29
ENSG00000104884	1495	1563	1433	1473
ENSG00000104885	5726	5264	5324	4124
ENSG00000104886	2073	2276	1713	2008
ENSG00000104888	8	19	8	8
ENSG00000104889	1896	1969	1541	1501
ENSG00000104892	3	0	0	2
ENSG00000104894	4697	4213	4413	3646
ENSG00000104897	4904	4821	4273	3765
ENSG00000104899	3	16	12	21
ENSG00000104903	838	896	684	632
ENSG00000104904	39922	39265	34160	34800
ENSG00000104907	1505	1553	1276	1112
ENSG00000104915	2109	2257	1785	1890
ENSG00000104921	90	341	85	345
ENSG00000104936	621	819	699	568
ENSG00000104938	1	6	0	13
ENSG00000104941	0	1	0	0
ENSG00000104946	1584	1298	1294	1275
ENSG00000104951	311	161	148	125
ENSG00000104953	123	124	90	106
ENSG00000104957	616	768	616	591
ENSG00000104960	2144	2257	1998	1945
ENSG00000104964	17557	15442	15965	13522
ENSG00000104967	133	275	55	198
ENSG00000104969	4061	4458	3603	3699
ENSG00000104970	519	439	689	429
ENSG00000104972	1584	558	1391	475
ENSG00000104973	1995	2147	1726	1837
ENSG00000104976	849	998	728	873
ENSG00000104979	3887	3808	3330	2891
ENSG00000104980	2105	2401	1881	1730
ENSG00000104983	743	843	768	674
ENSG00000104998	3194	2491	3270	2176
ENSG00000105011	3348	3763	3186	3234
ENSG00000105048	42	26	28	38
ENSG00000105053	1441	1474	1372	1187
ENSG00000105058	2864	2891	2783	2694
ENSG00000105063	19468	20267	17517	16375
ENSG00000105072	165	110	126	105
ENSG00000105085	643	649	579	562
ENSG00000105088	59	47	29	58
ENSG00000105122	8184	7382	7974	6306
ENSG00000105127	1858	2082	1691	1490
ENSG00000105131	0	1	4	0
ENSG00000105135	1791	2040	1657	1626
ENSG00000105136	205	168	137	161
ENSG00000105137	29	15	31	15
ENSG00000105143	0	1	0	0
ENSG00000105146	6	9	11	7
ENSG00000105171	1751	2081	1621	1609
ENSG00000105173	990	1181	804	863
ENSG00000105176	3057	3298	2769	2297
ENSG00000105185	3430	4118	3018	2927
ENSG00000105186	3437	3373	2885	2533
ENSG00000105193	32313	31434	28352	26955
ENSG00000105197	3087	3397	2776	2652
ENSG00000105202	14084	14777	12139	11448
ENSG00000105204	1270	1000	1035	859
ENSG00000105205	10	11	3	19
ENSG00000105219	0	0	0	0
ENSG00000105220	35415	35675	32752	30105
ENSG00000105221	6338	6164	5584	5099
ENSG00000105223	3158	3146	2408	3257
ENSG00000105227	145	122	127	132
ENSG00000105229	1573	1455	1398	1291
ENSG00000105245	336	264	309	197
ENSG00000105246	2500	2395	1825	2218
ENSG00000105248	1274	1129	1146	927
ENSG00000105251	1	0	0	0
ENSG00000105254	3374	3546	2990	2971
ENSG00000105255	696	646	633	503
ENSG00000105258	1067	1034	962	853
ENSG00000105270	19	19	13	4
ENSG00000105278	6	25	6	15
ENSG00000105281	19029	22712	17430	18890
ENSG00000105287	3142	2851	2938	2532
ENSG00000105289	76	58	42	63
ENSG00000105290	63	46	51	58
ENSG00000105298	1886	1904	1561	1418
ENSG00000105321	1379	1297	1195	945
ENSG00000105323	20124	19457	18373	14621
ENSG00000105325	2224	1939	2224	1783
ENSG00000105327	956	925	868	753
ENSG00000105329	16174	14509	14027	12709
ENSG00000105339	2096	2264	2223	2054
ENSG00000105341	2071	1888	1766	1502
ENSG00000105355	3318	3514	2568	3322
ENSG00000105357	4	0	3	0
ENSG00000105364	4997	5970	4418	4747
ENSG00000105369	12	4	11	7
ENSG00000105370	5	4	9	6
ENSG00000105371	21	31	17	25
ENSG00000105372	32704	32202	28281	29336
ENSG00000105373	16911	12706	14459	10207
ENSG00000105374	5795	3637	6593	4995
ENSG00000105376	84	145	81	133
ENSG00000105379	3670	3362	3048	3100
ENSG00000105383	527	1126	419	1380
ENSG00000105393	3065	2996	2700	2631
ENSG00000105397	5192	5419	5095	4745
ENSG00000105401	14359	13393	12068	10300
ENSG00000105402	3398	3500	2844	3370
ENSG00000105404	2137	2061	1899	1572
ENSG00000105409	840	358	776	179
ENSG00000105419	6	16	5	15
ENSG00000105426	47	34	23	29
ENSG00000105427	5	3	7	9
ENSG00000105429	1989	1775	1927	1330
ENSG00000105438	3409	3757	3040	3108
ENSG00000105443	2160	2403	1768	2007
ENSG00000105447	3783	3692	3253	2857
ENSG00000105464	7	21	5	13
ENSG00000105467	5	4	1	2
ENSG00000105472	159	133	200	127
ENSG00000105479	3	7	3	3
ENSG00000105483	3116	3412	2851	2631
ENSG00000105486	4165	4631	4112	3696
ENSG00000105497	166	211	147	169
ENSG00000105499	117	123	124	90
ENSG00000105514	909	965	753	667
ENSG00000105516	328	335	325	270
ENSG00000105518	1019	1095	942	915
ENSG00000105519	87	122	76	105
ENSG00000105520	127	154	150	122
ENSG00000105523	8	11	13	13
ENSG00000105538	16	8	7	9
ENSG00000105549	2	15	2	9
ENSG00000105552	2687	3158	2207	3313
ENSG00000105556	934	874	769	829
ENSG00000105559	7	2	5	6
ENSG00000105568	10292	9632	8973	8462
ENSG00000105576	4322	4819	4051	3821
ENSG00000105583	2209	2056	1947	2048
ENSG00000105607	1684	1636	1513	1412
ENSG00000105609	0	0	0	0
ENSG00000105610	29	22	37	9
ENSG00000105612	2070	1827	1593	1564
ENSG00000105613	110	151	89	127
ENSG00000105617	504	609	437	444
ENSG00000105618	4843	4744	4146	3695
ENSG00000105619	1531	1409	1297	1106
ENSG00000105639	5774	5578	6011	4387
ENSG00000105640	47051	45468	42911	34060
ENSG00000105641	137	101	143	88
ENSG00000105642	12	4	3	16
ENSG00000105643	801	962	845	930
ENSG00000105647	1290	1057	1178	743
ENSG00000105649	93	129	66	93
ENSG00000105650	4	1	0	0
ENSG00000105655	293	436	381	465
ENSG00000105656	1794	1748	1524	1452
ENSG00000105662	392	416	363	361
ENSG00000105668	21	8	15	13
ENSG00000105669	6368	6094	5689	5351
ENSG00000105671	2747	2585	2123	2090
ENSG00000105672	37	38	32	41
ENSG00000105676	2702	2775	2388	2140
ENSG00000105677	1861	2140	1598	1784
ENSG00000105695	12	3	1	3
ENSG00000105696	1	4	0	3
ENSG00000105698	6414	5711	5640	4528
ENSG00000105699	61	22	73	33
ENSG00000105700	3827	4037	3197	3522
ENSG00000105701	14800	13941	12409	11496
ENSG00000105705	1417	1534	1418	1333
ENSG00000105708	252	153	203	161
ENSG00000105711	12	11	12	10
ENSG00000105717	164	199	161	204
ENSG00000105722	1749	1857	1726	1511
ENSG00000105723	3242	3434	2909	2889
ENSG00000105726	3418	3586	2945	2996
ENSG00000105732	976	846	875	648
ENSG00000105737	1	10	4	3
ENSG00000105738	811	652	719	450
ENSG00000105750	22	50	29	27
ENSG00000105755	1528	1310	1343	1244
ENSG00000105767	1	4	3	2
ENSG00000105771	1709	1750	1651	1594
ENSG00000105778	2838	3205	2360	2369
ENSG00000105784	7	1	3	4
ENSG00000105792	2	1	1	4
ENSG00000105793	892	1006	805	761
ENSG00000105808	1172	1155	1148	745
ENSG00000105810	22057	17409	20654	11699
ENSG00000105819	3446	3579	3010	2731
ENSG00000105821	1775	2254	1733	1543
ENSG00000105825	0	0	0	4
ENSG00000105829	588	652	549	583
ENSG00000105835	13570	14923	12020	11423
ENSG00000105849	3381	3551	3014	2680
ENSG00000105851	3974	3165	3464	2953
ENSG00000105852	0	0	0	0
ENSG00000105854	494	719	419	510
ENSG00000105855	238	264	137	165
ENSG00000105856	1227	1065	1071	918
ENSG00000105865	359	436	283	363
ENSG00000105866	2929	3122	3130	2857
ENSG00000105875	500	455	474	294
ENSG00000105877	0	11	13	6
ENSG00000105879	2077	1965	1893	1472
ENSG00000105887	11774	11772	10378	9714
ENSG00000105889	104	317	54	256
ENSG00000105894	1241	1992	1727	2055
ENSG00000105926	1621	1763	1400	1230
ENSG00000105928	20	9	9	11
ENSG00000105929	2	0	0	0
ENSG00000105939	5622	6549	5215	5091
ENSG00000105948	366	343	339	250
ENSG00000105953	10695	11831	10019	9949
ENSG00000105963	2211	1261	2126	1118
ENSG00000105967	1968	1530	2055	1214
ENSG00000105968	5876	5287	5329	4131
ENSG00000105971	236	197	89	109
ENSG00000105974	1640	747	1168	503
ENSG00000105976	2	0	0	0
ENSG00000105982	101	81	78	41
ENSG00000105983	1490	1344	1332	1107
ENSG00000105988	2	3	1	2
ENSG00000105989	0	1	0	0
ENSG00000105991	109	89	55	85
ENSG00000105993	5926	6431	5150	5330
ENSG00000105997	0	2	0	0
ENSG00000106003	5808	4725	5287	4214
ENSG00000106004	1	1	0	0
ENSG00000106006	0	3	0	0
ENSG00000106009	2362	2649	2084	2221
ENSG00000106012	994	1046	769	867
ENSG00000106013	10	6	11	3
ENSG00000106025	1	0	0	0
ENSG00000106028	4492	4610	3617	3207
ENSG00000106031	0	0	0	1
ENSG00000106034	0	0	0	0
ENSG00000106049	1168	1522	1000	1363
ENSG00000106052	5689	6333	4615	5481
ENSG00000106066	18	6	1	9
ENSG00000106069	319	152	190	71
ENSG00000106070	47	69	43	68
ENSG00000106077	422	518	370	459
ENSG00000106078	0	0	3	2
ENSG00000106080	174	234	151	234
ENSG00000106086	1183	1158	918	1028
ENSG00000106089	228	307	210	245
ENSG00000106100	521	547	460	381
ENSG00000106105	16066	17080	14020	11541
ENSG00000106123	98	21	36	11
ENSG00000106125	40	32	30	22
ENSG00000106128	0	0	0	0
ENSG00000106133	93	195	103	135
ENSG00000106144	2762	2791	2687	2256
ENSG00000106153	15876	17367	13617	14039
ENSG00000106211	2373	3004	1940	2707
ENSG00000106244	8684	8627	7841	6822
ENSG00000106245	3562	3504	3064	2714
ENSG00000106246	749	823	702	720
ENSG00000106258	0	0	0	0
ENSG00000106261	3096	2998	2929	2407
ENSG00000106263	15163	16520	13139	12861
ENSG00000106266	966	914	837	850
ENSG00000106268	1645	1496	1550	1345
ENSG00000106278	2	0	0	2
ENSG00000106290	3960	3437	3546	2696
ENSG00000106299	478	507	451	429
ENSG00000106302	0	0	0	0
ENSG00000106305	1948	2123	1693	1699
ENSG00000106327	336	239	380	173
ENSG00000106328	2	1	0	0
ENSG00000106330	754	642	724	586
ENSG00000106333	99	86	110	35
ENSG00000106336	22	10	9	12
ENSG00000106344	2135	2626	2062	1867
ENSG00000106346	943	1057	965	880
ENSG00000106348	4703	5110	3995	3554
ENSG00000106351	3582	3235	2867	2907
ENSG00000106355	1709	1794	1353	1381
ENSG00000106366	393	94	214	153
ENSG00000106367	3098	3111	2750	2562
ENSG00000106392	1428	1627	1350	1488
ENSG00000106397	1699	2280	1518	1955
ENSG00000106399	1515	1443	1398	1291
ENSG00000106400	2224	2249	1978	2064
ENSG00000106404	191	209	220	121
ENSG00000106415	889	646	775	548
ENSG00000106436	0	0	0	1
ENSG00000106443	2331	2483	2016	1828
ENSG00000106459	1100	1096	1067	944
ENSG00000106460	1193	1177	1047	1050
ENSG00000106462	4969	7564	4052	6269
ENSG00000106477	595	610	597	464
ENSG00000106479	574	654	570	545
ENSG00000106483	0	0	3	0
ENSG00000106484	0	8	0	3
ENSG00000106524	1003	1157	829	947
ENSG00000106526	57	64	28	47
ENSG00000106537	579	315	326	42
ENSG00000106538	0	0	0	0
ENSG00000106540	0	2	4	0
ENSG00000106546	6293	4265	5044	2385
ENSG00000106554	3703	4204	3118	3248
ENSG00000106560	954	737	865	607
ENSG00000106565	14	31	0	33
ENSG00000106571	81	20	15	19
ENSG00000106588	7694	7970	6726	6283
ENSG00000106591	1754	2140	1516	1551
ENSG00000106603	1052	1121	984	920
ENSG00000106605	731	691	674	713
ENSG00000106608	1431	1494	1164	1334
ENSG00000106609	3856	3703	3413	3102
ENSG00000106610	158	197	178	178
ENSG00000106615	1807	2183	1650	1691
ENSG00000106617	1611	1479	1096	1094
ENSG00000106624	45	13	72	8
ENSG00000106628	7021	7408	6336	5801
ENSG00000106633	0	0	2	2
ENSG00000106635	3654	3721	3060	3041
ENSG00000106636	4327	4712	3639	4039
ENSG00000106638	1863	2080	1578	1692
ENSG00000106665	2120	2713	1399	2204
ENSG00000106682	22948	25411	19560	20397
ENSG00000106683	5083	4781	3949	4625
ENSG00000106686	0	2	1	5
ENSG00000106689	6	8	5	4
ENSG00000106692	957	1256	858	970
ENSG00000106701	386	392	289	310
ENSG00000106723	1975	2385	1985	2035
ENSG00000106733	1131	1116	759	1117
ENSG00000106771	3051	2941	2481	2558
ENSG00000106772	20	12	0	13
ENSG00000106780	1415	1313	1246	1159
ENSG00000106785	4826	4782	4078	3983
ENSG00000106789	600	653	503	633
ENSG00000106799	6454	5893	6575	6259
ENSG00000106803	4074	4139	3479	3226
ENSG00000106804	197	189	189	232
ENSG00000106809	2	4	1	0
ENSG00000106819	0	0	0	0
ENSG00000106829	1199	1434	930	847
ENSG00000106853	59	44	12	25
ENSG00000106868	775	647	576	631
ENSG00000106927	0	0	0	0
ENSG00000106948	12393	11022	10987	9430
ENSG00000106952	3	10	11	2
ENSG00000106976	62	14	36	12
ENSG00000106991	3490	2940	2799	2387
ENSG00000106992	139	149	102	174
ENSG00000106993	610	578	469	474
ENSG00000107014	10	4	23	6
ENSG00000107018	13	10	5	5
ENSG00000107020	913	848	768	614
ENSG00000107021	1555	1469	1346	1272
ENSG00000107036	1684	1901	1507	1652
ENSG00000107077	1185	1383	1085	1248
ENSG00000107099	24382	22043	23973	18143
ENSG00000107104	89	130	46	241
ENSG00000107130	2754	2873	2768	2481
ENSG00000107140	1300	1131	1232	1114
ENSG00000107159	0	0	0	0
ENSG00000107164	2999	3185	2605	2547
ENSG00000107175	1771	1650	1448	1400
ENSG00000107185	1801	1749	1618	1417
ENSG00000107186	74	154	48	30
ENSG00000107201	678	688	647	618
ENSG00000107223	7562	6838	6346	5519
ENSG00000107242	1908	1671	1536	956
ENSG00000107262	3192	3208	2941	2323
ENSG00000107263	12490	10640	11164	8435
ENSG00000107281	3833	4275	3519	3157
ENSG00000107282	3376	2085	3707	1102
ENSG00000107290	5828	6123	5397	4982
ENSG00000107295	0	0	0	0
ENSG00000107317	10	18	17	26
ENSG00000107331	2982	2710	3373	2283
ENSG00000107338	226	290	71	272
ENSG00000107341	4006	3813	3463	3343
ENSG00000107362	1113	1062	1146	823
ENSG00000107371	1919	2029	1725	1708
ENSG00000107372	9781	10362	8581	9050
ENSG00000107404	2192	2634	1761	2130
ENSG00000107438	422	1084	484	1000
ENSG00000107443	248	376	268	323
ENSG00000107485	7481	11753	5864	11052
ENSG00000107518	39	59	7	43
ENSG00000107521	1694	2065	1516	2031
ENSG00000107537	881	879	740	651
ENSG00000107551	140	426	165	291
ENSG00000107554	97	128	82	112
ENSG00000107560	265	446	326	354
ENSG00000107562	20	2	15	1
ENSG00000107566	1418	1575	1291	1330
ENSG00000107581	26422	29743	24643	23334
ENSG00000107611	31	19	20	23
ENSG00000107614	300	419	257	273
ENSG00000107625	2915	3131	2673	2402
ENSG00000107643	3278	4746	3455	4628
ENSG00000107651	3303	3483	2904	2706
ENSG00000107669	1651	1627	1423	1414
ENSG00000107672	1664	2035	1586	1535
ENSG00000107679	6	25	7	15
ENSG00000107719	14	2	21	5
ENSG00000107731	125	280	26	658
ENSG00000107736	1	4	6	11
ENSG00000107738	1481	1047	1350	1114
ENSG00000107742	822	1008	209	1066
ENSG00000107745	1457	1669	1332	1554
ENSG00000107758	4399	4355	3796	3705
ENSG00000107771	3564	3024	3109	2308
ENSG00000107779	783	984	669	856
ENSG00000107789	1537	1125	1027	1155
ENSG00000107796	3930	3616	2985	3239
ENSG00000107798	3238	3355	2773	2793
ENSG00000107815	2288	2128	1951	1484
ENSG00000107816	673	628	445	485
ENSG00000107819	1790	2389	1708	2051
ENSG00000107821	21	24	26	29
ENSG00000107829	1532	1550	1220	1260
ENSG00000107831	0	0	0	2
ENSG00000107833	2216	2339	1998	1566
ENSG00000107854	2510	2477	2185	2081
ENSG00000107859	0	0	0	1
ENSG00000107862	4718	4896	4217	4253
ENSG00000107863	2451	2684	2362	1825
ENSG00000107864	178	136	137	92
ENSG00000107872	971	901	905	861
ENSG00000107874	2981	2827	2644	2681
ENSG00000107882	795	727	699	721
ENSG00000107890	1271	1329	1140	862
ENSG00000107897	1511	1675	1276	1325
ENSG00000107902	278	259	266	268
ENSG00000107929	4325	4551	3799	3720
ENSG00000107937	5757	6610	5193	4985
ENSG00000107938	939	1201	856	881
ENSG00000107949	4004	4633	3512	3392
ENSG00000107951	1097	1312	1040	999
ENSG00000107954	81	79	82	113
ENSG00000107957	2746	2012	2235	1797
ENSG00000107959	4668	5634	3904	4849
ENSG00000107960	1183	1237	1095	1072
ENSG00000107968	748	717	639	651
ENSG00000108010	2876	3713	2531	2722
ENSG00000108018	6	5	3	5
ENSG00000108021	2444	2795	2293	2009
ENSG00000108039	2128	2468	1675	2099
ENSG00000108055	6999	7316	6657	5854
ENSG00000108061	1969	2159	1664	1960
ENSG00000108064	3973	4482	3661	3593
ENSG00000108091	4595	3472	3991	2331
ENSG00000108094	2860	2853	2441	2311
ENSG00000108100	3364	3188	2703	2488
ENSG00000108106	9617	11552	8892	9942
ENSG00000108107	33582	29992	29354	23646
ENSG00000108175	8008	7200	7192	6348
ENSG00000108176	577	965	272	126
ENSG00000108179	5706	7186	5035	5638
ENSG00000108187	75	56	42	52
ENSG00000108219	4541	3818	4160	3444
ENSG00000108239	701	312	523	273
ENSG00000108242	0	2	5	0
ENSG00000108256	4680	5558	4515	4389
ENSG00000108262	4646	4174	3852	3263
ENSG00000108298	43367	44073	38910	35186
ENSG00000108306	795	835	736	647
ENSG00000108309	12	1	8	14
ENSG00000108312	8589	8402	7667	6392
ENSG00000108342	0	0	0	0
ENSG00000108344	8216	9644	7340	7802
ENSG00000108349	4479	4235	4041	3311
ENSG00000108352	116	170	97	118
ENSG00000108370	806	994	822	1112
ENSG00000108375	0	0	0	0
ENSG00000108379	19	28	10	5
ENSG00000108384	1112	1569	949	1337
ENSG00000108387	14	12	9	14
ENSG00000108389	3760	3833	3535	3141
ENSG00000108395	1610	2051	1350	1909
ENSG00000108405	47	62	17	70
ENSG00000108406	1618	1434	1323	1033
ENSG00000108423	268	281	224	196
ENSG00000108424	23737	27753	21505	21119
ENSG00000108433	1504	1753	1220	1298
ENSG00000108439	1612	1837	1469	1506
ENSG00000108443	2666	2930	2217	2357
ENSG00000108448	128	71	92	50
ENSG00000108465	2532	2782	2419	2216
ENSG00000108468	4288	4367	3692	3395
ENSG00000108469	702	851	661	637
ENSG00000108474	178	297	119	222
ENSG00000108479	1524	1482	1327	1360
ENSG00000108506	1268	1396	1255	1078
ENSG00000108509	2915	3038	2501	2585
ENSG00000108510	4079	4226	3697	3334
ENSG00000108511	175	123	148	116
ENSG00000108515	232	281	211	183
ENSG00000108518	83719	78238	77712	62963
ENSG00000108523	5322	5014	5029	4252
ENSG00000108528	3449	3695	2935	3286
ENSG00000108551	33	7	8	3
ENSG00000108556	8	5	5	2
ENSG00000108557	1868	1948	1889	1593
ENSG00000108559	2964	2890	2632	2271
ENSG00000108561	12498	13539	10708	9897
ENSG00000108576	39	12	8	5
ENSG00000108578	3208	3562	2870	2529
ENSG00000108582	2532	2802	2396	2542
ENSG00000108587	2296	2378	1798	1958
ENSG00000108588	5436	6258	4571	4974
ENSG00000108590	255	351	314	273
ENSG00000108591	1857	2007	1541	1704
ENSG00000108592	4992	5173	4476	3716
ENSG00000108599	888	1026	801	874
ENSG00000108602	0	2	3	0
ENSG00000108604	6005	5777	5517	4556
ENSG00000108622	1336	1169	1182	1095
ENSG00000108639	5171	4675	4293	4296
ENSG00000108641	68	74	42	69
ENSG00000108651	2971	3126	2477	2258
ENSG00000108654	18053	21089	15387	15710
ENSG00000108666	1042	1026	905	850
ENSG00000108669	4419	4698	4096	4120
ENSG00000108671	5357	5745	4599	4892
ENSG00000108679	680	1641	381	2110
ENSG00000108684	0	1	0	3
ENSG00000108688	1	0	0	0
ENSG00000108691	245	592	81	706
ENSG00000108702	7982	4945	6749	5707
ENSG00000108733	330	344	297	254
ENSG00000108771	195	253	270	227
ENSG00000108773	2050	2260	1713	1671
ENSG00000108774	4136	4356	3579	3949
ENSG00000108784	664	789	602	632
ENSG00000108785	1	0	0	0
ENSG00000108786	4	17	12	9
ENSG00000108788	2998	3494	2602	2822
ENSG00000108797	370	153	155	108
ENSG00000108798	6	12	7	12
ENSG00000108799	847	704	692	586
ENSG00000108813	9	17	19	14
ENSG00000108819	9479	8581	8666	7167
ENSG00000108821	40	50	30	23
ENSG00000108823	2	0	0	1
ENSG00000108825	12	11	11	11
ENSG00000108826	1561	1690	1301	1587
ENSG00000108828	1570	1653	1061	1271
ENSG00000108829	7567	9010	6422	7325
ENSG00000108830	1	0	1	0
ENSG00000108839	0	1	0	0
ENSG00000108840	1498	1371	1528	1127
ENSG00000108848	4167	6090	4691	4236
ENSG00000108849	0	0	0	0
ENSG00000108852	3	9	9	1
ENSG00000108854	469	461	379	341
ENSG00000108861	501	552	520	612
ENSG00000108878	0	0	0	4
ENSG00000108883	7418	7786	6674	6344
ENSG00000108924	161	947	48	1023
ENSG00000108932	388	404	376	259
ENSG00000108946	12032	11090	10231	9163
ENSG00000108947	7	0	3	0
ENSG00000108953	24228	27224	20507	21460
ENSG00000108958	2	0	1	1
ENSG00000108960	932	1273	761	1181
ENSG00000108961	1872	2239	1547	1824
ENSG00000108963	755	858	715	688
ENSG00000108984	303	220	306	168
ENSG00000109016	676	684	604	476
ENSG00000109046	3327	4531	2863	3365
ENSG00000109062	13585	14139	12148	13118
ENSG00000109063	43	60	58	38
ENSG00000109065	619	743	520	632
ENSG00000109066	1133	1229	1056	1027
ENSG00000109072	2	6	4	3
ENSG00000109079	1026	1074	881	834
ENSG00000109083	494	446	468	375
ENSG00000109084	2780	2801	2614	1966
ENSG00000109089	72	75	47	75
ENSG00000109099	5	0	9	0
ENSG00000109103	1977	2008	1956	1890
ENSG00000109107	1595	1453	1670	1399
ENSG00000109111	8259	8260	7233	6751
ENSG00000109113	3	12	5	23
ENSG00000109118	2095	2044	2033	1569
ENSG00000109133	2736	2905	2480	2392
ENSG00000109171	3633	3656	3245	3128
ENSG00000109180	3666	3664	3231	2914
ENSG00000109184	849	807	705	558
ENSG00000109189	1007	1194	892	1042
ENSG00000109220	579	512	454	405
ENSG00000109255	4	0	0	0
ENSG00000109265	1831	1864	1613	1422
ENSG00000109270	1031	1016	821	750
ENSG00000109320	10280	7173	8975	4630
ENSG00000109321	0	0	0	0
ENSG00000109323	425	519	402	416
ENSG00000109332	13732	15150	12032	11822
ENSG00000109339	1	1	0	0
ENSG00000109381	690	804	658	605
ENSG00000109390	914	955	789	812
ENSG00000109436	6	9	1	11
ENSG00000109445	2402	2481	2434	1823
ENSG00000109452	2406	2638	2505	1834
ENSG00000109458	9	35	25	9
ENSG00000109466	2029	1990	1627	1471
ENSG00000109472	28	220	10	91
ENSG00000109475	11425	12120	11215	9572
ENSG00000109501	328	544	283	760
ENSG00000109519	2842	3097	2386	2371
ENSG00000109534	1962	2093	1666	1341
ENSG00000109536	1770	2192	1870	1822
ENSG00000109572	2056	1973	1676	1618
ENSG00000109586	1242	1539	1120	1231
ENSG00000109606	9967	11212	8734	8315
ENSG00000109618	586	575	585	524
ENSG00000109625	348	498	301	373
ENSG00000109654	25	7	13	7
ENSG00000109667	3	3	1	7
ENSG00000109670	1412	1278	1274	985
ENSG00000109674	461	521	449	447
ENSG00000109680	161	168	163	168
ENSG00000109684	9	27	4	21
ENSG00000109685	13291	14956	13172	11557
ENSG00000109686	3	8	4	1
ENSG00000109689	2166	1855	1953	1185
ENSG00000109705	0	0	0	0
ENSG00000109736	7436	7529	6782	7797
ENSG00000109743	6	0	1	1
ENSG00000109756	865	819	735	627
ENSG00000109762	1413	1611	1228	1314
ENSG00000109771	6	18	18	16
ENSG00000109775	828	844	752	619
ENSG00000109787	7	40	5	38
ENSG00000109790	1110	1308	1026	1103
ENSG00000109794	0	0	0	0
ENSG00000109805	4025	4051	3978	3256
ENSG00000109814	1083	1178	851	923
ENSG00000109819	0	0	0	1
ENSG00000109854	2017	3389	1606	3393
ENSG00000109861	5439	5011	5551	4314
ENSG00000109881	867	1377	1035	1072
ENSG00000109906	0	0	0	0
ENSG00000109911	706	724	674	651
ENSG00000109917	2619	2947	2407	2387
ENSG00000109919	3455	3920	3358	3467
ENSG00000109920	2279	2811	2104	2077
ENSG00000109927	9	6	10	8
ENSG00000109929	1122	1310	1165	960
ENSG00000109943	5790	1795	5296	880
ENSG00000109944	193	284	109	237
ENSG00000109956	0	0	0	0
ENSG00000109971	107526	117787	92878	91182
ENSG00000110002	177	175	132	145
ENSG00000110011	788	637	680	586
ENSG00000110013	228	259	217	187
ENSG00000110025	1232	1080	999	966
ENSG00000110031	6154	5349	5176	4816
ENSG00000110042	15	6	11	8
ENSG00000110046	1927	1669	1749	1624
ENSG00000110047	8812	9365	7085	9348
ENSG00000110048	4013	3972	3356	3075
ENSG00000110057	531	624	592	506
ENSG00000110060	547	598	436	473
ENSG00000110063	1948	2095	1748	1714
ENSG00000110066	1311	1140	1097	957
ENSG00000110074	1423	1472	1160	1328
ENSG00000110075	4930	4970	4342	4001
ENSG00000110076	16	9	18	16
ENSG00000110080	713	740	596	699
ENSG00000110090	894	2163	727	2678
ENSG00000110092	40	56	67	78
ENSG00000110104	3387	4438	2788	3407
ENSG00000110107	8825	9507	7859	7098
ENSG00000110108	5898	6306	5430	5558
ENSG00000110169	1	2	0	0
ENSG00000110171	189	293	195	240
ENSG00000110172	3049	3737	2625	2872
ENSG00000110195	0	0	0	0
ENSG00000110200	1404	1548	1222	1406
ENSG00000110218	1200	1175	1024	940
ENSG00000110237	30	24	19	36
ENSG00000110274	1430	1477	1263	1133
ENSG00000110315	677	821	627	690
ENSG00000110318	36	2	24	9
ENSG00000110321	50528	59301	42222	49784
ENSG00000110324	7348	9355	7336	10719
ENSG00000110328	19	6	12	0
ENSG00000110330	2203	2342	1785	1632
ENSG00000110344	3323	3987	2891	3428
ENSG00000110367	6427	6226	6435	4992
ENSG00000110375	12	1	8	3
ENSG00000110395	3891	4018	3792	3271
ENSG00000110400	1283	904	897	1162
ENSG00000110422	2070	2082	1936	1891
ENSG00000110427	0	6	8	0
ENSG00000110429	699	811	697	744
ENSG00000110435	1227	1430	1073	1233
ENSG00000110436	0	0	0	1
ENSG00000110442	753	705	608	573
ENSG00000110446	0	3	0	0
ENSG00000110448	3335	3575	2985	3179
ENSG00000110455	1	14	10	8
ENSG00000110492	10	24	23	18
ENSG00000110497	2151	2161	1976	1996
ENSG00000110514	4055	4448	3734	4038
ENSG00000110536	1441	1780	1282	1552
ENSG00000110583	757	909	787	814
ENSG00000110619	4370	4745	4200	3575
ENSG00000110628	380	295	377	291
ENSG00000110651	6318	5857	5777	4906
ENSG00000110660	2275	2279	1920	1668
ENSG00000110665	1156	1228	1345	1267
ENSG00000110693	0	3	0	1
ENSG00000110696	7627	7939	6801	6362
ENSG00000110697	5822	5104	5194	3921
ENSG00000110700	15243	15640	13748	11919
ENSG00000110711	7750	7345	6984	6201
ENSG00000110713	6030	6140	5458	4833
ENSG00000110717	2272	2417	2058	2069
ENSG00000110719	2752	3206	2811	3319
ENSG00000110721	570	765	494	553
ENSG00000110723	1	4	0	0
ENSG00000110756	1209	1343	1176	1116
ENSG00000110768	1897	1892	1636	1425
ENSG00000110777	19	46	8	72
ENSG00000110786	4	1	0	0
ENSG00000110799	55	17	56	29
ENSG00000110801	2290	2509	1943	2188
ENSG00000110811	0	7	0	0
ENSG00000110841	283	243	189	276
ENSG00000110844	155	217	198	167
ENSG00000110848	1386	1027	1139	860
ENSG00000110851	1805	1989	1673	1612
ENSG00000110852	816	531	753	374
ENSG00000110871	1451	1288	1137	1079
ENSG00000110876	9767	10475	9007	10456
ENSG00000110880	2163	2711	1849	2663
ENSG00000110881	31	47	27	54
ENSG00000110888	179	285	160	207
ENSG00000110900	5	0	7	3
ENSG00000110906	3846	4011	3327	3252
ENSG00000110911	799	936	758	866
ENSG00000110917	9672	10882	8717	8612
ENSG00000110921	1630	1369	1422	1145
ENSG00000110925	792	829	733	727
ENSG00000110931	2900	2729	2458	2147
ENSG00000110934	3522	3596	3197	3189
ENSG00000110944	73	64	73	35
ENSG00000110955	36764	38055	30919	31353
ENSG00000110958	17908	20518	16207	15722
ENSG00000110987	36	48	45	27
ENSG00000111011	3543	4150	3498	3067
ENSG00000111012	84	101	59	61
ENSG00000111052	3967	2959	3411	2004
ENSG00000111057	11	30	9	65
ENSG00000111058	28	15	21	20
ENSG00000111077	152	78	126	44
ENSG00000111087	30	34	25	21
ENSG00000111110	6	3	6	6
ENSG00000111142	5948	7050	5510	5213
ENSG00000111144	3590	4250	3009	2993
ENSG00000111145	3315	3204	2568	2450
ENSG00000111181	0	0	0	0
ENSG00000111186	290	305	90	288
ENSG00000111196	1100	1064	896	836
ENSG00000111203	579	579	532	433
ENSG00000111206	4894	4871	4672	3898
ENSG00000111215	0	14	4	1
ENSG00000111224	467	459	382	384
ENSG00000111229	10333	9960	9171	8372
ENSG00000111231	1123	1205	1077	1066
ENSG00000111237	2153	2696	1854	2290
ENSG00000111247	636	799	781	618
ENSG00000111249	738	319	830	188
ENSG00000111252	1441	1103	1361	838
ENSG00000111254	33	27	28	26
ENSG00000111261	13	3	5	20
ENSG00000111262	0	0	0	0
ENSG00000111266	2405	2696	2112	2079
ENSG00000111269	1897	2043	1518	1853
ENSG00000111271	633	672	596	627
ENSG00000111275	3	12	4	1
ENSG00000111276	3047	2518	2928	1996
ENSG00000111291	0	0	1	0
ENSG00000111300	1647	1906	1485	1360
ENSG00000111305	0	0	1	0
ENSG00000111319	0	1	1	0
ENSG00000111321	2	26	4	15
ENSG00000111325	550	668	522	520
ENSG00000111328	2045	2511	1637	2160
ENSG00000111331	5697	5552	5218	4878
ENSG00000111335	5342	5315	4404	4492
ENSG00000111341	0	2	1	0
ENSG00000111344	0	0	0	0
ENSG00000111348	36182	36187	31556	30528
ENSG00000111358	2160	2236	1773	1655
ENSG00000111361	2956	3045	2531	2400
ENSG00000111364	1333	1685	1275	1316
ENSG00000111371	18026	18095	16484	13396
ENSG00000111405	0	0	2	0
ENSG00000111412	3184	3084	2835	2551
ENSG00000111424	6989	5383	5046	4471
ENSG00000111445	1482	1707	1383	1426
ENSG00000111450	632	752	615	649
ENSG00000111452	115	88	217	152
ENSG00000111481	4716	4016	3913	3396
ENSG00000111490	17	4	9	21
ENSG00000111530	8782	9615	7977	7359
ENSG00000111536	2	2	0	2
ENSG00000111537	1456	1288	1602	1513
ENSG00000111540	3731	3184	3269	2792
ENSG00000111554	600	597	551	545
ENSG00000111581	3497	3874	3237	2810
ENSG00000111596	2743	2540	2440	1865
ENSG00000111602	3314	3593	3333	2919
ENSG00000111605	5066	5527	4641	4236
ENSG00000111615	2791	3270	2420	2686
ENSG00000111639	4265	4153	3662	3783
ENSG00000111640	163042	153485	152476	133214
ENSG00000111641	4886	5667	4048	4424
ENSG00000111642	19669	19287	18662	15658
ENSG00000111644	4	15	3	13
ENSG00000111647	3397	3912	2903	3034
ENSG00000111652	1485	1749	1222	1442
ENSG00000111653	487	436	415	413
ENSG00000111664	0	0	0	1
ENSG00000111665	1015	1163	1048	925
ENSG00000111666	551	964	495	844
ENSG00000111667	7505	7155	6471	6141
ENSG00000111669	55896	52146	51500	44959
ENSG00000111670	12439	13284	11870	11596
ENSG00000111671	111	89	94	78
ENSG00000111674	3229	3770	3400	3979
ENSG00000111676	3669	3556	3134	3159
ENSG00000111678	2092	1781	1900	1746
ENSG00000111679	7880	6212	6948	4334
ENSG00000111684	1498	1396	1262	1180
ENSG00000111696	397	452	380	347
ENSG00000111707	2428	2518	2232	1997
ENSG00000111711	1505	1744	1239	1417
ENSG00000111716	41565	43529	35736	34124
ENSG00000111725	1058	983	854	955
ENSG00000111726	2149	2569	1835	2112
ENSG00000111727	551	615	489	540
ENSG00000111728	23	5	9	3
ENSG00000111729	1	1	2	2
ENSG00000111731	1706	1896	1628	1670
ENSG00000111732	0	2	0	0
ENSG00000111737	4876	4984	4231	3791
ENSG00000111752	457	495	373	455
ENSG00000111775	6153	5972	5353	5289
ENSG00000111780	5	0	7	0
ENSG00000111785	792	812	582	648
ENSG00000111786	9315	9872	8043	8223
ENSG00000111788	117	207	134	198
ENSG00000111790	2108	2156	2200	1935
ENSG00000111796	22	0	19	0
ENSG00000111799	0	0	0	0
ENSG00000111801	1853	1789	1547	1651
ENSG00000111802	2662	2747	2221	2110
ENSG00000111816	0	1	3	2
ENSG00000111817	971	957	799	800
ENSG00000111832	2104	2856	2212	2253
ENSG00000111834	0	0	0	0
ENSG00000111837	18	31	31	29
ENSG00000111843	1637	1697	1436	1434
ENSG00000111845	1449	1624	1295	1216
ENSG00000111846	8	14	11	10
ENSG00000111850	254	266	242	222
ENSG00000111859	8111	7077	7478	5360
ENSG00000111860	675	804	600	594
ENSG00000111863	151	37	97	42
ENSG00000111875	1996	2166	1641	1741
ENSG00000111877	777	845	640	566
ENSG00000111879	68	60	47	12
ENSG00000111880	1737	1688	1572	1515
ENSG00000111885	4386	4617	3434	3937
ENSG00000111886	0	1	0	1
ENSG00000111897	5098	4823	4372	4908
ENSG00000111906	1492	1760	1322	1384
ENSG00000111911	832	923	729	781
ENSG00000111912	1746	1811	1547	1471
ENSG00000111913	2822	1462	2779	1287
ENSG00000111962	49	39	54	55
ENSG00000111981	54	109	92	83
ENSG00000112029	1364	1419	1344	1082
ENSG00000112031	1387	1642	1264	1412
ENSG00000112033	1976	2032	1668	1748
ENSG00000112039	641	649	586	461
ENSG00000112053	0	1	0	0
ENSG00000112062	3548	3613	3061	3087
ENSG00000112078	8017	8287	6819	6611
ENSG00000112079	2550	2377	2382	2033
ENSG00000112081	19936	21004	18010	16480
ENSG00000112096	2879	3254	2471	2896
ENSG00000112110	2197	2329	1728	1729
ENSG00000112116	0	12	0	28
ENSG00000112118	12728	14183	12220	10694
ENSG00000112130	955	1239	836	977
ENSG00000112137	1536	1466	1258	901
ENSG00000112139	19	43	9	23
ENSG00000112144	663	628	563	635
ENSG00000112146	1241	1523	1211	1374
ENSG00000112149	5718	3050	3854	1838
ENSG00000112159	2581	3584	3324	2587
ENSG00000112167	339	341	293	278
ENSG00000112182	765	544	485	322
ENSG00000112195	15	10	16	9
ENSG00000112200	1760	1922	1621	1632
ENSG00000112208	1548	1754	1373	1347
ENSG00000112210	443	577	395	479
ENSG00000112218	342	431	322	330
ENSG00000112232	0	6	1	8
ENSG00000112234	732	891	757	645
ENSG00000112237	2091	2212	1727	1704
ENSG00000112238	6	2	2	3
ENSG00000112242	1870	1904	1645	1459
ENSG00000112245	1996	2478	1731	1970
ENSG00000112246	13601	13127	12177	9181
ENSG00000112249	5619	6390	4986	5199
ENSG00000112276	42	9	48	2
ENSG00000112282	1115	1225	1205	974
ENSG00000112290	62	150	41	147
ENSG00000112293	19	30	7	17
ENSG00000112294	1656	1212	1375	755
ENSG00000112297	10388	11856	8586	8538
ENSG00000112303	254	130	243	114
ENSG00000112304	1169	1202	953	1052
ENSG00000112305	1964	2107	1776	2101
ENSG00000112306	28610	29397	26736	23511
ENSG00000112308	9052	9540	7878	7449
ENSG00000112309	4	13	3	9
ENSG00000112312	1183	1649	1127	1296
ENSG00000112320	135	104	90	68
ENSG00000112335	4044	4838	3634	4135
ENSG00000112339	6797	7648	5765	6166
ENSG00000112343	1698	1808	1485	1595
ENSG00000112357	293	245	218	239
ENSG00000112365	1336	1407	1324	1098
ENSG00000112367	642	569	514	585
ENSG00000112378	1752	3300	1174	2882
ENSG00000112379	8	9	6	6
ENSG00000112394	0	2	0	7
ENSG00000112406	2621	2549	2422	2195
ENSG00000112419	713	595	888	435
ENSG00000112425	236	292	213	205
ENSG00000112473	4204	4514	3407	3688
ENSG00000112486	438	858	310	267
ENSG00000112499	0	0	0	0
ENSG00000112511	768	900	744	859
ENSG00000112514	3098	3175	2765	2956
ENSG00000112530	1	0	0	0
ENSG00000112531	4402	4210	3636	3878
ENSG00000112541	0	13	0	0
ENSG00000112561	2539	1693	1927	1303
ENSG00000112562	0	0	0	0
ENSG00000112576	8775	10010	8262	10514
ENSG00000112578	2164	2491	1766	1849
ENSG00000112584	1072	1197	923	885
ENSG00000112592	836	965	750	728
ENSG00000112599	7	22	9	18
ENSG00000112619	0	0	0	2
ENSG00000112624	1750	1523	1522	1231
ENSG00000112640	2899	2643	2537	2280
ENSG00000112651	1497	1427	1259	1112
ENSG00000112655	725	227	399	143
ENSG00000112658	7406	7944	6118	6372
ENSG00000112659	1317	1296	1341	1083
ENSG00000112667	4918	3978	4015	3009
ENSG00000112679	1296	1411	1208	1158
ENSG00000112685	3416	3210	2692	2802
ENSG00000112695	4114	4470	3781	4066
ENSG00000112697	4943	5373	4170	5558
ENSG00000112699	933	939	873	782
ENSG00000112701	3555	3935	2886	3018
ENSG00000112715	1108	1870	1056	1691
ENSG00000112739	3728	4387	3587	3258
ENSG00000112742	1680	1515	1707	1115
ENSG00000112759	2825	3214	2932	2710
ENSG00000112763	984	1248	916	1180
ENSG00000112769	4	0	0	0
ENSG00000112773	487	1496	511	1217
ENSG00000112782	1184	903	1136	499
ENSG00000112787	2716	3049	2656	2232
ENSG00000112796	0	0	0	0
ENSG00000112812	9	4	2	0
ENSG00000112851	3805	3663	3358	2869
ENSG00000112852	1	0	1	2
ENSG00000112855	1254	1065	1069	967
ENSG00000112877	421	355	325	312
ENSG00000112893	1667	2045	1458	1745
ENSG00000112941	1166	1279	1163	1020
ENSG00000112964	1	0	0	0
ENSG00000112972	11668	9945	10670	5567
ENSG00000112977	2990	3854	2408	3591
ENSG00000112983	1928	1545	1547	1050
ENSG00000112984	2480	1833	2272	1329
ENSG00000112992	5817	5956	5311	5365
ENSG00000112996	2174	2419	1886	1829
ENSG00000113013	21036	26209	18243	19293
ENSG00000113048	4145	4013	3634	2675
ENSG00000113068	2511	2696	2234	2064
ENSG00000113070	570	1042	680	910
ENSG00000113073	0	1	2	0
ENSG00000113083	0	0	0	0
ENSG00000113088	139	13	111	21
ENSG00000113108	152	281	188	177
ENSG00000113119	579	533	544	368
ENSG00000113140	69	39	9	17
ENSG00000113141	5715	5482	5069	4648
ENSG00000113161	7592	6734	6967	4509
ENSG00000113163	1882	2119	1821	1667
ENSG00000113194	3212	3112	2716	2268
ENSG00000113196	0	0	0	0
ENSG00000113209	0	0	0	1
ENSG00000113231	27	56	20	6
ENSG00000113240	391	520	377	388
ENSG00000113249	1	2	0	0
ENSG00000113263	10587	10728	8815	8124
ENSG00000113269	0	0	1	1
ENSG00000113272	1088	1044	1021	795
ENSG00000113273	2631	2827	1884	2238
ENSG00000113282	3535	4422	2833	3488
ENSG00000113296	12	6	12	4
ENSG00000113300	2799	2910	2584	2396
ENSG00000113302	2	0	0	1
ENSG00000113303	1	11	16	0
ENSG00000113312	2584	2767	2326	2182
ENSG00000113318	1150	1327	1067	888
ENSG00000113319	8	17	0	3
ENSG00000113328	4668	5681	3959	5078
ENSG00000113356	613	923	603	542
ENSG00000113360	2573	2837	2323	2375
ENSG00000113368	9855	9969	9191	7574
ENSG00000113369	835	974	853	824
ENSG00000113384	5079	4983	4365	3861
ENSG00000113387	9922	10014	8770	7822
ENSG00000113389	1	1	2	0
ENSG00000113391	648	629	601	538
ENSG00000113396	0	0	0	1
ENSG00000113407	9596	11142	8381	8153
ENSG00000113430	0	0	0	0
ENSG00000113441	3545	3502	3694	3125
ENSG00000113448	1235	1496	1286	1238
ENSG00000113456	1438	1661	1305	1295
ENSG00000113460	2700	3097	2503	2322
ENSG00000113494	4	1	0	0
ENSG00000113504	1231	1207	1484	1057
ENSG00000113520	10	30	1	35
ENSG00000113522	4340	5803	4272	5460
ENSG00000113525	2026	9254	796	20553
ENSG00000113532	8137	9596	7206	8129
ENSG00000113552	580	550	613	399
ENSG00000113555	16	24	18	50
ENSG00000113558	7114	7897	6255	6708
ENSG00000113569	3149	3450	2996	2643
ENSG00000113575	9972	10294	8673	8393
ENSG00000113580	4366	4032	4335	2961
ENSG00000113583	2055	2082	1810	1862
ENSG00000113593	1473	1473	1278	1014
ENSG00000113594	117	351	82	151
ENSG00000113595	304	320	280	282
ENSG00000113597	712	773	618	557
ENSG00000113615	2228	2640	2144	2229
ENSG00000113621	2031	2114	1790	1787
ENSG00000113638	744	886	690	706
ENSG00000113643	4613	4637	3842	3597
ENSG00000113645	2	15	0	9
ENSG00000113648	10116	10435	9267	8038
ENSG00000113649	4541	5074	4340	3676
ENSG00000113657	0	0	4	3
ENSG00000113658	944	1345	887	1253
ENSG00000113712	9431	9421	8114	7503
ENSG00000113716	3530	3656	3033	3053
ENSG00000113719	3861	4039	3183	3367
ENSG00000113721	1797	1032	1940	1161
ENSG00000113722	0	1	0	0
ENSG00000113732	3624	3938	2937	3915
ENSG00000113734	612	616	510	458
ENSG00000113739	833	634	547	349
ENSG00000113742	905	1269	735	1304
ENSG00000113749	149	175	121	126
ENSG00000113758	289	168	428	231
ENSG00000113761	560	579	466	476
ENSG00000113790	847	637	743	476
ENSG00000113810	16558	18291	16716	14230
ENSG00000113811	3807	4511	4083	3828
ENSG00000113812	3890	3719	3961	3039
ENSG00000113838	833	888	730	719
ENSG00000113845	2733	2676	2387	2024
ENSG00000113851	1467	1508	1345	1261
ENSG00000113916	960	1070	818	879
ENSG00000113924	0	0	0	1
ENSG00000113946	4	1	1	5
ENSG00000113966	525	519	436	418
ENSG00000113971	205	321	203	218
ENSG00000114013	10721	12502	10020	10398
ENSG00000114019	0	0	0	0
ENSG00000114021	2562	3024	2361	2276
ENSG00000114023	3641	3583	3153	2732
ENSG00000114026	1050	954	902	951
ENSG00000114030	3990	3948	3165	3169
ENSG00000114054	3493	3398	2965	2658
ENSG00000114062	4442	4965	4167	3772
ENSG00000114098	2245	2328	2051	1949
ENSG00000114107	153	309	164	370
ENSG00000114115	0	0	1	0
ENSG00000114120	3446	3924	3238	2884
ENSG00000114124	2	0	0	1
ENSG00000114125	2879	3031	2435	2577
ENSG00000114126	3358	2936	2900	2409
ENSG00000114127	4258	4366	4166	3776
ENSG00000114166	4256	5419	4403	5397
ENSG00000114200	0	29	0	0
ENSG00000114204	0	0	0	0
ENSG00000114209	3594	3998	3163	3349
ENSG00000114251	94	305	22	283
ENSG00000114268	1343	1273	1410	1435
ENSG00000114270	22	98	24	84
ENSG00000114279	3	0	6	0
ENSG00000114302	3948	5093	3974	4348
ENSG00000114315	278	415	208	249
ENSG00000114316	4821	4440	4433	3693
ENSG00000114331	3070	3826	3026	3464
ENSG00000114346	2745	2927	2734	2609
ENSG00000114353	42082	38290	36866	33454
ENSG00000114354	4111	4423	3752	3150
ENSG00000114374	970	1100	907	814
ENSG00000114378	0	4	0	3
ENSG00000114383	1826	2057	1557	1608
ENSG00000114388	1364	1562	1254	1268
ENSG00000114391	40594	40284	37151	31403
ENSG00000114395	1362	1477	1259	1406
ENSG00000114405	612	771	642	926
ENSG00000114416	10202	9730	8360	7919
ENSG00000114423	2319	1281	2547	942
ENSG00000114439	4875	4669	3933	3902
ENSG00000114446	2519	3322	2126	2358
ENSG00000114450	5203	3594	4141	2361
ENSG00000114455	813	1996	737	1818
ENSG00000114473	692	1958	387	1801
ENSG00000114480	3612	3348	3497	2665
ENSG00000114487	0	0	0	0
ENSG00000114491	3637	3868	3078	2782
ENSG00000114503	8161	7977	7072	6043
ENSG00000114520	3140	2988	2905	2359
ENSG00000114529	54	108	72	65
ENSG00000114541	1346	2566	1310	2693
ENSG00000114544	1628	1924	1168	1759
ENSG00000114547	2	1	1	0
ENSG00000114554	1427	1877	1404	1890
ENSG00000114573	3916	4398	3633	3813
ENSG00000114626	1262	1166	1102	968
ENSG00000114631	162	352	91	179
ENSG00000114638	0	0	0	0
ENSG00000114646	56	52	46	46
ENSG00000114648	2262	2490	1940	1875
ENSG00000114650	6538	6394	5575	5519
ENSG00000114654	3	2	1	4
ENSG00000114656	1	1	0	0
ENSG00000114670	28	18	30	13
ENSG00000114686	9134	10300	8141	7283
ENSG00000114735	1625	2220	1696	2028
ENSG00000114737	15214	18679	14235	19138
ENSG00000114738	14935	17548	14352	16317
ENSG00000114739	1012	1051	1081	880
ENSG00000114742	8702	6148	7543	3857
ENSG00000114744	2046	1939	1700	1501
ENSG00000114745	2519	2794	2081	2329
ENSG00000114757	4630	5818	4155	4556
ENSG00000114767	3387	3817	2743	3101
ENSG00000114770	943	1125	836	793
ENSG00000114779	3908	4192	3830	3585
ENSG00000114784	1986	2367	1740	1943
ENSG00000114786	204	80	59	23
ENSG00000114790	0	1	1	0
ENSG00000114796	1121	981	884	955
ENSG00000114805	0	4	0	0
ENSG00000114812	4	1	0	0
ENSG00000114841	374	384	530	311
ENSG00000114850	8699	9342	7518	7102
ENSG00000114853	33	73	20	51
ENSG00000114854	1	9	3	5
ENSG00000114857	1757	2929	2062	2098
ENSG00000114859	107	245	123	267
ENSG00000114861	3780	3727	3247	3117
ENSG00000114867	45937	53597	40109	42270
ENSG00000114902	5931	5890	5187	4919
ENSG00000114904	1848	1917	1612	1540
ENSG00000114923	0	0	0	2
ENSG00000114933	756	817	866	597
ENSG00000114942	18514	18205	16212	14405
ENSG00000114948	97	163	99	98
ENSG00000114956	2087	2050	1934	1655
ENSG00000114978	13673	13934	12091	11562
ENSG00000114982	3292	2801	3051	2301
ENSG00000114988	471	435	447	335
ENSG00000114993	315	150	144	54
ENSG00000114999	1843	2297	1853	2019
ENSG00000115008	28	174	16	221
ENSG00000115009	0	0	0	0
ENSG00000115020	2179	2604	1901	2198
ENSG00000115041	3	0	0	0
ENSG00000115042	941	1093	930	927
ENSG00000115053	76955	84256	65338	60338
ENSG00000115073	5784	5756	4981	4778
ENSG00000115084	588	734	577	669
ENSG00000115085	6676	7186	6209	5213
ENSG00000115091	25895	27677	21878	23863
ENSG00000115107	866	1072	663	862
ENSG00000115109	15	20	18	18
ENSG00000115112	0	0	0	1
ENSG00000115128	2484	2600	2449	2017
ENSG00000115129	347	260	259	456
ENSG00000115137	69	109	104	88
ENSG00000115145	847	790	774	754
ENSG00000115155	41	21	7	49
ENSG00000115159	1669	1793	1495	1373
ENSG00000115163	1141	910	1101	708
ENSG00000115165	18031	19506	15481	16645
ENSG00000115170	915	909	689	889
ENSG00000115183	11	1	4	0
ENSG00000115194	17	19	19	8
ENSG00000115204	1934	1877	1795	1560
ENSG00000115207	3433	3525	3058	2709
ENSG00000115211	1100	1333	1006	1137
ENSG00000115216	4941	5009	3968	4722
ENSG00000115226	2	4	0	0
ENSG00000115232	13887	16098	13344	13852
ENSG00000115233	5335	6215	4665	4664
ENSG00000115234	7089	6757	6030	5622
ENSG00000115239	1606	2056	1394	2281
ENSG00000115241	13164	15376	12131	12245
ENSG00000115255	73	84	82	52
ENSG00000115257	26	33	16	22
ENSG00000115263	1	0	0	0
ENSG00000115266	8	7	6	2
ENSG00000115267	1227	1222	987	1036
ENSG00000115268	26673	25724	23511	20460
ENSG00000115271	387	343	369	281
ENSG00000115274	1152	1020	1009	745
ENSG00000115275	3426	3424	3071	2770
ENSG00000115282	1131	1239	1129	933
ENSG00000115286	2442	2467	2056	2206
ENSG00000115289	518	516	416	426
ENSG00000115295	765	748	729	693
ENSG00000115297	28	29	12	16
ENSG00000115306	6032	7669	5698	6190
ENSG00000115307	4211	4963	3736	3938
ENSG00000115310	6806	8007	6099	6818
ENSG00000115317	2431	2345	2183	2010
ENSG00000115318	484	150	151	119
ENSG00000115325	2399	2345	1788	2065
ENSG00000115339	399	732	395	543
ENSG00000115350	1009	1113	1053	943
ENSG00000115355	13	31	16	29
ENSG00000115363	7	8	0	9
ENSG00000115364	2650	3176	2315	2297
ENSG00000115365	2195	2206	1895	1715
ENSG00000115368	3411	3223	2876	2188
ENSG00000115392	389	468	328	432
ENSG00000115414	776	138	172	79
ENSG00000115415	6703	9556	5160	9308
ENSG00000115419	8636	9022	7168	6747
ENSG00000115421	952	973	899	756
ENSG00000115423	1	4	2	9
ENSG00000115425	690	699	582	639
ENSG00000115446	748	889	666	635
ENSG00000115457	11	5	25	0
ENSG00000115459	264	416	257	289
ENSG00000115461	22	23	5	0
ENSG00000115464	5939	6332	5671	4942
ENSG00000115468	0	0	1	0
ENSG00000115474	0	0	0	1
ENSG00000115484	15872	18162	13369	14195
ENSG00000115486	544	483	526	462
ENSG00000115504	911	1070	836	766
ENSG00000115507	46	36	21	5
ENSG00000115514	1204	1276	1035	972
ENSG00000115520	1171	1369	984	1133
ENSG00000115523	3111	2510	4480	3702
ENSG00000115524	16617	17531	14439	13449
ENSG00000115525	1004	1056	960	1148
ENSG00000115526	676	857	579	736
ENSG00000115539	1478	1794	1274	1384
ENSG00000115540	1215	1304	1041	1145
ENSG00000115541	8103	10405	7065	8058
ENSG00000115548	2974	3067	2842	2419
ENSG00000115556	3	1	2	4
ENSG00000115561	1794	2072	1645	1742
ENSG00000115568	1652	1717	1415	1185
ENSG00000115590	73	173	33	123
ENSG00000115594	0	2	1	5
ENSG00000115596	51	87	94	95
ENSG00000115602	0	0	0	0
ENSG00000115604	564	272	483	62
ENSG00000115607	28	1	30	1
ENSG00000115641	112	95	106	62
ENSG00000115649	3508	3141	3142	2835
ENSG00000115652	3672	3815	3097	3659
ENSG00000115657	1040	909	984	794
ENSG00000115661	1179	1031	1110	896
ENSG00000115665	0	0	0	0
ENSG00000115677	19733	21214	15762	17273
ENSG00000115685	3715	3920	3341	3311
ENSG00000115687	1279	1383	1310	1093
ENSG00000115694	1973	2449	1836	1899
ENSG00000115718	2	1	2	0
ENSG00000115738	5716	4469	5603	4050
ENSG00000115750	1267	1459	1193	1165
ENSG00000115756	1306	1688	1169	1663
ENSG00000115758	12806	14583	10962	11324
ENSG00000115760	5871	6434	6559	5195
ENSG00000115761	2095	2577	1988	1956
ENSG00000115762	5796	6457	4822	5921
ENSG00000115806	4240	4738	3636	3780
ENSG00000115808	1984	2063	1752	1684
ENSG00000115816	3560	3502	3164	2628
ENSG00000115825	1084	544	1202	361
ENSG00000115827	834	928	735	586
ENSG00000115828	1	2	0	0
ENSG00000115839	3605	3053	3037	2247
ENSG00000115840	1790	1748	1523	1246
ENSG00000115841	94	86	98	40
ENSG00000115844	1	12	4	6
ENSG00000115850	5	1	2	6
ENSG00000115866	7369	7327	6690	5350
ENSG00000115875	9185	10575	8243	8184
ENSG00000115884	6	11	0	7
ENSG00000115896	2	0	1	1
ENSG00000115902	15289	13385	13196	11459
ENSG00000115904	8623	9106	8285	7607
ENSG00000115919	7	0	14	2
ENSG00000115935	24594	22600	23532	17907
ENSG00000115942	2012	2227	1663	1607
ENSG00000115944	4376	4269	3552	3065
ENSG00000115946	1849	2114	1636	1640
ENSG00000115947	726	810	632	674
ENSG00000115956	3880	3175	4337	3045
ENSG00000115963	71	3	32	1
ENSG00000115966	2522	2450	2329	2210
ENSG00000115970	1481	1663	1360	1153
ENSG00000115977	2912	2896	2367	2419
ENSG00000115993	2404	3278	2207	3011
ENSG00000115998	479	470	469	379
ENSG00000116001	2211	2668	2127	2128
ENSG00000116005	984	1003	878	1005
ENSG00000116014	3	22	5	20
ENSG00000116016	2247	1541	1807	1497
ENSG00000116017	1993	2788	1803	2628
ENSG00000116030	6184	5922	5399	5114
ENSG00000116031	1	0	0	0
ENSG00000116032	0	2	1	2
ENSG00000116035	1	0	0	4
ENSG00000116039	0	0	0	1
ENSG00000116044	2540	2774	2250	2316
ENSG00000116062	5586	6695	4889	5283
ENSG00000116095	1083	1237	871	988
ENSG00000116096	672	787	563	725
ENSG00000116106	993	257	411	78
ENSG00000116117	2	2	0	4
ENSG00000116120	4630	5499	3819	4172
ENSG00000116127	920	1111	974	847
ENSG00000116128	1272	1266	1101	997
ENSG00000116133	21063	19579	18626	15153
ENSG00000116138	965	872	886	811
ENSG00000116141	38	10	11	13
ENSG00000116151	112	87	103	70
ENSG00000116157	421	297	212	256
ENSG00000116161	10039	10343	8738	7593
ENSG00000116171	2395	2892	2553	2527
ENSG00000116176	3	6	0	13
ENSG00000116183	0	0	0	0
ENSG00000116198	1833	1857	1581	1533
ENSG00000116199	3022	3289	2525	2612
ENSG00000116205	1135	1113	1057	987
ENSG00000116209	3808	3779	3352	3280
ENSG00000116212	1069	987	843	782
ENSG00000116213	1078	1609	1072	1450
ENSG00000116221	5600	6128	4875	5164
ENSG00000116237	6204	6624	5371	5162
ENSG00000116251	17502	17066	15947	13745
ENSG00000116254	0	0	0	3
ENSG00000116260	1936	1741	1691	1842
ENSG00000116266	1650	1858	1492	1434
ENSG00000116273	1338	1433	1243	1308
ENSG00000116285	65	92	58	82
ENSG00000116288	13731	13662	11468	10796
ENSG00000116299	31	35	43	51
ENSG00000116337	2682	2874	2337	2535
ENSG00000116350	8507	8779	7647	7011
ENSG00000116353	821	904	736	727
ENSG00000116396	239	306	248	271
ENSG00000116406	2643	2767	2380	2264
ENSG00000116455	2379	2749	2064	2257
ENSG00000116459	7751	8390	6899	6410
ENSG00000116473	8971	8898	7531	7498
ENSG00000116478	6899	7842	5953	6650
ENSG00000116489	13585	13812	12262	11542
ENSG00000116497	1324	1259	1258	986
ENSG00000116514	2042	2907	1618	3280
ENSG00000116521	3148	3059	2923	2300
ENSG00000116525	480	437	384	437
ENSG00000116539	1478	1720	1580	1314
ENSG00000116544	6	14	5	5
ENSG00000116560	21157	22271	19899	16612
ENSG00000116574	438	611	224	495
ENSG00000116580	2235	2532	2060	2136
ENSG00000116584	6552	6251	5663	5482
ENSG00000116586	2107	2153	1878	1816
ENSG00000116604	2176	2304	1757	2145
ENSG00000116641	1189	1588	998	1505
ENSG00000116649	5649	6931	4661	5517
ENSG00000116652	2	9	1	5
ENSG00000116661	19	24	13	28
ENSG00000116663	541	911	672	1237
ENSG00000116667	511	437	410	676
ENSG00000116668	133	137	122	97
ENSG00000116670	1196	1347	1205	1304
ENSG00000116675	1356	1949	1100	1732
ENSG00000116678	338	350	214	303
ENSG00000116679	9166	9703	8928	8198
ENSG00000116685	4397	4061	3971	3463
ENSG00000116688	7328	9031	6210	8260
ENSG00000116690	0	2	5	2
ENSG00000116691	9506	16629	8118	18719
ENSG00000116698	4375	4206	4040	3297
ENSG00000116701	2811	2003	2133	1807
ENSG00000116703	0	1	0	0
ENSG00000116704	1269	1528	1072	1238
ENSG00000116711	524	1281	548	830
ENSG00000116717	1660	2602	1490	2351
ENSG00000116721	14	59	10	76
ENSG00000116729	0	0	0	0
ENSG00000116731	2342	2651	2324	1961
ENSG00000116741	350	305	393	140
ENSG00000116747	2293	2401	2343	1927
ENSG00000116748	0	0	0	0
ENSG00000116750	4668	5339	4104	3828
ENSG00000116752	1835	1975	1540	1650
ENSG00000116754	5808	7524	6126	5859
ENSG00000116761	872	985	1157	957
ENSG00000116771	1142	731	1033	599
ENSG00000116774	0	0	2	1
ENSG00000116783	0	0	1	3
ENSG00000116785	1	5	1	0
ENSG00000116786	3557	3833	3319	3031
ENSG00000116791	828	809	696	631
ENSG00000116793	1686	1756	1278	1414
ENSG00000116809	1698	1652	1505	1453
ENSG00000116815	956	1049	787	769
ENSG00000116819	88	77	73	75
ENSG00000116824	10617	7669	8717	7105
ENSG00000116830	3438	3696	3064	2534
ENSG00000116833	270	174	321	177
ENSG00000116852	12763	13743	11791	12042
ENSG00000116857	6	1	1	0
ENSG00000116863	2127	1840	1779	1451
ENSG00000116871	11764	11818	10321	10008
ENSG00000116874	1134	809	902	597
ENSG00000116883	16	18	20	15
ENSG00000116885	55	45	29	21
ENSG00000116898	3780	4038	3364	3099
ENSG00000116903	956	1015	875	813
ENSG00000116906	3138	3616	2856	2963
ENSG00000116918	2058	1925	1718	1647
ENSG00000116922	843	1029	705	693
ENSG00000116954	1985	1960	1737	1264
ENSG00000116962	16	88	16	152
ENSG00000116977	2919	2896	2642	2495
ENSG00000116981	0	9	1	2
ENSG00000116983	1	3	1	4
ENSG00000116984	3088	3174	2793	2359
ENSG00000116985	70	26	55	7
ENSG00000116990	2	1	2	0
ENSG00000116991	57	15	29	3
ENSG00000117000	1433	1439	1480	1131
ENSG00000117009	0	0	0	0
ENSG00000117010	115	123	93	86
ENSG00000117013	3	6	4	4
ENSG00000117016	194	62	111	52
ENSG00000117020	2396	2466	2088	1994
ENSG00000117036	1302	1603	1129	1766
ENSG00000117054	2905	2858	2401	2124
ENSG00000117090	4556	5308	3754	4761
ENSG00000117091	10284	9986	8899	9193
ENSG00000117114	2	0	0	0
ENSG00000117115	9	7	8	4
ENSG00000117118	3023	3317	2561	2771
ENSG00000117133	2262	2573	2178	2011
ENSG00000117139	3951	3183	3901	2438
ENSG00000117143	2001	1806	1672	1226
ENSG00000117148	1	1	2	5
ENSG00000117151	764	854	690	774
ENSG00000117153	1880	1848	1781	1364
ENSG00000117155	364	442	339	353
ENSG00000117174	1095	1880	783	1257
ENSG00000117215	0	1	0	0
ENSG00000117222	1571	1603	1341	1227
ENSG00000117226	736	843	714	976
ENSG00000117228	1814	2830	1524	3273
ENSG00000117242	316	319	265	240
ENSG00000117245	1	3	1	0
ENSG00000117262	492	547	419	475
ENSG00000117266	537	223	188	83
ENSG00000117280	4282	3751	3743	3178
ENSG00000117281	1	0	2	0
ENSG00000117298	8476	7185	6553	5743
ENSG00000117305	1309	1181	1045	1225
ENSG00000117308	1790	2275	1529	2070
ENSG00000117318	507	858	398	773
ENSG00000117322	921	434	770	300
ENSG00000117335	3713	3966	3409	3252
ENSG00000117360	1690	2045	1475	1577
ENSG00000117362	6027	5813	5460	4932
ENSG00000117385	1012	1157	1004	1051
ENSG00000117394	8948	11035	8384	11188
ENSG00000117395	6183	7412	5347	5388
ENSG00000117399	6074	6511	5692	4920
ENSG00000117400	1	0	0	0
ENSG00000117407	1	4	0	4
ENSG00000117408	1433	1588	1205	1257
ENSG00000117410	2780	3185	2464	2754
ENSG00000117411	2354	2655	2147	1947
ENSG00000117419	1786	1808	1578	1435
ENSG00000117425	1	6	2	0
ENSG00000117448	4262	4246	3919	3498
ENSG00000117450	19303	18467	15953	14445
ENSG00000117461	959	890	830	742
ENSG00000117472	15	4	4	3
ENSG00000117475	1855	2270	1690	1723
ENSG00000117477	82	188	61	98
ENSG00000117479	586	790	556	658
ENSG00000117480	7	12	11	7
ENSG00000117481	1473	1242	1171	997
ENSG00000117500	3450	4327	2828	3753
ENSG00000117505	5976	5575	5248	4440
ENSG00000117519	1	0	3	0
ENSG00000117523	14176	16997	15720	12932
ENSG00000117525	5	0	0	0
ENSG00000117528	1378	1767	1246	1507
ENSG00000117533	712	975	777	832
ENSG00000117543	1117	1344	954	1087
ENSG00000117560	646	179	490	90
ENSG00000117569	302	358	274	237
ENSG00000117586	8533	4822	6301	2521
ENSG00000117592	6488	6646	5444	5737
ENSG00000117593	2260	2344	1890	1794
ENSG00000117594	2	3	7	11
ENSG00000117595	40	25	26	12
ENSG00000117597	1538	1667	1371	1254
ENSG00000117600	13	0	6	5
ENSG00000117601	3	1	1	2
ENSG00000117602	954	873	882	812
ENSG00000117614	2083	1993	1974	1719
ENSG00000117616	529	1034	551	705
ENSG00000117620	1087	1035	1020	950
ENSG00000117625	949	1071	876	901
ENSG00000117632	12456	13022	12239	10763
ENSG00000117640	1140	1354	1101	1268
ENSG00000117643	0	3	2	6
ENSG00000117650	1242	1056	1143	826
ENSG00000117676	8448	7572	7614	6566
ENSG00000117682	1474	1434	1201	1270
ENSG00000117691	706	880	517	699
ENSG00000117697	1319	1335	1207	1063
ENSG00000117707	0	0	1	0
ENSG00000117713	6865	6348	6501	5064
ENSG00000117724	6458	5799	6913	4367
ENSG00000117748	2886	3162	2618	2724
ENSG00000117751	2781	3423	2545	2569
ENSG00000117758	1371	1693	1002	1671
ENSG00000117791	6	0	6	0
ENSG00000117834	0	0	0	3
ENSG00000117859	2865	3103	2230	2298
ENSG00000117862	1639	1780	1450	1299
ENSG00000117868	4480	4717	4505	3994
ENSG00000117877	1044	1416	1039	1002
ENSG00000117899	2795	3197	2660	2528
ENSG00000117906	1235	1417	1141	1252
ENSG00000117983	2	0	0	0
ENSG00000117984	7915	9674	6791	9984
ENSG00000118004	0	1	0	0
ENSG00000118007	4669	5242	4090	4010
ENSG00000118046	4255	4410	3965	3665
ENSG00000118058	6913	6898	7906	5829
ENSG00000118096	349	357	356	230
ENSG00000118113	0	0	0	0
ENSG00000118137	3	1	2	0
ENSG00000118156	3	10	1	9
ENSG00000118160	2	2	2	2
ENSG00000118162	231	307	227	266
ENSG00000118181	25851	24493	23459	18454
ENSG00000118193	2112	2081	2146	1439
ENSG00000118197	962	1141	839	851
ENSG00000118200	1386	1300	925	1120
ENSG00000118217	2451	2365	2098	1897
ENSG00000118242	1674	1818	1453	1578
ENSG00000118245	3	2	1	0
ENSG00000118246	1622	1891	1483	1348
ENSG00000118257	1449	662	690	428
ENSG00000118260	3790	3546	3347	2839
ENSG00000118263	4642	2944	3751	1689
ENSG00000118276	158	81	171	47
ENSG00000118292	9	11	10	3
ENSG00000118308	970	860	974	534
ENSG00000118322	0	0	0	0
ENSG00000118363	3857	3894	3429	3066
ENSG00000118369	319	394	321	347
ENSG00000118402	1499	1539	1245	981
ENSG00000118407	1	1	1	0
ENSG00000118412	1012	1084	1056	824
ENSG00000118418	2810	2856	2191	2290
ENSG00000118420	225	292	167	167
ENSG00000118432	0	0	0	0
ENSG00000118454	1367	1514	1282	1349
ENSG00000118473	2	11	0	10
ENSG00000118482	4304	4824	3953	3710
ENSG00000118495	199	133	146	101
ENSG00000118496	1103	1192	910	929
ENSG00000118503	8553	8488	7346	7354
ENSG00000118507	244	176	259	119
ENSG00000118508	400	362	320	295
ENSG00000118513	6341	7903	5415	6117
ENSG00000118514	23	41	13	26
ENSG00000118515	1260	1778	1217	1478
ENSG00000118518	646	692	633	559
ENSG00000118520	0	0	0	0
ENSG00000118557	2	14	13	1
ENSG00000118564	1374	1600	1242	1446
ENSG00000118579	2256	1874	1981	1458
ENSG00000118596	758	559	826	320
ENSG00000118600	1031	1144	823	862
ENSG00000118620	466	557	471	482
ENSG00000118640	3348	3433	2865	3579
ENSG00000118655	1020	1081	895	830
ENSG00000118680	10065	9663	8493	8719
ENSG00000118689	1074	934	1000	834
ENSG00000118690	68	61	53	32
ENSG00000118705	8979	10188	7781	9252
ENSG00000118707	1895	1717	1738	1363
ENSG00000118733	0	0	0	0
ENSG00000118762	725	1191	573	1091
ENSG00000118777	378	874	380	1097
ENSG00000118785	10	50	4	200
ENSG00000118804	455	777	341	636
ENSG00000118816	13458	13536	11861	11477
ENSG00000118855	1724	1648	1389	1397
ENSG00000118873	2841	2834	2384	2349
ENSG00000118894	1306	1313	1107	1058
ENSG00000118898	0	2	2	4
ENSG00000118900	3656	4019	3461	3247
ENSG00000118922	1270	825	1108	683
ENSG00000118939	869	1254	749	942
ENSG00000118960	855	946	655	835
ENSG00000118961	1147	1156	966	842
ENSG00000118965	826	890	715	535
ENSG00000118971	46554	44312	43494	36279
ENSG00000118976	1	3	1	2
ENSG00000118985	19221	15716	17331	10868
ENSG00000118990	0	0	0	0
ENSG00000118997	0	2	2	1
ENSG00000119004	490	499	488	448
ENSG00000119013	1854	2103	1611	1634
ENSG00000119041	2564	2849	2220	2301
ENSG00000119042	43	1	13	2
ENSG00000119048	2094	2102	2008	1803
ENSG00000119121	5	43	14	38
ENSG00000119138	869	771	804	669
ENSG00000119139	1954	2213	1756	1656
ENSG00000119147	1	0	0	0
ENSG00000119185	2658	3228	2391	2482
ENSG00000119203	3058	3258	2685	2545
ENSG00000119227	33	38	40	54
ENSG00000119231	2783	2848	2459	2360
ENSG00000119242	1069	1008	882	1021
ENSG00000119280	309	333	261	249
ENSG00000119285	6135	6805	5551	4785
ENSG00000119314	9458	9766	8863	7965
ENSG00000119318	10130	10521	8640	8131
ENSG00000119321	2387	2423	2171	1783
ENSG00000119326	1517	2593	1157	1760
ENSG00000119328	598	552	495	390
ENSG00000119333	2122	2627	1875	2313
ENSG00000119335	33670	34032	30522	24715
ENSG00000119383	6615	7440	6185	6333
ENSG00000119392	3169	3338	2883	2740
ENSG00000119396	4244	4823	3963	4242
ENSG00000119397	3923	3893	3667	2776
ENSG00000119401	893	541	919	692
ENSG00000119402	3463	3668	3125	2852
ENSG00000119403	4531	4744	4642	3953
ENSG00000119408	2077	732	1618	368
ENSG00000119411	19	18	54	47
ENSG00000119414	3248	3661	2850	2810
ENSG00000119421	1801	1995	1463	1758
ENSG00000119431	329	446	244	369
ENSG00000119446	1207	1420	1036	1041
ENSG00000119471	2199	2716	1885	2415
ENSG00000119487	3846	3807	3180	3323
ENSG00000119508	1184	844	1001	492
ENSG00000119509	830	860	729	684
ENSG00000119514	108	86	35	50
ENSG00000119522	1161	1295	1172	1011
ENSG00000119523	1985	2226	1658	1831
ENSG00000119535	1	4	3	2
ENSG00000119537	2002	1949	1494	1432
ENSG00000119541	2884	2650	2425	2257
ENSG00000119547	170	1037	54	595
ENSG00000119559	793	854	707	744
ENSG00000119574	903	917	831	719
ENSG00000119596	5864	5986	5397	4687
ENSG00000119599	1157	1326	984	1081
ENSG00000119608	3	3	0	8
ENSG00000119614	0	0	0	1
ENSG00000119616	2244	2304	2058	1822
ENSG00000119630	318	1160	131	2051
ENSG00000119632	1700	1800	1520	1468
ENSG00000119636	20	15	13	14
ENSG00000119638	6115	5803	5525	4583
ENSG00000119640	454	679	502	560
ENSG00000119650	212	261	228	216
ENSG00000119655	1111	1337	930	1367
ENSG00000119661	261	292	247	255
ENSG00000119669	2223	2114	1834	1554
ENSG00000119673	1098	1167	972	1129
ENSG00000119681	3	5	8	3
ENSG00000119682	2646	2490	2474	2087
ENSG00000119684	696	787	734	625
ENSG00000119685	1119	1231	1147	860
ENSG00000119686	203	171	120	136
ENSG00000119688	1318	1593	1418	1296
ENSG00000119689	4377	4698	3850	3888
ENSG00000119698	5	2	2	0
ENSG00000119699	17	27	8	29
ENSG00000119703	30	45	25	22
ENSG00000119705	1396	1701	1244	1288
ENSG00000119707	5785	8009	6541	5767
ENSG00000119711	729	827	717	722
ENSG00000119714	2133	1592	1996	1435
ENSG00000119715	46	10	82	16
ENSG00000119718	1708	1854	1418	1592
ENSG00000119720	1002	1049	887	748
ENSG00000119723	528	572	457	494
ENSG00000119725	2088	2385	2035	1977
ENSG00000119729	625	846	556	672
ENSG00000119737	23	46	23	11
ENSG00000119760	1419	1707	1281	1233
ENSG00000119771	4	45	13	39
ENSG00000119772	238	145	286	149
ENSG00000119777	3669	3693	3177	3048
ENSG00000119778	705	704	610	540
ENSG00000119782	123	119	132	165
ENSG00000119787	1825	2084	1736	1632
ENSG00000119801	2662	2054	2005	2177
ENSG00000119812	3121	3564	2480	2556
ENSG00000119820	2114	1948	1886	1612
ENSG00000119844	2251	2219	2041	1692
ENSG00000119862	72	43	61	17
ENSG00000119878	526	543	464	454
ENSG00000119888	1	0	0	0
ENSG00000119899	417	502	374	393
ENSG00000119900	599	573	443	653
ENSG00000119906	2113	2199	2040	1750
ENSG00000119912	2523	3364	2058	2859
ENSG00000119915	1	0	0	1
ENSG00000119917	318	396	233	278
ENSG00000119922	75	102	50	60
ENSG00000119927	548	570	453	453
ENSG00000119929	970	1027	823	761
ENSG00000119938	6	1	0	1
ENSG00000119943	106	277	99	245
ENSG00000119950	735	680	679	667
ENSG00000119953	1719	1875	1636	1446
ENSG00000119965	539	586	436	562
ENSG00000119969	2733	2716	2563	2236
ENSG00000119977	3008	3142	2574	2559
ENSG00000119979	1582	1908	1412	1825
ENSG00000119986	51	66	40	79
ENSG00000120008	2360	2574	2191	1993
ENSG00000120029	1471	1376	1261	1204
ENSG00000120049	6	3	12	6
ENSG00000120051	15	45	16	43
ENSG00000120053	2422	2466	2123	1944
ENSG00000120055	4	4	2	8
ENSG00000120057	4	2	1	3
ENSG00000120063	6748	6862	6042	5474
ENSG00000120068	2	3	2	2
ENSG00000120071	1875	1690	1620	1379
ENSG00000120075	4	4	0	0
ENSG00000120093	85	142	89	115
ENSG00000120129	367	415	275	380
ENSG00000120137	5384	5768	4860	4397
ENSG00000120156	0	1	0	0
ENSG00000120158	1031	1245	939	934
ENSG00000120159	1498	1528	1348	1203
ENSG00000120162	579	495	393	345
ENSG00000120217	399	520	390	408
ENSG00000120253	2128	2247	2001	1609
ENSG00000120254	6452	6513	5690	4168
ENSG00000120256	1093	964	961	794
ENSG00000120262	1	0	0	0
ENSG00000120265	4305	4380	3661	3683
ENSG00000120278	457	248	343	139
ENSG00000120279	0	0	0	0
ENSG00000120280	258	331	314	193
ENSG00000120306	534	546	398	758
ENSG00000120314	2031	2239	1692	1982
ENSG00000120318	1376	1200	1841	1020
ENSG00000120324	1	0	0	1
ENSG00000120327	0	0	0	3
ENSG00000120333	1031	906	795	719
ENSG00000120334	577	533	567	435
ENSG00000120341	3	0	0	2
ENSG00000120370	365	366	327	343
ENSG00000120437	7748	6619	6563	4778
ENSG00000120438	18044	22649	15713	17896
ENSG00000120451	1434	1428	1211	1072
ENSG00000120457	24	0	1	0
ENSG00000120458	169	211	168	159
ENSG00000120498	5	8	4	23
ENSG00000120509	866	1240	640	1276
ENSG00000120519	463	539	421	430
ENSG00000120526	2856	2928	2303	2217
ENSG00000120533	2975	3033	2522	2352
ENSG00000120539	1239	1435	1150	969
ENSG00000120549	30	9	37	4
ENSG00000120555	0	0	1	1
ENSG00000120594	2	18	0	200
ENSG00000120616	1244	1101	1039	809
ENSG00000120645	0	10	2	4
ENSG00000120647	657	661	551	430
ENSG00000120656	754	872	710	725
ENSG00000120658	13	86	28	0
ENSG00000120659	20	32	19	11
ENSG00000120662	298	356	296	284
ENSG00000120664	0	1	0	0
ENSG00000120669	0	0	3	0
ENSG00000120675	925	979	653	1006
ENSG00000120685	8000	7281	6936	4633
ENSG00000120686	1839	2125	1654	1605
ENSG00000120688	1003	1177	979	773
ENSG00000120690	6809	6576	5977	5053
ENSG00000120693	0	0	0	0
ENSG00000120694	13503	18776	11876	14148
ENSG00000120696	461	443	427	398
ENSG00000120697	1054	1190	966	1005
ENSG00000120699	2077	2341	1963	1724
ENSG00000120705	10222	11238	8570	8461
ENSG00000120708	0	0	0	0
ENSG00000120709	2293	2226	2011	1946
ENSG00000120725	1138	1520	867	1407
ENSG00000120727	4925	4746	4384	3829
ENSG00000120733	4711	4514	4451	3533
ENSG00000120738	3877	2671	3087	2592
ENSG00000120742	11284	11267	9447	8592
ENSG00000120756	408	749	405	691
ENSG00000120784	320	291	295	248
ENSG00000120798	405	511	412	405
ENSG00000120800	2409	3525	2681	2485
ENSG00000120802	16727	16989	15770	13272
ENSG00000120805	2287	2473	2087	1972
ENSG00000120820	0	1	5	0
ENSG00000120832	223	310	226	264
ENSG00000120833	3230	3004	3236	1840
ENSG00000120837	1178	1246	1035	1017
ENSG00000120860	1053	1055	822	835
ENSG00000120868	1505	1836	1315	1510
ENSG00000120875	25611	18269	21169	12320
ENSG00000120885	325	1051	217	940
ENSG00000120889	3029	4037	2525	3695
ENSG00000120896	241	360	134	250
ENSG00000120899	5275	5231	4376	4981
ENSG00000120910	2121	2387	1965	2051
ENSG00000120913	1457	1611	1470	1664
ENSG00000120915	358	333	255	247
ENSG00000120925	674	643	532	529
ENSG00000120942	1455	1345	1125	1059
ENSG00000120948	8577	8789	7240	6640
ENSG00000120949	29259	36298	23654	34114
ENSG00000120952	1	0	0	0
ENSG00000120963	2611	2853	2320	2043
ENSG00000120992	5454	5874	4738	4658
ENSG00000121005	288	160	264	63
ENSG00000121022	2516	2533	2019	1978
ENSG00000121039	12641	14610	11975	9763
ENSG00000121057	2418	2930	1892	2129
ENSG00000121058	1090	1185	1117	848
ENSG00000121060	3999	5164	3247	3813
ENSG00000121064	1914	2025	1491	1645
ENSG00000121067	2822	2825	2636	2370
ENSG00000121068	0	0	0	0
ENSG00000121073	1344	1552	1305	1369
ENSG00000121075	0	0	1	0
ENSG00000121089	9	11	15	13
ENSG00000121101	28	32	17	27
ENSG00000121104	2064	1963	2001	1620
ENSG00000121152	3480	3540	3463	3053
ENSG00000121210	1462	1227	1256	814
ENSG00000121211	562	604	558	477
ENSG00000121270	1	2	1	4
ENSG00000121274	1258	1378	1059	1021
ENSG00000121281	8988	8370	7492	6676
ENSG00000121289	688	801	651	589
ENSG00000121310	270	214	333	221
ENSG00000121316	0	1	0	0
ENSG00000121350	876	1048	836	797
ENSG00000121380	2	6	0	4
ENSG00000121388	0	0	3	0
ENSG00000121390	2231	2455	1936	1913
ENSG00000121406	301	315	278	251
ENSG00000121410	406	199	357	73
ENSG00000121413	8	6	0	6
ENSG00000121417	373	403	300	333
ENSG00000121454	10	2	3	0
ENSG00000121481	1412	1303	1283	1039
ENSG00000121486	1615	1842	1445	1527
ENSG00000121542	843	760	692	736
ENSG00000121552	0	4	0	0
ENSG00000121577	30	49	35	41
ENSG00000121578	827	809	771	616
ENSG00000121579	10614	12303	9065	9838
ENSG00000121594	2870	3530	2577	2908
ENSG00000121621	828	780	717	538
ENSG00000121644	2928	3312	2602	2611
ENSG00000121653	52	28	38	22
ENSG00000121671	771	677	618	615
ENSG00000121680	1138	1145	915	1040
ENSG00000121690	5	0	0	0
ENSG00000121691	3091	3026	2478	2238
ENSG00000121716	205	302	310	280
ENSG00000121741	1890	1960	1699	1433
ENSG00000121742	17	8	26	3
ENSG00000121743	13	6	5	11
ENSG00000121749	1478	1701	1606	1257
ENSG00000121753	56	97	39	161
ENSG00000121766	1352	1396	1225	1076
ENSG00000121769	0	0	0	0
ENSG00000121774	12777	12973	11771	10598
ENSG00000121775	966	949	837	783
ENSG00000121797	273	368	192	360
ENSG00000121807	49	85	29	176
ENSG00000121851	1138	1344	1110	1299
ENSG00000121858	8124	7653	7281	7460
ENSG00000121864	1746	2139	1702	1709
ENSG00000121879	3218	3190	2810	2675
ENSG00000121892	9256	10172	8873	7690
ENSG00000121895	560	455	504	377
ENSG00000121897	442	502	321	306
ENSG00000121900	29	17	9	10
ENSG00000121903	81	91	157	97
ENSG00000121905	0	3	0	3
ENSG00000121931	799	773	765	720
ENSG00000121933	0	1	0	0
ENSG00000121940	906	1059	780	790
ENSG00000121957	803	712	865	579
ENSG00000121964	1150	1262	1076	1241
ENSG00000121966	5539	4187	5558	3239
ENSG00000121988	109	100	114	70
ENSG00000121989	83	41	83	25
ENSG00000122008	1127	1266	1108	1011
ENSG00000122012	13	27	10	12
ENSG00000122025	9	11	2	3
ENSG00000122026	21489	24518	20496	19326
ENSG00000122033	829	924	800	872
ENSG00000122034	8538	10072	7544	8809
ENSG00000122035	47	64	29	71
ENSG00000122042	1106	808	897	747
ENSG00000122043	0	0	1	1
ENSG00000122068	5249	4880	4628	4009
ENSG00000122085	779	790	711	573
ENSG00000122121	8	13	1	14
ENSG00000122122	9452	13186	7421	13400
ENSG00000122126	242	565	118	466
ENSG00000122140	2440	2727	2207	2168
ENSG00000122145	0	0	0	1
ENSG00000122176	0	0	0	1
ENSG00000122188	548	586	504	461
ENSG00000122194	3	4	3	7
ENSG00000122203	2424	2755	1964	2428
ENSG00000122218	11172	12565	9604	11099
ENSG00000122223	536	384	499	411
ENSG00000122224	233	140	244	64
ENSG00000122257	4167	4917	4133	3635
ENSG00000122299	2722	3031	2477	2313
ENSG00000122335	499	709	429	450
ENSG00000122359	14622	13974	13070	11788
ENSG00000122367	1	0	4	2
ENSG00000122376	2219	2292	1977	1601
ENSG00000122378	814	416	752	319
ENSG00000122386	20	11	15	14
ENSG00000122390	2365	2184	2146	1812
ENSG00000122406	40992	43299	37408	33630
ENSG00000122417	441	479	473	419
ENSG00000122432	7	2	4	6
ENSG00000122435	532	669	526	489
ENSG00000122477	1	12	0	0
ENSG00000122481	303	303	263	259
ENSG00000122482	1799	1738	1523	1245
ENSG00000122483	445	541	466	363
ENSG00000122484	893	917	822	691
ENSG00000122490	3188	2558	3125	2043
ENSG00000122507	410	309	312	248
ENSG00000122512	1035	1118	947	762
ENSG00000122515	2668	2933	2588	2526
ENSG00000122545	10791	9971	9098	7198
ENSG00000122547	832	584	779	423
ENSG00000122550	840	979	819	878
ENSG00000122557	1849	1498	1505	1168
ENSG00000122565	11493	13359	11031	10356
ENSG00000122566	76084	79104	63489	58897
ENSG00000122591	5183	5103	4733	4447
ENSG00000122592	6	12	0	6
ENSG00000122641	258	246	507	156
ENSG00000122642	462	274	505	362
ENSG00000122643	957	1009	814	949
ENSG00000122644	499	735	470	497
ENSG00000122674	4075	4303	3472	3069
ENSG00000122678	872	1026	861	759
ENSG00000122679	0	0	0	2
ENSG00000122687	1843	1937	1637	1635
ENSG00000122691	4253	1787	3007	1384
ENSG00000122692	3350	3475	3009	2657
ENSG00000122694	759	1340	607	1251
ENSG00000122696	421	469	461	382
ENSG00000122705	5574	6455	4517	4960
ENSG00000122707	285	236	309	202
ENSG00000122728	0	1	0	3
ENSG00000122729	437	649	343	579
ENSG00000122733	76	18	37	18
ENSG00000122735	1	0	0	0
ENSG00000122741	1180	1352	1023	1069
ENSG00000122756	0	2	0	0
ENSG00000122778	262	257	181	174
ENSG00000122779	1305	1677	1312	1290
ENSG00000122783	1496	1529	1327	1075
ENSG00000122786	4	4	3	26
ENSG00000122824	3	24	1	14
ENSG00000122852	0	5	0	2
ENSG00000122859	0	0	0	0
ENSG00000122861	5760	6227	3846	4860
ENSG00000122862	16377	12849	12678	11698
ENSG00000122863	91	27	32	31
ENSG00000122870	1	0	0	1
ENSG00000122873	1096	1203	950	1033
ENSG00000122877	3709	1321	3035	554
ENSG00000122882	1910	1853	1523	1596
ENSG00000122884	2933	3029	2696	2440
ENSG00000122912	499	561	467	455
ENSG00000122952	3667	3963	3174	3419
ENSG00000122958	3168	3486	2876	2847
ENSG00000122965	2275	2133	1887	1421
ENSG00000122966	1480	1572	1723	1244
ENSG00000122970	188	235	159	183
ENSG00000122971	636	506	658	528
ENSG00000122986	155	94	144	85
ENSG00000123009	2	2	1	4
ENSG00000123064	7463	8662	6268	6574
ENSG00000123066	2075	1967	1726	1700
ENSG00000123080	407	381	587	411
ENSG00000123091	2014	2671	1740	2715
ENSG00000123094	10	10	3	8
ENSG00000123095	0	0	0	1
ENSG00000123104	1434	1372	1306	1233
ENSG00000123106	902	776	954	561
ENSG00000123119	1	3	2	1
ENSG00000123124	1971	2174	1721	1987
ENSG00000123130	1374	2003	1129	2051
ENSG00000123131	2308	3186	1784	2761
ENSG00000123136	6160	7813	5959	6138
ENSG00000123143	8938	9052	8329	7736
ENSG00000123144	10617	9553	9007	7727
ENSG00000123146	11416	9106	10774	8014
ENSG00000123154	687	460	530	334
ENSG00000123159	3474	3315	2712	3046
ENSG00000123171	3	2	2	2
ENSG00000123178	920	1016	735	1032
ENSG00000123179	750	922	730	801
ENSG00000123191	112	46	111	26
ENSG00000123200	6007	6283	5836	4635
ENSG00000123213	1830	1993	1578	1478
ENSG00000123219	957	1169	1024	891
ENSG00000123240	6334	6610	5684	5952
ENSG00000123243	0	4	0	0
ENSG00000123268	1416	1315	1212	1136
ENSG00000123297	1852	1957	1591	1612
ENSG00000123329	4911	4768	4556	4254
ENSG00000123338	10317	9565	9189	8319
ENSG00000123342	2	1	0	0
ENSG00000123349	3783	3655	3554	3024
ENSG00000123352	539	682	417	523
ENSG00000123353	956	952	785	863
ENSG00000123358	1035	916	1010	585
ENSG00000123360	182	202	174	210
ENSG00000123374	4015	4381	3745	3625
ENSG00000123384	142	187	137	45
ENSG00000123388	3	0	0	2
ENSG00000123395	2019	1950	1591	1671
ENSG00000123405	5	19	1	33
ENSG00000123411	5005	4858	3927	4148
ENSG00000123415	495	531	402	507
ENSG00000123416	92978	101752	87675	88307
ENSG00000123427	102	87	87	67
ENSG00000123444	1297	1105	1117	908
ENSG00000123453	925	349	975	347
ENSG00000123472	2420	2976	2337	2451
ENSG00000123473	1248	1300	1346	936
ENSG00000123485	1661	1343	1893	1019
ENSG00000123505	7066	7927	6548	6052
ENSG00000123545	1053	1169	813	968
ENSG00000123552	405	629	336	477
ENSG00000123562	5374	8843	4478	8080
ENSG00000123570	18	14	7	14
ENSG00000123575	1413	2764	1181	2525
ENSG00000123576	0	1	0	0
ENSG00000123595	522	845	409	736
ENSG00000123600	695	844	522	568
ENSG00000123607	842	903	689	714
ENSG00000123609	2443	2705	2117	2008
ENSG00000123610	20	8	21	6
ENSG00000123612	298	260	124	108
ENSG00000123636	547	226	448	71
ENSG00000123643	264	351	264	320
ENSG00000123684	1515	1448	1365	995
ENSG00000123685	5809	6330	5286	4391
ENSG00000123689	189	296	148	410
ENSG00000123700	70	47	52	12
ENSG00000123728	3289	4918	2667	5075
ENSG00000123737	2150	2580	1888	1950
ENSG00000123739	350	381	241	391
ENSG00000123810	215	234	177	204
ENSG00000123815	1083	997	1012	852
ENSG00000123836	171	73	98	69
ENSG00000123843	80	78	74	54
ENSG00000123870	35	28	28	14
ENSG00000123892	14	6	11	14
ENSG00000123901	1	0	0	2
ENSG00000123908	4486	3538	3909	2826
ENSG00000123933	2177	1710	1679	1562
ENSG00000123965	5	5	4	0
ENSG00000123975	2775	2941	2500	2370
ENSG00000123983	5122	5277	4226	4031
ENSG00000123989	3266	3178	2647	2378
ENSG00000123992	2715	3046	2471	2769
ENSG00000124006	11	16	5	2
ENSG00000124019	4	40	0	143
ENSG00000124067	1858	2594	1807	2446
ENSG00000124074	304	312	319	258
ENSG00000124097	4	0	0	0
ENSG00000124098	369	416	313	324
ENSG00000124102	0	0	0	0
ENSG00000124103	1	0	0	5
ENSG00000124104	56	87	62	73
ENSG00000124107	7	21	4	40
ENSG00000124116	0	0	3	0
ENSG00000124120	1499	1446	1196	1132
ENSG00000124126	13159	8880	12981	6740
ENSG00000124134	1	0	0	0
ENSG00000124140	150	66	101	71
ENSG00000124145	4739	4898	4093	5376
ENSG00000124151	3861	5588	3403	5591
ENSG00000124155	2421	2585	2272	2151
ENSG00000124159	24	31	37	35
ENSG00000124160	3430	2750	3234	2023
ENSG00000124164	1757	1649	1553	1313
ENSG00000124171	56	84	44	62
ENSG00000124172	5648	5525	5270	4707
ENSG00000124177	2039	1947	2057	1602
ENSG00000124181	5433	5118	5306	4318
ENSG00000124191	151	337	112	232
ENSG00000124193	6510	7481	5933	5624
ENSG00000124194	1	1	0	3
ENSG00000124198	2801	3068	2481	2507
ENSG00000124201	4587	3968	4003	3544
ENSG00000124203	664	406	672	344
ENSG00000124205	0	1	0	5
ENSG00000124207	8983	10448	7602	7982
ENSG00000124208	275	388	32	120
ENSG00000124209	1734	1718	1776	1472
ENSG00000124212	76	250	10	467
ENSG00000124214	5536	6548	4660	5364
ENSG00000124215	3	3	1	0
ENSG00000124216	3	4	3	6
ENSG00000124217	696	656	614	499
ENSG00000124222	4180	4861	4193	3842
ENSG00000124224	363	480	398	368
ENSG00000124225	1093	254	567	111
ENSG00000124226	2819	2800	2443	2449
ENSG00000124228	3076	3773	2897	2771
ENSG00000124232	0	1	0	0
ENSG00000124243	548	901	491	930
ENSG00000124249	6	1	10	2
ENSG00000124251	1	0	0	0
ENSG00000124256	238	173	206	238
ENSG00000124257	26	26	29	31
ENSG00000124260	0	2	0	0
ENSG00000124275	1870	2015	1658	1591
ENSG00000124279	375	542	368	339
ENSG00000124299	1442	1085	1206	909
ENSG00000124313	174	122	90	159
ENSG00000124333	2595	4064	2117	3836
ENSG00000124334	4064	5598	2706	6911
ENSG00000124356	2306	2206	1999	1594
ENSG00000124357	865	909	788	809
ENSG00000124370	145	174	118	135
ENSG00000124374	75	108	48	80
ENSG00000124380	1366	1687	1274	1418
ENSG00000124383	2037	2145	1746	1532
ENSG00000124391	3	4	2	10
ENSG00000124399	2	5	1	1
ENSG00000124406	1894	1362	1631	922
ENSG00000124422	10095	10719	8666	8881
ENSG00000124429	74	391	3	476
ENSG00000124440	0	1	0	0
ENSG00000124444	521	556	481	452
ENSG00000124459	637	491	519	431
ENSG00000124466	14	3	6	9
ENSG00000124469	0	0	1	0
ENSG00000124486	5973	8456	5176	7988
ENSG00000124493	0	1	0	0
ENSG00000124496	4498	3923	3205	2299
ENSG00000124507	12	4	12	0
ENSG00000124508	1152	1295	1084	1122
ENSG00000124523	470	522	433	388
ENSG00000124532	1392	1596	1251	1318
ENSG00000124535	2518	2791	2063	2275
ENSG00000124541	2004	1972	1709	1606
ENSG00000124549	76	123	89	104
ENSG00000124557	3	2	1	1
ENSG00000124562	2973	3094	2767	2545
ENSG00000124570	82	63	160	114
ENSG00000124571	6752	7611	6003	5570
ENSG00000124574	1363	1346	1233	1293
ENSG00000124575	4	5	4	9
ENSG00000124587	1492	1817	1308	1608
ENSG00000124588	588	660	419	658
ENSG00000124593	140	173	97	105
ENSG00000124596	1070	977	992	905
ENSG00000124602	15	22	21	10
ENSG00000124608	1295	1270	1087	1015
ENSG00000124613	14	34	21	29
ENSG00000124614	22990	22845	20612	19050
ENSG00000124635	27	57	42	68
ENSG00000124641	837	702	733	641
ENSG00000124659	742	683	681	615
ENSG00000124664	0	0	0	1
ENSG00000124678	1	0	1	0
ENSG00000124688	848	918	841	811
ENSG00000124702	3248	2977	3012	2460
ENSG00000124713	0	2	1	0
ENSG00000124733	2372	2576	2366	2245
ENSG00000124743	2	2	2	3
ENSG00000124762	7832	13204	6693	16314
ENSG00000124766	2675	2234	2176	2405
ENSG00000124767	6411	7290	5948	6165
ENSG00000124772	547	678	481	661
ENSG00000124782	567	709	577	465
ENSG00000124783	7731	7923	6554	6512
ENSG00000124784	1898	1908	1746	1315
ENSG00000124785	1364	264	1257	212
ENSG00000124786	589	811	453	672
ENSG00000124787	339	395	314	261
ENSG00000124788	3453	2713	3279	1955
ENSG00000124789	7581	7943	7391	6296
ENSG00000124795	11451	12183	11697	9601
ENSG00000124802	1686	2085	1498	1687
ENSG00000124813	1046	761	1020	482
ENSG00000124831	15547	18776	14613	15392
ENSG00000124835	0	0	0	2
ENSG00000124839	1	1	0	1
ENSG00000124875	1	0	0	0
ENSG00000124882	1	0	0	0
ENSG00000124915	1	0	1	0
ENSG00000124920	315	275	614	114
ENSG00000124942	42989	53482	58381	52955
ENSG00000125037	2536	2339	2150	2106
ENSG00000125046	3	2	1	1
ENSG00000125084	11	10	3	10
ENSG00000125089	1144	1106	1091	1208
ENSG00000125107	14813	15260	13326	12213
ENSG00000125122	17	31	18	28
ENSG00000125124	703	718	610	594
ENSG00000125144	0	5	0	10
ENSG00000125148	4073	5588	4305	6702
ENSG00000125149	495	468	432	448
ENSG00000125166	8844	11380	8042	8997
ENSG00000125170	385	406	410	344
ENSG00000125207	1	0	1	0
ENSG00000125245	135	115	184	40
ENSG00000125246	94	83	98	67
ENSG00000125247	735	800	648	592
ENSG00000125249	9014	6189	9500	4430
ENSG00000125257	1887	2010	1443	1489
ENSG00000125266	24	11	3	7
ENSG00000125285	67	34	10	9
ENSG00000125304	16545	20460	14972	18219
ENSG00000125319	633	576	653	393
ENSG00000125337	13	17	17	22
ENSG00000125347	5035	5579	4582	5489
ENSG00000125351	1189	2323	1189	1844
ENSG00000125352	1275	1863	918	1808
ENSG00000125354	9560	12624	7859	11689
ENSG00000125356	2708	3342	2057	3528
ENSG00000125375	253	272	287	230
ENSG00000125378	568	1319	204	902
ENSG00000125384	438	495	1004	474
ENSG00000125386	1653	1768	1555	1326
ENSG00000125388	177	140	118	72
ENSG00000125409	0	0	0	0
ENSG00000125430	599	393	575	295
ENSG00000125434	208	278	202	295
ENSG00000125445	3238	3137	2824	2506
ENSG00000125447	2528	2593	2243	1995
ENSG00000125449	699	692	643	572
ENSG00000125450	1473	1788	1324	1314
ENSG00000125454	841	1095	895	887
ENSG00000125457	1495	1532	1232	1134
ENSG00000125458	1944	2056	1615	1822
ENSG00000125459	1655	1746	1386	1303
ENSG00000125462	9	18	0	24
ENSG00000125482	1404	1285	1183	986
ENSG00000125484	2687	2856	2367	2317
ENSG00000125485	1093	1283	919	914
ENSG00000125498	13	1	5	2
ENSG00000125503	3062	3383	2813	2746
ENSG00000125505	2028	3229	1629	3012
ENSG00000125510	23	10	14	16
ENSG00000125520	1761	1687	1705	1334
ENSG00000125531	13	15	14	14
ENSG00000125534	7268	5518	6603	4909
ENSG00000125538	6	4	3	15
ENSG00000125551	0	4	1	0
ENSG00000125571	1	0	2	15
ENSG00000125611	738	621	697	543
ENSG00000125618	95	72	70	43
ENSG00000125629	972	950	1016	903
ENSG00000125630	3392	3524	3088	2485
ENSG00000125633	1681	1993	1612	1528
ENSG00000125637	13155	11886	12229	10335
ENSG00000125648	2117	2066	1407	1356
ENSG00000125650	77	87	108	84
ENSG00000125651	5689	5860	5136	4596
ENSG00000125652	1288	1443	1091	1312
ENSG00000125656	2138	2269	1908	2019
ENSG00000125657	1802	2079	1450	2152
ENSG00000125675	17	0	3	2
ENSG00000125676	3981	6859	3963	6296
ENSG00000125686	4664	4542	4125	3157
ENSG00000125691	26569	26619	22896	21591
ENSG00000125703	485	547	454	451
ENSG00000125726	13215	15756	10811	14280
ENSG00000125730	103	355	117	491
ENSG00000125731	288	231	273	188
ENSG00000125733	2587	2323	2043	1950
ENSG00000125734	2461	2242	2018	1860
ENSG00000125735	3808	2460	2832	1689
ENSG00000125740	69	80	63	72
ENSG00000125741	1645	1707	1540	1426
ENSG00000125743	9343	9646	8274	7258
ENSG00000125744	447	557	385	395
ENSG00000125746	5360	4918	4839	3820
ENSG00000125753	17180	15704	14963	12854
ENSG00000125755	7388	7035	6705	5725
ENSG00000125772	650	721	639	549
ENSG00000125775	53	58	34	41
ENSG00000125779	1429	1704	1293	1358
ENSG00000125780	7	0	0	0
ENSG00000125787	0	0	0	0
ENSG00000125810	349	863	202	592
ENSG00000125812	853	1019	880	695
ENSG00000125814	299	373	300	232
ENSG00000125817	5714	5784	4922	5129
ENSG00000125818	5014	5156	4202	4090
ENSG00000125821	2863	3303	2586	2619
ENSG00000125826	3547	3384	3181	2635
ENSG00000125827	4109	4305	3812	3950
ENSG00000125834	1233	1544	1248	1251
ENSG00000125835	13241	14582	12281	12126
ENSG00000125841	60	112	24	140
ENSG00000125843	751	657	666	600
ENSG00000125844	4303	4941	4664	4171
ENSG00000125845	923	354	1346	212
ENSG00000125846	201	263	204	220
ENSG00000125861	0	1	3	0
ENSG00000125863	726	1027	686	841
ENSG00000125864	58	55	65	60
ENSG00000125868	2997	3498	2472	3466
ENSG00000125869	6	9	0	7
ENSG00000125870	3715	4353	3282	3148
ENSG00000125871	1224	1118	1021	941
ENSG00000125875	927	1079	844	899
ENSG00000125877	1959	2108	1864	1792
ENSG00000125879	0	0	0	1
ENSG00000125885	1702	2011	1492	1349
ENSG00000125895	3	2	0	1
ENSG00000125898	2399	2155	2308	1843
ENSG00000125901	2426	2665	1925	2210
ENSG00000125910	6283	5484	5508	5557
ENSG00000125912	5388	5686	4450	4690
ENSG00000125931	7	10	3	1
ENSG00000125944	14083	14726	12362	10898
ENSG00000125945	372	337	318	365
ENSG00000125952	3216	3067	2822	2673
ENSG00000125954	28	59	32	80
ENSG00000125962	0	4	0	9
ENSG00000125965	0	0	2	1
ENSG00000125966	4	0	2	0
ENSG00000125967	150	202	141	178
ENSG00000125968	9	59	12	53
ENSG00000125970	8471	8672	7979	7733
ENSG00000125971	3719	3852	3380	3318
ENSG00000125977	10328	12777	9795	9482
ENSG00000125991	3804	3847	3629	3242
ENSG00000125995	1827	1562	1492	1389
ENSG00000126001	3647	3822	3239	3017
ENSG00000126003	7333	6434	5640	4530
ENSG00000126005	809	817	778	810
ENSG00000126010	0	3	0	1
ENSG00000126012	7345	9591	5602	8983
ENSG00000126016	1	12	0	16
ENSG00000126062	1714	1766	1515	1494
ENSG00000126067	7148	7854	6348	6684
ENSG00000126070	953	1047	871	746
ENSG00000126088	1504	1309	1277	1078
ENSG00000126091	523	556	432	486
ENSG00000126106	403	383	388	216
ENSG00000126107	1825	1833	1573	1553
ENSG00000126214	3737	3711	3097	3000
ENSG00000126215	1274	1679	1165	1510
ENSG00000126216	1831	2074	1855	1785
ENSG00000126217	1	0	1	0
ENSG00000126218	0	0	0	0
ENSG00000126226	1878	2087	1735	1431
ENSG00000126231	0	0	0	0
ENSG00000126243	811	873	770	773
ENSG00000126246	697	437	650	448
ENSG00000126247	11347	10036	9367	8926
ENSG00000126249	608	608	507	461
ENSG00000126254	4596	4716	4299	4062
ENSG00000126259	9	1	11	3
ENSG00000126261	7505	8038	7112	6360
ENSG00000126262	0	0	0	0
ENSG00000126264	1946	1542	1914	1555
ENSG00000126266	0	0	1	1
ENSG00000126267	3936	4128	3531	3656
ENSG00000126351	532	597	443	541
ENSG00000126353	17310	20336	13073	20516
ENSG00000126368	564	514	461	399
ENSG00000126391	1678	1758	1437	1477
ENSG00000126432	8465	7901	6969	7225
ENSG00000126453	1191	1114	1070	1001
ENSG00000126456	2667	2951	2428	2782
ENSG00000126457	15278	15689	13377	11987
ENSG00000126458	379	247	331	232
ENSG00000126460	25	12	7	7
ENSG00000126461	5649	5736	5145	4820
ENSG00000126464	3347	2827	3082	2465
ENSG00000126500	5	8	6	3
ENSG00000126522	1771	1756	1570	1403
ENSG00000126524	1850	2300	1549	1738
ENSG00000126549	0	1	1	0
ENSG00000126561	14276	11474	11715	9016
ENSG00000126562	1	5	0	2
ENSG00000126581	3962	3880	3156	3333
ENSG00000126583	0	0	0	1
ENSG00000126602	9546	10918	8243	8242
ENSG00000126603	144	98	141	108
ENSG00000126653	1502	2064	1545	1629
ENSG00000126698	5470	5931	5382	4637
ENSG00000126705	1322	1122	1173	1134
ENSG00000126709	1023	1109	841	1161
ENSG00000126746	1899	2027	1748	1616
ENSG00000126749	2499	2441	2311	1775
ENSG00000126752	0	1	0	0
ENSG00000126756	2081	2944	1645	2799
ENSG00000126759	7	22	10	23
ENSG00000126767	4459	5908	3462	5958
ENSG00000126768	1879	2669	1497	2966
ENSG00000126773	2579	2698	2273	1989
ENSG00000126775	389	349	348	310
ENSG00000126777	7300	7861	6068	6143
ENSG00000126778	1293	1993	1091	1514
ENSG00000126787	3459	3191	3314	2403
ENSG00000126790	130	172	134	153
ENSG00000126803	163	224	176	193
ENSG00000126804	3720	3386	3423	2720
ENSG00000126814	881	1008	873	723
ENSG00000126821	1547	1879	1366	1804
ENSG00000126822	184	332	144	932
ENSG00000126858	1650	1589	1415	1256
ENSG00000126860	2309	1353	1746	919
ENSG00000126861	3	8	1	7
ENSG00000126870	484	506	548	417
ENSG00000126878	7	11	3	29
ENSG00000126882	5961	5682	5447	4106
ENSG00000126883	3476	3439	3247	2750
ENSG00000126903	1188	1669	1051	1530
ENSG00000126934	7503	8376	6838	7967
ENSG00000126945	5082	7166	3748	7145
ENSG00000126947	70	36	18	9
ENSG00000126953	709	1148	597	1001
ENSG00000126970	311	246	251	116
ENSG00000127022	34466	37216	29449	29065
ENSG00000127054	3994	4154	3437	3469
ENSG00000127074	97	65	95	24
ENSG00000127080	783	875	692	607
ENSG00000127081	218	234	203	192
ENSG00000127084	3184	2727	3043	2629
ENSG00000127124	1316	1011	1093	756
ENSG00000127125	1439	1536	1273	1443
ENSG00000127129	3	11	0	17
ENSG00000127152	1747	1415	1655	1024
ENSG00000127184	6710	7039	5870	6071
ENSG00000127191	1908	1879	1778	1466
ENSG00000127220	449	373	377	409
ENSG00000127241	0	0	0	0
ENSG00000127249	30	19	21	18
ENSG00000127252	0	0	0	1
ENSG00000127311	621	753	553	688
ENSG00000127314	10944	12164	10079	11521
ENSG00000127318	0	1	0	0
ENSG00000127328	727	865	623	582
ENSG00000127329	203	167	171	111
ENSG00000127334	1645	1530	1592	1117
ENSG00000127337	1195	1407	1146	1057
ENSG00000127362	0	1	0	2
ENSG00000127364	2	5	1	1
ENSG00000127366	1	1	2	2
ENSG00000127399	1060	1316	424	1052
ENSG00000127415	171	171	173	182
ENSG00000127418	715	783	482	542
ENSG00000127419	337	325	353	357
ENSG00000127423	230	235	179	203
ENSG00000127445	3117	3419	2830	3080
ENSG00000127452	848	893	777	762
ENSG00000127463	2944	3201	2797	2592
ENSG00000127472	0	0	0	2
ENSG00000127481	5136	6868	6532	5671
ENSG00000127483	7059	7512	6599	6352
ENSG00000127507	75	36	115	2
ENSG00000127511	1721	2002	1648	1595
ENSG00000127526	3062	3076	2850	2635
ENSG00000127527	1630	1771	1486	1427
ENSG00000127528	3092	2729	3195	2844
ENSG00000127533	15	26	19	29
ENSG00000127540	3705	4185	3385	3669
ENSG00000127554	1062	1096	993	846
ENSG00000127561	1582	1442	1346	1218
ENSG00000127564	2112	2501	1945	2094
ENSG00000127578	2	5	6	1
ENSG00000127580	1282	1188	1125	917
ENSG00000127585	722	366	681	320
ENSG00000127586	1825	2145	1667	1673
ENSG00000127588	0	0	0	1
ENSG00000127589	26	30	28	14
ENSG00000127603	8687	8920	10334	7674
ENSG00000127616	9925	10513	9187	7973
ENSG00000127663	2735	2232	2555	2102
ENSG00000127666	1725	1770	1558	1424
ENSG00000127720	144	191	131	133
ENSG00000127774	1356	1553	1234	1225
ENSG00000127804	2101	2172	1861	1641
ENSG00000127824	10178	11575	9550	10094
ENSG00000127831	0	9	2	7
ENSG00000127837	4186	4005	3484	3232
ENSG00000127838	2226	2265	1970	1809
ENSG00000127870	3210	3569	2857	2771
ENSG00000127884	3947	3873	3342	3166
ENSG00000127914	2877	3383	2874	2947
ENSG00000127922	3525	3564	3147	3051
ENSG00000127946	3449	7473	2283	6579
ENSG00000127947	968	1032	898	918
ENSG00000127948	1885	2284	1725	2095
ENSG00000127951	145	167	126	153
ENSG00000127952	1522	1440	1444	1395
ENSG00000127954	1	0	0	0
ENSG00000127957	116	175	124	129
ENSG00000127980	594	960	558	693
ENSG00000127989	331	324	240	245
ENSG00000127990	0	9	6	230
ENSG00000127993	479	441	449	365
ENSG00000127995	943	896	820	616
ENSG00000128000	359	467	350	315
ENSG00000128011	209	133	230	153
ENSG00000128016	1332	1575	1263	1497
ENSG00000128039	381	443	348	291
ENSG00000128040	0	1	0	0
ENSG00000128045	13	8	7	6
ENSG00000128050	15728	17959	13497	13402
ENSG00000128059	2390	2825	1968	2013
ENSG00000128159	1150	1477	1405	1271
ENSG00000128165	404	378	314	236
ENSG00000128185	854	866	761	819
ENSG00000128191	1982	2413	1985	1694
ENSG00000128203	747	765	621	700
ENSG00000128218	3	3	5	3
ENSG00000128228	2809	2969	2286	2504
ENSG00000128242	0	0	0	0
ENSG00000128245	9208	10525	8941	8473
ENSG00000128250	0	0	0	0
ENSG00000128253	0	2	5	1
ENSG00000128254	9	12	8	4
ENSG00000128262	0	0	0	1
ENSG00000128266	12	22	7	21
ENSG00000128268	41	57	16	66
ENSG00000128271	1352	1458	1358	1400
ENSG00000128272	13560	15537	12567	9693
ENSG00000128274	21	58	5	192
ENSG00000128283	63	39	54	55
ENSG00000128284	3136	3161	2878	3108
ENSG00000128285	0	0	0	0
ENSG00000128294	3581	2761	3251	2724
ENSG00000128298	6	8	10	4
ENSG00000128309	2389	2782	2135	2398
ENSG00000128310	0	0	4	0
ENSG00000128311	725	1030	486	873
ENSG00000128322	71	64	40	50
ENSG00000128335	2892	3358	2194	3291
ENSG00000128340	30486	28436	26774	26286
ENSG00000128342	2791	2976	2441	1590
ENSG00000128346	2	6	5	6
ENSG00000128383	0	0	0	0
ENSG00000128394	1169	927	1007	857
ENSG00000128408	79	110	116	87
ENSG00000128422	75	241	42	425
ENSG00000128438	2	0	0	0
ENSG00000128463	2725	2793	2305	2501
ENSG00000128482	1	3	2	0
ENSG00000128487	19	17	16	7
ENSG00000128510	0	0	0	0
ENSG00000128512	20	24	13	19
ENSG00000128513	897	856	864	784
ENSG00000128524	2856	3450	2523	3177
ENSG00000128534	1488	1608	1327	1263
ENSG00000128536	25	6	5	3
ENSG00000128563	1112	1210	982	912
ENSG00000128564	62	81	51	60
ENSG00000128567	334	458	327	278
ENSG00000128573	6	11	14	9
ENSG00000128578	5029	3976	3473	2348
ENSG00000128581	298	276	233	267
ENSG00000128585	1678	1947	1661	1576
ENSG00000128590	768	941	558	842
ENSG00000128591	0	1	0	1
ENSG00000128594	14	5	3	0
ENSG00000128595	3592	3901	2953	3113
ENSG00000128596	333	596	273	386
ENSG00000128602	24	6	8	7
ENSG00000128604	3979	4371	3395	4118
ENSG00000128606	5	2	3	0
ENSG00000128607	1291	1370	1052	1181
ENSG00000128609	2076	2052	1850	1781
ENSG00000128626	2422	2444	1883	2085
ENSG00000128641	940	2999	582	1689
ENSG00000128654	1264	1572	1057	1160
ENSG00000128656	83	13	24	22
ENSG00000128683	14	25	20	11
ENSG00000128692	59	73	61	54
ENSG00000128694	431	431	416	383
ENSG00000128699	1285	1555	1125	1095
ENSG00000128708	3058	3316	2793	2758
ENSG00000128710	4	1	0	0
ENSG00000128713	3	0	3	0
ENSG00000128731	2347	2696	2709	2762
ENSG00000128739	2915	2777	2428	2472
ENSG00000128789	2185	2256	1902	1780
ENSG00000128791	1051	1283	1004	1119
ENSG00000128805	0	0	5	3
ENSG00000128815	5	3	1	0
ENSG00000128829	2725	3235	2164	2493
ENSG00000128833	13	27	18	19
ENSG00000128849	0	2	0	0
ENSG00000128872	126	226	107	229
ENSG00000128881	655	758	714	605
ENSG00000128886	13	10	11	6
ENSG00000128891	846	869	788	770
ENSG00000128908	2561	2803	2287	2380
ENSG00000128915	2476	2799	2247	2194
ENSG00000128917	133	231	45	313
ENSG00000128918	0	0	0	3
ENSG00000128923	1092	1030	937	906
ENSG00000128928	3783	3600	3119	2951
ENSG00000128944	1616	1618	1507	1308
ENSG00000128951	7803	7528	7565	5357
ENSG00000128965	503	515	464	351
ENSG00000128973	1614	1707	1511	1373
ENSG00000128989	7999	9500	7085	8339
ENSG00000129003	4151	4174	4211	3584
ENSG00000129007	65	112	80	49
ENSG00000129009	97	57	29	46
ENSG00000129028	45	51	20	47
ENSG00000129038	171	191	149	242
ENSG00000129048	0	1	0	0
ENSG00000129055	1556	1753	1343	1452
ENSG00000129071	2148	2568	2001	1906
ENSG00000129083	7051	7729	5986	6252
ENSG00000129084	6073	7111	5525	5688
ENSG00000129103	4394	4557	3834	3614
ENSG00000129116	473	411	489	209
ENSG00000129128	8164	8226	7372	6552
ENSG00000129152	1	0	0	0
ENSG00000129158	780	728	559	627
ENSG00000129167	4	4	5	6
ENSG00000129173	776	947	809	619
ENSG00000129187	4093	4538	3598	3565
ENSG00000129194	2	2	0	0
ENSG00000129195	665	732	627	711
ENSG00000129197	993	1281	890	1100
ENSG00000129204	1	0	0	5
ENSG00000129214	1	1	1	0
ENSG00000129219	364	310	282	218
ENSG00000129226	1171	1073	1032	1074
ENSG00000129235	1424	3178	1253	2618
ENSG00000129244	80	66	57	18
ENSG00000129245	2368	2809	1940	2304
ENSG00000129250	4494	4896	3609	3721
ENSG00000129255	2245	1926	1975	1615
ENSG00000129292	2904	2900	2456	2113
ENSG00000129295	13	7	11	3
ENSG00000129315	2676	2658	2302	2172
ENSG00000129317	1075	1210	989	928
ENSG00000129347	2463	2574	2333	1958
ENSG00000129351	23125	25587	21073	19372
ENSG00000129353	3059	1960	2890	1912
ENSG00000129355	660	852	645	752
ENSG00000129422	0	2	2	3
ENSG00000129437	3	0	1	1
ENSG00000129450	0	0	2	0
ENSG00000129451	0	0	0	0
ENSG00000129460	1104	1127	960	913
ENSG00000129465	495	409	409	379
ENSG00000129467	9	12	11	8
ENSG00000129472	916	1062	790	983
ENSG00000129473	893	1200	729	1075
ENSG00000129474	91	127	90	72
ENSG00000129480	899	1020	743	764
ENSG00000129484	894	1049	772	826
ENSG00000129493	600	679	456	606
ENSG00000129514	0	0	1	0
ENSG00000129515	3364	3363	3038	2693
ENSG00000129518	1043	1042	978	885
ENSG00000129521	255	248	280	68
ENSG00000129534	2321	2346	2208	1571
ENSG00000129535	71	42	55	41
ENSG00000129559	4582	4740	3824	3941
ENSG00000129562	3088	2920	3034	2618
ENSG00000129566	1728	1940	1663	1719
ENSG00000129595	70	106	94	27
ENSG00000129596	154	656	23	536
ENSG00000129625	4387	5050	3839	4273
ENSG00000129636	1168	1170	1018	1041
ENSG00000129646	18	17	21	12
ENSG00000129654	2	1	1	0
ENSG00000129657	7646	7518	7348	6182
ENSG00000129667	877	862	700	772
ENSG00000129673	0	3	3	0
ENSG00000129675	13199	20201	10435	18052
ENSG00000129680	1713	2374	1412	1861
ENSG00000129691	2370	2661	2236	1903
ENSG00000129696	911	1025	957	801
ENSG00000129749	13	16	13	11
ENSG00000129757	7	8	3	5
ENSG00000129810	1280	1435	1492	1077
ENSG00000129824	8423	8565	7063	6909
ENSG00000129910	0	0	0	1
ENSG00000129911	1943	2026	1618	1564
ENSG00000129925	1324	1393	1174	1250
ENSG00000129932	1640	1697	1468	1330
ENSG00000129933	2237	2026	1759	1735
ENSG00000129946	0	0	0	0
ENSG00000129951	0	0	0	0
ENSG00000129965	0	0	0	0
ENSG00000129968	5215	5490	4610	4738
ENSG00000129990	4	8	4	10
ENSG00000129991	1	4	8	2
ENSG00000129993	119	25	66	25
ENSG00000130005	781	865	427	712
ENSG00000130021	1199	2138	893	2041
ENSG00000130023	518	624	491	464
ENSG00000130024	2459	2866	2486	2201
ENSG00000130035	253	258	324	140
ENSG00000130038	1181	1179	941	854
ENSG00000130045	0	0	0	1
ENSG00000130052	2054	2390	1771	2662
ENSG00000130055	1	0	0	0
ENSG00000130066	1308	2741	952	3158
ENSG00000130119	1640	2542	1345	1970
ENSG00000130147	1	0	0	0
ENSG00000130150	536	1002	507	1062
ENSG00000130158	214	241	126	130
ENSG00000130159	1680	1605	1526	1217
ENSG00000130164	6011	6522	5292	5714
ENSG00000130165	1692	1809	1562	1618
ENSG00000130175	11963	11596	10765	9845
ENSG00000130176	3	1	0	0
ENSG00000130177	2203	2447	1987	1776
ENSG00000130182	1	1	0	1
ENSG00000130193	1641	1788	1425	1236
ENSG00000130202	19	54	13	65
ENSG00000130203	15	9	10	13
ENSG00000130204	7228	8338	6602	6398
ENSG00000130208	153	101	122	52
ENSG00000130222	1918	1666	1601	1492
ENSG00000130227	4568	4806	3901	3870
ENSG00000130244	361	492	348	447
ENSG00000130254	4268	4666	3921	3394
ENSG00000130255	16130	16001	14346	12001
ENSG00000130270	146	102	140	62
ENSG00000130283	1	0	0	0
ENSG00000130287	137	4	31	12
ENSG00000130294	92	29	34	23
ENSG00000130299	1186	1164	1070	876
ENSG00000130300	2	0	0	0
ENSG00000130303	11358	11725	9255	11313
ENSG00000130304	337	211	280	183
ENSG00000130305	1638	1913	1398	1557
ENSG00000130307	3	1	0	2
ENSG00000130309	3010	3458	2733	2653
ENSG00000130311	2663	2699	2153	2302
ENSG00000130312	2848	3025	2410	2463
ENSG00000130313	2089	1959	1972	1677
ENSG00000130332	3170	3269	2828	2693
ENSG00000130338	746	685	582	613
ENSG00000130340	2653	2173	2331	1922
ENSG00000130347	356	420	315	300
ENSG00000130348	1156	1135	967	860
ENSG00000130349	375	442	356	316
ENSG00000130363	337	237	263	282
ENSG00000130368	0	0	1	2
ENSG00000130377	3	11	1	0
ENSG00000130382	4477	4552	3733	3439
ENSG00000130383	0	0	0	0
ENSG00000130396	5811	6090	5401	4874
ENSG00000130402	35931	37460	31203	33080
ENSG00000130413	0	0	0	2
ENSG00000130414	4177	4392	3601	3466
ENSG00000130427	0	1	0	1
ENSG00000130429	18390	18853	15176	17037
ENSG00000130449	416	210	372	134
ENSG00000130475	1702	1674	1625	1222
ENSG00000130477	12	16	7	14
ENSG00000130479	2947	2610	2566	2199
ENSG00000130487	44	140	47	138
ENSG00000130489	913	767	662	505
ENSG00000130511	4738	5635	4432	4843
ENSG00000130513	7	10	13	3
ENSG00000130517	1536	1666	1491	1780
ENSG00000130518	19	13	22	8
ENSG00000130520	5582	6748	5182	5675
ENSG00000130522	10965	10729	10637	8751
ENSG00000130529	1	0	0	0
ENSG00000130544	367	392	347	320
ENSG00000130545	9	12	7	12
ENSG00000130558	0	1	0	0
ENSG00000130559	2973	3248	2519	2545
ENSG00000130560	1693	2507	1613	2477
ENSG00000130561	0	0	0	0
ENSG00000130584	294	195	299	158
ENSG00000130589	1326	1533	1325	1599
ENSG00000130590	923	715	761	547
ENSG00000130592	46750	44564	40203	43483
ENSG00000130595	1	4	2	3
ENSG00000130598	20	35	17	24
ENSG00000130635	0	1	1	0
ENSG00000130638	3980	3330	3399	2745
ENSG00000130640	3492	3807	3193	3012
ENSG00000130643	2	0	0	0
ENSG00000130649	0	4	1	3
ENSG00000130653	103	62	91	49
ENSG00000130669	1395	1410	1227	1203
ENSG00000130675	19	7	6	5
ENSG00000130684	659	781	587	755
ENSG00000130695	1176	1414	1199	1093
ENSG00000130699	1020	1134	903	1005
ENSG00000130702	23	20	27	18
ENSG00000130703	1260	1408	1015	1049
ENSG00000130706	5158	6007	4744	4883
ENSG00000130707	481	638	370	200
ENSG00000130711	8	23	8	6
ENSG00000130713	2054	2333	1937	1922
ENSG00000130714	795	857	709	764
ENSG00000130717	960	1082	841	985
ENSG00000130723	16515	15851	15016	13227
ENSG00000130724	3025	2644	2641	2394
ENSG00000130725	4250	4786	3771	3680
ENSG00000130726	19925	20241	18260	15758
ENSG00000130731	2159	2309	2124	1911
ENSG00000130733	1292	1340	1160	1087
ENSG00000130734	1046	1319	973	1196
ENSG00000130741	9118	12230	7331	10368
ENSG00000130748	1421	1225	1134	1104
ENSG00000130749	4201	4487	4196	3510
ENSG00000130751	52	32	41	30
ENSG00000130755	7457	6471	6622	5712
ENSG00000130758	426	485	447	433
ENSG00000130764	2042	2068	1912	1691
ENSG00000130766	1609	1770	1243	1575
ENSG00000130768	1	0	2	0
ENSG00000130770	3073	3755	2850	3069
ENSG00000130772	1101	1118	947	941
ENSG00000130775	1606	2034	1093	2296
ENSG00000130779	3181	3655	2791	3257
ENSG00000130783	0	17	4	7
ENSG00000130787	768	965	543	635
ENSG00000130803	2091	2016	1826	1625
ENSG00000130810	4044	3997	3244	2874
ENSG00000130811	6964	6617	6244	5206
ENSG00000130812	63	91	61	59
ENSG00000130813	1250	1271	1093	1007
ENSG00000130816	11139	13711	11444	10614
ENSG00000130818	411	304	310	168
ENSG00000130821	152	329	150	620
ENSG00000130822	0	1	1	5
ENSG00000130826	8027	10543	6889	8719
ENSG00000130827	838	1512	751	1647
ENSG00000130829	10	15	13	18
ENSG00000130830	238	715	333	789
ENSG00000130844	261	281	217	151
ENSG00000130856	681	769	671	687
ENSG00000130881	179	426	125	397
ENSG00000130921	901	971	925	810
ENSG00000130935	3659	3761	3138	2759
ENSG00000130939	2545	2858	2391	2196
ENSG00000130940	781	736	639	515
ENSG00000130956	2155	2111	1659	1444
ENSG00000130958	508	521	403	414
ENSG00000130985	17635	28345	14121	28063
ENSG00000130988	0	1	0	0
ENSG00000130997	22	38	21	42
ENSG00000131002	723	967	664	605
ENSG00000131013	1173	1167	1087	825
ENSG00000131015	104	119	168	67
ENSG00000131016	71	43	45	40
ENSG00000131018	3583	2740	3559	1917
ENSG00000131019	45	30	41	26
ENSG00000131023	1429	1482	1290	1098
ENSG00000131037	139	115	161	126
ENSG00000131043	1905	1634	1575	1396
ENSG00000131044	3	3	2	0
ENSG00000131051	7218	8829	6633	6258
ENSG00000131061	297	351	272	287
ENSG00000131067	77	104	45	66
ENSG00000131069	853	1430	712	1395
ENSG00000131080	96	324	17	518
ENSG00000131089	1348	1687	1139	1695
ENSG00000131094	6	14	9	10
ENSG00000131095	0	1	0	0
ENSG00000131100	3988	4205	3263	3878
ENSG00000131115	685	682	572	571
ENSG00000131116	1159	973	1029	756
ENSG00000131127	167	160	139	29
ENSG00000131142	0	0	0	0
ENSG00000131143	11615	10667	10044	9223
ENSG00000131148	1614	1705	1357	1340
ENSG00000131149	1562	1887	1848	1857
ENSG00000131152	50	32	26	12
ENSG00000131153	1859	2244	1767	1754
ENSG00000131165	4937	4583	4180	4261
ENSG00000131171	3886	5483	2948	5928
ENSG00000131174	2757	3974	2168	4059
ENSG00000131183	5	10	29	12
ENSG00000131187	40	43	29	15
ENSG00000131188	246	256	273	159
ENSG00000131196	988	513	1008	299
ENSG00000131203	4	0	0	0
ENSG00000131236	24779	24548	20312	21303
ENSG00000131238	7494	6896	6655	5602
ENSG00000131242	566	632	465	812
ENSG00000131263	2605	3847	2124	3481
ENSG00000131269	1412	2055	1173	1923
ENSG00000131323	3078	2928	2879	2143
ENSG00000131351	546	601	626	399
ENSG00000131368	2790	3561	2596	2564
ENSG00000131370	6035	4073	4724	2922
ENSG00000131373	1506	1434	1391	1195
ENSG00000131374	5286	5442	4951	4340
ENSG00000131375	1568	1827	1318	1376
ENSG00000131378	20992	19221	17964	15510
ENSG00000131379	1	3	1	1
ENSG00000131381	1611	1953	1540	1597
ENSG00000131386	0	2	1	0
ENSG00000131389	9304	10717	8653	8447
ENSG00000131398	344	467	176	245
ENSG00000131400	19	48	22	31
ENSG00000131401	19	11	14	3
ENSG00000131408	4111	3807	3723	3171
ENSG00000131409	7	3	11	6
ENSG00000131435	0	0	5	1
ENSG00000131437	1503	1660	1535	1485
ENSG00000131446	6717	6665	5950	6375
ENSG00000131459	14	5	8	0
ENSG00000131462	3270	3579	2615	3050
ENSG00000131467	8987	9587	7354	7137
ENSG00000131469	24622	23968	23135	18824
ENSG00000131470	508	600	399	532
ENSG00000131471	3	8	9	14
ENSG00000131473	18610	20368	16572	16036
ENSG00000131475	2246	1938	1887	1594
ENSG00000131477	1	0	0	0
ENSG00000131480	15	38	21	28
ENSG00000131484	0	0	1	3
ENSG00000131495	2028	1934	1864	1726
ENSG00000131503	4835	5483	4956	4155
ENSG00000131504	21005	22287	19537	19021
ENSG00000131507	3907	3824	3480	3468
ENSG00000131508	6357	6696	5377	5458
ENSG00000131558	2838	2508	2649	2008
ENSG00000131584	1160	1728	1042	1455
ENSG00000131591	531	486	489	420
ENSG00000131626	1431	1954	1330	1548
ENSG00000131634	200	231	147	161
ENSG00000131650	5	12	2	6
ENSG00000131652	1892	1859	1672	1461
ENSG00000131653	5770	5323	5145	4173
ENSG00000131668	1	0	3	2
ENSG00000131669	2421	1703	1973	1540
ENSG00000131686	0	3	0	9
ENSG00000131697	750	720	647	604
ENSG00000131711	0	2	1	0
ENSG00000131724	281	848	58	1030
ENSG00000131725	1134	1644	1027	1597
ENSG00000131732	1477	1757	1378	1195
ENSG00000131746	256	192	218	130
ENSG00000131747	12736	11402	14792	9113
ENSG00000131748	2366	2141	1943	1716
ENSG00000131759	4631	3830	3921	3326
ENSG00000131771	1	0	0	0
ENSG00000131773	50	141	25	67
ENSG00000131778	3729	4044	3136	2759
ENSG00000131779	1173	1044	1071	971
ENSG00000131781	22	16	14	13
ENSG00000131788	966	1071	949	887
ENSG00000131791	349	526	350	363
ENSG00000131797	46	211	82	145
ENSG00000131828	3509	5631	2807	5290
ENSG00000131831	0	0	0	0
ENSG00000131844	5053	5794	4267	4427
ENSG00000131845	465	428	420	358
ENSG00000131848	118	93	130	46
ENSG00000131849	5	13	10	3
ENSG00000131871	1388	1609	1139	1419
ENSG00000131873	2954	3150	2891	2594
ENSG00000131876	3766	4120	3154	3083
ENSG00000131885	0	2	0	0
ENSG00000131899	2745	2587	2447	2523
ENSG00000131931	541	644	528	506
ENSG00000131941	38	25	22	10
ENSG00000131943	1574	1744	1237	1359
ENSG00000131944	269	284	267	233
ENSG00000131966	1139	1177	981	957
ENSG00000131969	0	0	0	0
ENSG00000131979	3401	3377	3103	2942
ENSG00000131981	10895	12938	9298	11847
ENSG00000132000	8	16	2	13
ENSG00000132002	3810	4144	3307	3729
ENSG00000132003	920	704	790	562
ENSG00000132004	327	375	335	242
ENSG00000132005	1178	1138	1036	911
ENSG00000132010	49	69	54	60
ENSG00000132016	68	76	89	68
ENSG00000132017	2040	1991	1910	1827
ENSG00000132024	2042	2918	1922	2646
ENSG00000132031	3	6	1	4
ENSG00000132109	1569	1575	1388	1471
ENSG00000132122	45	19	10	5
ENSG00000132128	3031	3371	2668	2946
ENSG00000132141	65	86	62	58
ENSG00000132153	9644	10436	8195	8682
ENSG00000132155	6478	7093	6056	5637
ENSG00000132170	2469	2157	1588	1224
ENSG00000132182	27103	29877	26188	25672
ENSG00000132185	0	0	0	0
ENSG00000132196	807	997	707	727
ENSG00000132199	463	539	570	501
ENSG00000132205	941	996	1044	622
ENSG00000132207	1795	2168	2143	1738
ENSG00000132254	1336	1517	1209	1186
ENSG00000132256	460	411	400	345
ENSG00000132259	0	0	0	1
ENSG00000132274	1572	2130	903	2118
ENSG00000132275	1517	1634	1327	1148
ENSG00000132286	1477	1303	1289	1056
ENSG00000132294	3420	3881	3135	3257
ENSG00000132300	2866	3311	2540	2410
ENSG00000132305	6933	7886	6264	6453
ENSG00000132313	1921	2091	1696	1773
ENSG00000132323	1612	1778	1343	1338
ENSG00000132326	612	585	480	384
ENSG00000132329	13	3	21	2
ENSG00000132330	1954	2009	1525	1544
ENSG00000132334	674	658	697	518
ENSG00000132341	32597	34645	29234	26599
ENSG00000132356	2423	3009	2220	2723
ENSG00000132357	384	278	360	236
ENSG00000132359	135	353	184	435
ENSG00000132361	7180	8028	6138	6249
ENSG00000132376	1524	1246	1201	1189
ENSG00000132382	5252	6912	4785	5420
ENSG00000132383	5879	6701	5947	5420
ENSG00000132386	3	4	2	19
ENSG00000132388	3038	3440	2774	2759
ENSG00000132394	2399	2400	2144	2083
ENSG00000132405	3665	3426	3255	2421
ENSG00000132406	570	664	488	530
ENSG00000132423	637	832	608	717
ENSG00000132424	2358	3108	2508	2374
ENSG00000132429	48	13	60	0
ENSG00000132432	2211	2615	2102	2118
ENSG00000132434	489	617	425	471
ENSG00000132436	2832	3651	2787	2857
ENSG00000132437	20	40	14	28
ENSG00000132463	5539	5963	4569	4703
ENSG00000132465	1	0	0	0
ENSG00000132466	5443	5913	5220	4215
ENSG00000132467	2505	2715	2053	2093
ENSG00000132470	34	22	40	14
ENSG00000132471	3903	3969	3359	3669
ENSG00000132475	19734	19838	17091	16675
ENSG00000132478	1156	1280	1162	991
ENSG00000132481	542	790	606	500
ENSG00000132485	3885	4767	3800	3654
ENSG00000132507	44418	46838	38987	35876
ENSG00000132510	3176	2330	2754	1644
ENSG00000132517	1	0	0	0
ENSG00000132518	0	3	0	0
ENSG00000132522	1461	1752	1485	1526
ENSG00000132530	600	731	518	702
ENSG00000132535	115	103	85	101
ENSG00000132541	561	605	424	514
ENSG00000132549	1338	1425	1447	1071
ENSG00000132561	0	0	2	0
ENSG00000132563	794	648	539	454
ENSG00000132570	205	217	219	178
ENSG00000132581	1261	1133	1004	1070
ENSG00000132589	9935	10926	8506	10535
ENSG00000132591	2009	1966	1866	1658
ENSG00000132600	1072	1326	972	1081
ENSG00000132603	2884	3071	2541	2222
ENSG00000132604	1934	2064	1628	1702
ENSG00000132612	3194	3703	2614	3216
ENSG00000132613	37	9	47	6
ENSG00000132622	0	3	0	2
ENSG00000132623	38	142	20	82
ENSG00000132635	600	509	536	405
ENSG00000132639	52	140	14	59
ENSG00000132646	12777	14909	12518	12246
ENSG00000132661	1190	1304	1101	901
ENSG00000132664	669	759	540	510
ENSG00000132670	3658	3654	3295	3085
ENSG00000132676	4230	4603	3888	3619
ENSG00000132680	1057	1420	1046	1007
ENSG00000132681	49	31	28	40
ENSG00000132688	0	0	0	0
ENSG00000132692	5	1	1	0
ENSG00000132694	287	420	233	500
ENSG00000132698	0	0	0	0
ENSG00000132702	1	0	1	0
ENSG00000132716	3964	4410	3618	3469
ENSG00000132718	7174	6943	6083	6135
ENSG00000132740	888	1134	911	978
ENSG00000132744	57	74	30	62
ENSG00000132746	6	23	21	47
ENSG00000132749	76	150	87	152
ENSG00000132763	303	348	284	267
ENSG00000132768	2410	2412	1908	1798
ENSG00000132773	982	1024	954	793
ENSG00000132780	8603	10650	7726	8170
ENSG00000132781	756	808	665	712
ENSG00000132792	2901	2924	2449	2449
ENSG00000132793	8	1	7	0
ENSG00000132801	318	295	275	260
ENSG00000132819	5020	4730	4675	3909
ENSG00000132821	2	5	2	9
ENSG00000132823	922	900	795	733
ENSG00000132824	4813	4571	4073	4045
ENSG00000132825	389	555	409	497
ENSG00000132832	4	18	8	16
ENSG00000132837	3	0	3	2
ENSG00000132842	3070	3420	2840	2816
ENSG00000132846	104	93	80	53
ENSG00000132849	26	102	23	189
ENSG00000132872	4951	8955	2915	5157
ENSG00000132874	33	32	12	23
ENSG00000132879	124	173	104	258
ENSG00000132881	190	181	133	158
ENSG00000132906	1174	1130	1126	1053
ENSG00000132912	2330	2654	2109	2329
ENSG00000132932	165	60	4	2
ENSG00000132938	0	0	0	2
ENSG00000132950	494	569	426	501
ENSG00000132952	782	999	731	699
ENSG00000132953	2415	2693	2168	1862
ENSG00000132963	3295	3627	2829	2743
ENSG00000132964	1167	1385	991	1116
ENSG00000132965	13779	11542	10809	9081
ENSG00000132967	1087	1682	1486	1081
ENSG00000132970	3	4	0	0
ENSG00000133019	3	9	4	8
ENSG00000133020	51	1	8	0
ENSG00000133026	5450	8110	3105	9787
ENSG00000133027	747	858	738	652
ENSG00000133028	2212	2532	1884	1954
ENSG00000133030	8840	8360	8113	6643
ENSG00000133048	21	13	8	8
ENSG00000133055	0	0	0	0
ENSG00000133056	2044	1890	2189	1356
ENSG00000133059	765	758	689	725
ENSG00000133063	22	58	36	76
ENSG00000133065	2649	3161	2139	2579
ENSG00000133067	0	0	0	0
ENSG00000133069	196	254	163	303
ENSG00000133101	635	798	588	664
ENSG00000133103	1573	1469	1361	1151
ENSG00000133104	670	1057	675	719
ENSG00000133106	946	1078	696	980
ENSG00000133110	0	0	0	0
ENSG00000133111	526	488	474	323
ENSG00000133112	106726	94208	95900	75238
ENSG00000133114	1322	1323	1176	1006
ENSG00000133115	0	0	0	0
ENSG00000133116	113	161	66	61
ENSG00000133119	2076	2308	1962	1774
ENSG00000133121	32	56	33	70
ENSG00000133124	206	30	125	9
ENSG00000133131	170	247	184	153
ENSG00000133134	1	2	0	4
ENSG00000133138	0	0	0	1
ENSG00000133142	209	389	40	404
ENSG00000133169	0	0	6	0
ENSG00000133193	3282	3499	2696	2932
ENSG00000133195	750	687	690	552
ENSG00000133216	145	265	35	446
ENSG00000133226	5340	6313	5676	4708
ENSG00000133243	3927	3517	3343	3184
ENSG00000133246	6	10	2	16
ENSG00000133247	460	484	541	373
ENSG00000133250	528	487	424	366
ENSG00000133256	118	43	84	21
ENSG00000133265	2517	2476	2229	1894
ENSG00000133275	4837	4439	4560	3298
ENSG00000133302	1435	1430	1633	1049
ENSG00000133313	7593	8107	6398	6747
ENSG00000133315	394	367	467	263
ENSG00000133316	1868	1877	1617	1477
ENSG00000133317	0	0	0	2
ENSG00000133318	3395	4102	2963	3555
ENSG00000133321	711	378	607	519
ENSG00000133328	1	0	1	0
ENSG00000133392	0	1	2	3
ENSG00000133393	1652	2138	1448	1782
ENSG00000133398	1860	1749	1566	1199
ENSG00000133401	1	1	2	6
ENSG00000133422	1804	1977	1726	1512
ENSG00000133424	0	3	0	2
ENSG00000133433	20	52	7	77
ENSG00000133454	66	89	36	76
ENSG00000133460	147	180	158	181
ENSG00000133466	31	77	44	60
ENSG00000133475	2	7	0	2
ENSG00000133519	2	1	1	0
ENSG00000133561	2513	1711	2688	1367
ENSG00000133574	2244	404	2285	289
ENSG00000133597	1229	973	967	736
ENSG00000133606	6196	6336	5251	5368
ENSG00000133612	2401	2940	2122	2503
ENSG00000133619	479	489	319	484
ENSG00000133624	47	137	87	107
ENSG00000133627	262	396	256	300
ENSG00000133639	9809	7645	8478	6752
ENSG00000133640	0	0	0	0
ENSG00000133641	670	916	701	697
ENSG00000133657	10680	14103	9593	11772
ENSG00000133661	5	3	1	2
ENSG00000133678	537	440	493	355
ENSG00000133687	6	2	0	4
ENSG00000133703	1326	1431	1211	1133
ENSG00000133704	2617	2640	2435	2362
ENSG00000133706	5111	6760	5242	4932
ENSG00000133710	2	0	0	0
ENSG00000133731	1662	1899	1324	1570
ENSG00000133739	486	631	469	482
ENSG00000133740	260	224	197	124
ENSG00000133773	1815	2381	1868	1768
ENSG00000133789	1651	1959	1399	1779
ENSG00000133794	387	380	364	367
ENSG00000133805	727	850	616	594
ENSG00000133812	70	75	57	51
ENSG00000133816	9733	9433	8672	8458
ENSG00000133818	4361	5023	3799	4336
ENSG00000133835	3133	3460	2522	2949
ENSG00000133858	2005	2606	1831	2000
ENSG00000133863	252	3	307	16
ENSG00000133872	7388	6572	6311	5679
ENSG00000133874	357	298	348	213
ENSG00000133884	2987	2849	2684	2474
ENSG00000133895	2775	2500	2453	1995
ENSG00000133935	2582	2060	2215	1525
ENSG00000133943	2529	2392	2326	2039
ENSG00000133958	1	1	3	0
ENSG00000133961	2245	2266	1991	2053
ENSG00000133983	1703	1812	1506	1528
ENSG00000133985	8	2	5	3
ENSG00000133997	1331	1205	1137	1016
ENSG00000134001	6533	7070	5570	5606
ENSG00000134007	0	0	0	4
ENSG00000134013	37	20	20	17
ENSG00000134014	2636	2407	2333	1974
ENSG00000134020	0	1	0	0
ENSG00000134030	607	637	506	491
ENSG00000134046	6356	5791	5484	4432
ENSG00000134049	1650	2085	1443	1771
ENSG00000134056	1151	1155	1053	1005
ENSG00000134057	4962	5136	4634	4190
ENSG00000134058	1287	1333	1031	966
ENSG00000134061	3	2	0	2
ENSG00000134070	469	520	408	612
ENSG00000134072	475	441	550	710
ENSG00000134077	2901	2947	2448	2317
ENSG00000134086	3685	3619	3080	2899
ENSG00000134107	21964	23193	19047	25768
ENSG00000134108	4099	4277	3454	3697
ENSG00000134109	11617	13304	10462	10447
ENSG00000134138	18	4	24	13
ENSG00000134146	140	144	175	84
ENSG00000134152	896	1066	865	791
ENSG00000134153	2419	2928	2097	2589
ENSG00000134160	0	1	0	1
ENSG00000134183	2	4	1	1
ENSG00000134184	0	4	5	4
ENSG00000134186	3467	4307	3792	3078
ENSG00000134193	1245	1165	1719	683
ENSG00000134198	2195	2002	1690	1891
ENSG00000134201	0	1	0	0
ENSG00000134202	14	5	10	25
ENSG00000134215	3	2	2	0
ENSG00000134222	365	315	440	248
ENSG00000134242	2081	2140	1734	1690
ENSG00000134243	2286	1871	2054	1550
ENSG00000134245	2	4	5	3
ENSG00000134247	19	4	6	6
ENSG00000134248	2293	2433	1995	2045
ENSG00000134250	10725	7814	9998	6020
ENSG00000134253	23	52	46	38
ENSG00000134255	863	1061	874	814
ENSG00000134256	108	17	43	7
ENSG00000134262	888	985	751	797
ENSG00000134265	958	1208	876	932
ENSG00000134278	1291	1309	914	1251
ENSG00000134283	2865	2957	2671	2277
ENSG00000134285	888	887	764	626
ENSG00000134287	9852	8184	8841	7206
ENSG00000134291	3131	4174	3427	3536
ENSG00000134294	6040	7017	5787	4955
ENSG00000134297	124	128	166	95
ENSG00000134308	32685	24469	26177	20080
ENSG00000134313	3577	3677	3255	2972
ENSG00000134317	27	49	35	36
ENSG00000134318	2274	2737	1876	2121
ENSG00000134321	14	1	7	14
ENSG00000134324	2217	3265	2076	2687
ENSG00000134326	22	16	15	49
ENSG00000134330	1743	1897	1585	1410
ENSG00000134333	72956	78702	66571	64343
ENSG00000134339	4	0	1	0
ENSG00000134352	1036	1078	880	874
ENSG00000134363	6	4	5	1
ENSG00000134365	0	1	0	0
ENSG00000134369	29	18	22	28
ENSG00000134371	2698	2760	2357	2170
ENSG00000134375	4028	4682	3413	3861
ENSG00000134419	25358	23580	24258	19123
ENSG00000134440	6500	7269	5642	5558
ENSG00000134444	701	901	603	810
ENSG00000134452	2890	2897	2475	2547
ENSG00000134453	10382	13075	8872	10170
ENSG00000134460	68126	81661	59724	68739
ENSG00000134461	273	285	217	246
ENSG00000134470	924	1117	755	1196
ENSG00000134480	1503	1836	1394	1580
ENSG00000134490	304	373	299	282
ENSG00000134504	221	199	219	152
ENSG00000134508	7	12	7	7
ENSG00000134516	16246	15762	15119	13109
ENSG00000134531	224	180	184	121
ENSG00000134532	21	76	1	105
ENSG00000134533	0	0	0	0
ENSG00000134539	257	5	419	38
ENSG00000134545	5	0	0	0
ENSG00000134548	7	4	3	0
ENSG00000134551	4	0	0	0
ENSG00000134569	25	44	37	27
ENSG00000134574	3307	3599	2953	3463
ENSG00000134575	755	645	680	610
ENSG00000134590	1914	2639	1697	2711
ENSG00000134594	1717	2801	1489	2717
ENSG00000134597	1250	1911	1139	1906
ENSG00000134602	2578	4421	2385	4278
ENSG00000134627	5	9	3	15
ENSG00000134644	3936	4218	3675	3581
ENSG00000134668	0	1	0	0
ENSG00000134684	11592	11716	10196	8352
ENSG00000134686	1895	2039	1732	1717
ENSG00000134690	2326	2113	2620	1667
ENSG00000134697	3954	4310	3132	3312
ENSG00000134698	1105	1072	899	950
ENSG00000134709	0	0	0	0
ENSG00000134716	10	2	14	5
ENSG00000134717	1580	1575	1412	1351
ENSG00000134744	1515	1782	1369	1204
ENSG00000134748	3289	3163	3124	2618
ENSG00000134758	2192	2274	2004	1706
ENSG00000134759	2304	2414	1922	1797
ENSG00000134769	4	4	5	4
ENSG00000134775	172	0	12	32
ENSG00000134779	3987	4286	3639	3569
ENSG00000134780	19	19	29	14
ENSG00000134802	9236	10958	8362	8670
ENSG00000134809	1551	1614	1358	1258
ENSG00000134815	964	1122	904	740
ENSG00000134824	22872	24894	19954	20883
ENSG00000134825	2179	2100	1985	1872
ENSG00000134830	32	43	47	33
ENSG00000134851	2403	2833	2184	2164
ENSG00000134852	831	946	750	799
ENSG00000134853	300	677	190	478
ENSG00000134864	148	150	151	150
ENSG00000134871	3	9	7	30
ENSG00000134874	516	730	536	487
ENSG00000134882	1536	1497	1439	1235
ENSG00000134884	2704	4252	2788	3002
ENSG00000134897	719	730	637	596
ENSG00000134899	3365	3599	2967	3041
ENSG00000134900	4526	4903	4220	3781
ENSG00000134901	614	622	529	573
ENSG00000134905	1948	2455	1650	1907
ENSG00000134909	0	0	0	0
ENSG00000134910	4832	5412	4566	4373
ENSG00000134954	42361	35946	41102	25498
ENSG00000134955	30	30	33	31
ENSG00000134970	3228	3717	2913	3105
ENSG00000134982	1353	1523	1297	1300
ENSG00000134986	2449	2008	2045	2250
ENSG00000134987	3164	3417	3006	2315
ENSG00000134996	11420	11654	9956	10671
ENSG00000135002	799	1163	750	955
ENSG00000135018	6603	7624	5255	6312
ENSG00000135040	1637	1697	1387	1323
ENSG00000135045	1007	1430	987	1256
ENSG00000135046	2726	4728	4005	4548
ENSG00000135047	2962	2386	2234	1979
ENSG00000135048	6935	5034	6543	3056
ENSG00000135049	1282	1430	1113	1144
ENSG00000135052	669	1084	588	832
ENSG00000135063	77	4	16	2
ENSG00000135069	8403	8880	7623	4605
ENSG00000135070	1427	1553	1342	1054
ENSG00000135074	34723	32159	27925	24882
ENSG00000135077	1361	828	1546	790
ENSG00000135083	6	0	0	4
ENSG00000135090	3781	4093	3445	3062
ENSG00000135093	385	499	395	397
ENSG00000135097	0	4	0	3
ENSG00000135100	0	0	0	0
ENSG00000135108	1481	1789	1285	1457
ENSG00000135114	588	643	476	723
ENSG00000135116	0	0	0	0
ENSG00000135119	206	181	152	140
ENSG00000135124	784	705	729	786
ENSG00000135127	671	328	595	311
ENSG00000135144	26	11	9	13
ENSG00000135148	1578	1472	1394	1399
ENSG00000135164	862	1146	854	769
ENSG00000135185	2118	1754	1598	1207
ENSG00000135205	98	66	93	69
ENSG00000135211	460	542	393	387
ENSG00000135241	1080	1165	1071	986
ENSG00000135245	1275	1199	1240	1261
ENSG00000135249	985	1081	810	896
ENSG00000135250	2123	2140	1906	1720
ENSG00000135253	20	41	32	60
ENSG00000135269	7897	7968	6606	5864
ENSG00000135272	9658	7830	8798	6930
ENSG00000135297	1713	2013	1558	1404
ENSG00000135299	20	5	14	4
ENSG00000135314	126	180	137	165
ENSG00000135315	350	246	291	211
ENSG00000135316	19433	19715	17153	13929
ENSG00000135317	2774	3140	2533	2735
ENSG00000135318	336	95	112	259
ENSG00000135324	71	14	50	2
ENSG00000135334	1999	2155	1639	1952
ENSG00000135336	986	971	845	751
ENSG00000135338	57	12	11	10
ENSG00000135341	2049	2127	1928	1514
ENSG00000135346	0	0	0	0
ENSG00000135355	63	20	64	5
ENSG00000135362	1382	353	1244	231
ENSG00000135363	0	1	0	0
ENSG00000135365	2176	1999	1765	1524
ENSG00000135372	5900	6059	5585	4420
ENSG00000135373	35	123	9	324
ENSG00000135374	0	0	0	1
ENSG00000135378	154	145	145	218
ENSG00000135387	15232	17684	13387	13715
ENSG00000135390	9037	8179	8028	7251
ENSG00000135392	2418	2221	2155	1922
ENSG00000135404	8498	9772	6903	9931
ENSG00000135406	4	6	1	13
ENSG00000135407	0	3	2	7
ENSG00000135414	1725	2141	1587	2018
ENSG00000135423	34	18	16	14
ENSG00000135424	13	10	11	15
ENSG00000135426	4547	3550	3753	2968
ENSG00000135436	0	3	2	1
ENSG00000135437	24	19	17	33
ENSG00000135439	4143	3468	3696	2882
ENSG00000135441	1769	1608	1663	1445
ENSG00000135443	0	2	0	0
ENSG00000135446	7282	7920	6930	5887
ENSG00000135451	924	879	923	698
ENSG00000135452	1157	1008	950	974
ENSG00000135454	2175	1679	1858	1501
ENSG00000135457	2253	2180	2012	1610
ENSG00000135469	240	293	236	291
ENSG00000135472	431	82	196	50
ENSG00000135473	558	775	608	676
ENSG00000135476	1824	1813	1926	1572
ENSG00000135480	3757	2797	2922	2281
ENSG00000135482	537	529	515	369
ENSG00000135486	90744	84007	75730	61789
ENSG00000135502	0	2	2	4
ENSG00000135503	3889	2030	2676	1392
ENSG00000135506	6289	6309	5560	5378
ENSG00000135517	2	0	0	3
ENSG00000135519	9	11	11	15
ENSG00000135521	2463	2869	2132	2100
ENSG00000135525	46	29	18	13
ENSG00000135535	10947	10336	9867	8765
ENSG00000135537	139	149	117	100
ENSG00000135540	48	21	40	11
ENSG00000135541	1102	1849	1097	1872
ENSG00000135547	1	0	0	0
ENSG00000135549	2	5	2	6
ENSG00000135577	0	0	0	2
ENSG00000135587	457	401	364	339
ENSG00000135596	2017	2075	1844	1711
ENSG00000135597	2029	2101	1657	1765
ENSG00000135604	1587	1704	1360	1222
ENSG00000135605	442	429	441	372
ENSG00000135617	597	531	430	470
ENSG00000135622	414	337	311	293
ENSG00000135624	21873	25294	17849	20298
ENSG00000135625	1	3	5	5
ENSG00000135631	1758	3899	1200	3472
ENSG00000135632	1745	1644	1455	1292
ENSG00000135636	36	373	41	120
ENSG00000135637	296	305	285	280
ENSG00000135638	37	11	19	14
ENSG00000135643	112	191	79	89
ENSG00000135655	4068	4500	3329	3492
ENSG00000135677	2708	2869	2617	2432
ENSG00000135678	1760	481	1081	282
ENSG00000135679	4147	4810	3959	4818
ENSG00000135686	2060	1776	1931	1275
ENSG00000135697	2	0	0	0
ENSG00000135698	1303	1595	1186	1162
ENSG00000135702	0	1	0	2
ENSG00000135709	249	83	198	48
ENSG00000135720	1727	2104	1623	1810
ENSG00000135722	274	225	241	188
ENSG00000135723	4790	4456	4298	3323
ENSG00000135736	1209	1152	1119	959
ENSG00000135740	166	176	169	112
ENSG00000135744	0	16	0	3
ENSG00000135747	2	3	6	4
ENSG00000135749	656	544	543	418
ENSG00000135750	2320	2425	1448	1887
ENSG00000135763	1644	1771	1414	1343
ENSG00000135766	2750	3016	2645	2589
ENSG00000135775	1771	1949	1518	1609
ENSG00000135776	2014	2019	1722	1577
ENSG00000135778	743	836	789	613
ENSG00000135801	1777	1922	1578	1527
ENSG00000135821	8244	9380	7458	10602
ENSG00000135823	3119	3101	2628	2571
ENSG00000135824	84	17	23	7
ENSG00000135828	749	673	639	577
ENSG00000135829	13605	15635	12346	12197
ENSG00000135835	3	2	0	3
ENSG00000135837	3389	3608	3248	2780
ENSG00000135838	123	105	94	92
ENSG00000135842	12964	12917	12217	11049
ENSG00000135845	807	846	744	634
ENSG00000135862	1636	1534	997	1485
ENSG00000135870	1043	1085	1074	905
ENSG00000135898	2077	2630	2057	2984
ENSG00000135899	1657	1750	1435	1458
ENSG00000135900	1517	1785	1442	1417
ENSG00000135903	0	0	0	0
ENSG00000135905	9233	8614	8897	7170
ENSG00000135912	1301	1556	1286	1116
ENSG00000135913	1119	1382	1211	1098
ENSG00000135914	29	35	15	23
ENSG00000135916	3981	3576	3747	2894
ENSG00000135919	529	1381	1405	242
ENSG00000135924	2709	2729	2356	2741
ENSG00000135925	19	49	23	49
ENSG00000135926	5144	5355	3847	4884
ENSG00000135929	32	13	24	10
ENSG00000135930	4291	4289	3755	3626
ENSG00000135931	224	166	147	123
ENSG00000135932	14187	16257	12137	13569
ENSG00000135940	4079	4249	3618	3697
ENSG00000135945	728	792	645	690
ENSG00000135951	6	15	13	6
ENSG00000135953	437	451	398	425
ENSG00000135956	3020	2937	2442	2704
ENSG00000135966	1549	2154	1443	1848
ENSG00000135968	1801	1769	1665	1406
ENSG00000135972	1704	1854	1463	1322
ENSG00000135974	639	790	601	555
ENSG00000135976	376	473	441	354
ENSG00000135999	772	748	665	639
ENSG00000136002	13	19	26	50
ENSG00000136003	2310	2504	1939	2218
ENSG00000136010	0	1	4	0
ENSG00000136011	0	1	0	0
ENSG00000136014	1	1	4	0
ENSG00000136021	2738	3301	2425	2633
ENSG00000136026	137	245	51	552
ENSG00000136040	1003	849	1212	696
ENSG00000136044	683	771	574	562
ENSG00000136045	3784	4292	3391	3272
ENSG00000136048	1083	1969	829	1897
ENSG00000136051	3425	3564	2821	2626
ENSG00000136052	810	695	776	540
ENSG00000136059	581	568	554	474
ENSG00000136068	11211	13415	10287	12263
ENSG00000136098	125	198	122	184
ENSG00000136099	795	932	698	492
ENSG00000136100	1636	1795	1478	1446
ENSG00000136104	1910	2355	1796	1996
ENSG00000136108	3741	3514	3612	2764
ENSG00000136111	97	59	120	28
ENSG00000136114	10	19	12	9
ENSG00000136122	898	683	800	593
ENSG00000136141	1476	1403	1406	1165
ENSG00000136143	2341	2316	1981	1908
ENSG00000136144	916	1142	814	1095
ENSG00000136146	1912	1964	1813	1535
ENSG00000136147	1127	1216	962	946
ENSG00000136149	3	6	13	5
ENSG00000136152	910	1066	769	784
ENSG00000136153	252	251	166	230
ENSG00000136156	3576	3335	3367	3552
ENSG00000136158	0	0	0	0
ENSG00000136159	967	1195	839	962
ENSG00000136161	966	646	1299	570
ENSG00000136167	73986	77836	65338	66918
ENSG00000136169	464	583	462	455
ENSG00000136193	2	0	4	0
ENSG00000136197	200	203	166	144
ENSG00000136205	0	0	0	0
ENSG00000136213	872	961	657	954
ENSG00000136231	66	187	86	244
ENSG00000136235	3	8	3	4
ENSG00000136237	407	372	330	344
ENSG00000136238	8457	9087	7305	8269
ENSG00000136240	3063	3847	2750	3419
ENSG00000136243	1129	1254	926	1012
ENSG00000136244	70	157	29	258
ENSG00000136247	687	895	642	704
ENSG00000136250	1253	1462	1208	1174
ENSG00000136261	4263	4775	3732	3317
ENSG00000136267	90	68	69	38
ENSG00000136270	4365	4588	4000	3699
ENSG00000136271	2885	3117	2701	2551
ENSG00000136273	630	800	569	647
ENSG00000136274	65	30	26	22
ENSG00000136279	9363	8625	8262	7096
ENSG00000136280	3327	2828	2938	2840
ENSG00000136286	18755	20105	17866	19961
ENSG00000136295	7436	7039	6338	6273
ENSG00000136305	1312	1206	1167	832
ENSG00000136319	1007	976	894	713
ENSG00000136327	13	4	5	7
ENSG00000136352	0	2	0	2
ENSG00000136367	165	87	151	86
ENSG00000136371	310	291	228	262
ENSG00000136378	67	17	33	35
ENSG00000136379	263	334	183	344
ENSG00000136381	3436	3568	3289	2853
ENSG00000136383	131	71	82	125
ENSG00000136404	183	208	198	121
ENSG00000136425	43	48	31	58
ENSG00000136436	2505	2795	2128	2567
ENSG00000136444	1820	1833	1456	1492
ENSG00000136448	6015	6178	5475	5074
ENSG00000136449	84	144	88	100
ENSG00000136450	21332	21028	18591	16415
ENSG00000136451	1469	1348	1461	1166
ENSG00000136457	0	0	0	3
ENSG00000136463	1244	1516	1165	1218
ENSG00000136478	1170	1563	980	1283
ENSG00000136485	9187	8229	8737	6982
ENSG00000136490	9143	7301	8237	6023
ENSG00000136492	696	840	708	595
ENSG00000136504	2092	2144	2008	1651
ENSG00000136514	329	337	321	325
ENSG00000136518	5528	5508	4908	4519
ENSG00000136521	4511	3964	3875	3499
ENSG00000136522	2361	2544	2029	1948
ENSG00000136527	11325	12007	10390	9277
ENSG00000136531	0	1	0	0
ENSG00000136535	1	0	0	0
ENSG00000136536	3076	3174	2968	2452
ENSG00000136541	154	384	148	615
ENSG00000136542	11	59	14	22
ENSG00000136560	4398	4360	3990	3614
ENSG00000136573	11	8	1	4
ENSG00000136574	0	3	2	0
ENSG00000136603	2308	2020	1964	1653
ENSG00000136628	11189	12191	10167	8406
ENSG00000136630	1387	1042	1428	1082
ENSG00000136631	1100	900	883	707
ENSG00000136634	5	6	0	21
ENSG00000136636	991	947	764	668
ENSG00000136643	612	555	548	491
ENSG00000136682	1956	2200	1672	1737
ENSG00000136688	11	45	10	41
ENSG00000136689	44	39	20	65
ENSG00000136698	0	2	0	1
ENSG00000136699	6068	6376	5154	5042
ENSG00000136709	4519	4742	4223	3683
ENSG00000136710	1502	1479	1309	1196
ENSG00000136715	1764	1890	1668	1523
ENSG00000136717	6295	6258	5433	4926
ENSG00000136718	4568	5018	3773	3864
ENSG00000136720	1030	1165	877	1303
ENSG00000136731	5524	5927	5411	4995
ENSG00000136732	3252	2939	3018	2098
ENSG00000136738	1148	1245	959	1032
ENSG00000136754	5096	4377	4010	3455
ENSG00000136758	10703	10562	8889	8127
ENSG00000136770	1080	1288	900	1102
ENSG00000136783	519	599	451	480
ENSG00000136802	1776	1617	1611	1551
ENSG00000136807	3812	3598	3165	2971
ENSG00000136810	10917	14215	9845	11201
ENSG00000136811	3707	3695	3313	2689
ENSG00000136813	5887	6513	5226	5080
ENSG00000136816	875	822	765	742
ENSG00000136819	3339	4029	2963	3142
ENSG00000136824	4828	5434	5100	4304
ENSG00000136826	39	109	8	74
ENSG00000136827	2346	2480	2114	2371
ENSG00000136828	39	41	36	33
ENSG00000136830	7263	8443	5715	7652
ENSG00000136840	949	1207	802	1047
ENSG00000136842	562	521	354	390
ENSG00000136848	9	13	0	18
ENSG00000136854	1237	1182	1220	1028
ENSG00000136856	367	463	333	471
ENSG00000136861	3400	3360	3174	2667
ENSG00000136866	22	32	13	15
ENSG00000136867	156	187	133	170
ENSG00000136868	1368	1457	1247	1146
ENSG00000136869	2	1	1	0
ENSG00000136870	518	562	439	426
ENSG00000136874	1078	1034	791	683
ENSG00000136875	2820	3104	2505	2302
ENSG00000136877	4639	4361	3934	3524
ENSG00000136878	2126	2581	1668	2460
ENSG00000136881	0	0	0	1
ENSG00000136883	0	1	0	0
ENSG00000136888	1602	1346	1433	1149
ENSG00000136891	1570	1721	1218	1205
ENSG00000136895	9	26	19	8
ENSG00000136897	1153	1285	1048	993
ENSG00000136908	1624	1746	1592	1458
ENSG00000136925	826	867	725	735
ENSG00000136928	0	0	0	1
ENSG00000136930	4862	5044	4090	3865
ENSG00000136931	0	0	0	0
ENSG00000136932	346	390	272	275
ENSG00000136933	1107	1440	987	1082
ENSG00000136935	572	751	515	588
ENSG00000136936	388	543	388	425
ENSG00000136937	2708	3080	2542	2407
ENSG00000136938	15764	16863	15547	12164
ENSG00000136940	1230	1253	1086	997
ENSG00000136942	22273	22974	20034	17906
ENSG00000136943	21	24	10	18
ENSG00000136950	3847	4488	3551	3543
ENSG00000136960	17	3	14	2
ENSG00000136982	942	1139	902	804
ENSG00000136986	3916	4393	3679	3823
ENSG00000136997	15147	14476	12682	8839
ENSG00000136999	1	0	0	0
ENSG00000137038	1828	1806	1402	1348
ENSG00000137040	1825	2115	1470	1554
ENSG00000137054	1737	1669	1556	1257
ENSG00000137055	2258	2669	1972	2281
ENSG00000137070	118	220	120	208
ENSG00000137073	2894	3177	2583	2615
ENSG00000137074	1307	1672	1125	1389
ENSG00000137075	1483	1618	1258	1483
ENSG00000137076	35512	33154	33721	28351
ENSG00000137078	1870	1433	1675	1412
ENSG00000137090	3	4	1	4
ENSG00000137094	608	514	515	381
ENSG00000137098	13	18	25	15
ENSG00000137100	2341	2249	2178	2055
ENSG00000137101	73	45	71	64
ENSG00000137103	136	131	152	149
ENSG00000137106	2846	2992	2440	2629
ENSG00000137124	2442	3002	2025	2227
ENSG00000137133	1114	1160	1040	879
ENSG00000137135	334	284	341	266
ENSG00000137145	1979	2171	1801	2030
ENSG00000137154	72845	74117	68434	55940
ENSG00000137161	1957	1680	1750	1184
ENSG00000137166	2011	1802	1465	1310
ENSG00000137168	2817	3281	2379	2500
ENSG00000137171	686	522	499	512
ENSG00000137177	52	80	10	137
ENSG00000137185	407	300	326	276
ENSG00000137193	15749	16689	14765	13782
ENSG00000137198	9	12	10	6
ENSG00000137200	3344	3181	2609	2591
ENSG00000137203	301	305	219	384
ENSG00000137204	0	0	0	1
ENSG00000137207	2948	2575	2476	2225
ENSG00000137210	2013	2204	1943	1756
ENSG00000137216	868	937	766	895
ENSG00000137218	119	122	129	125
ENSG00000137221	1227	1324	1167	1067
ENSG00000137225	9	6	0	2
ENSG00000137261	11	5	9	0
ENSG00000137265	19397	14135	15583	8919
ENSG00000137266	0	5	0	3
ENSG00000137267	555	651	421	536
ENSG00000137269	117	125	86	118
ENSG00000137270	0	0	2	4
ENSG00000137273	0	0	0	0
ENSG00000137274	668	653	497	563
ENSG00000137275	2951	2666	2470	2225
ENSG00000137285	73	111	60	158
ENSG00000137288	1445	1683	1392	1354
ENSG00000137309	10437	15697	10388	12335
ENSG00000137310	3901	4465	3774	3723
ENSG00000137312	5466	5566	4791	4995
ENSG00000137331	1300	1072	1166	950
ENSG00000137337	3709	4230	4017	3202
ENSG00000137338	295	296	215	206
ENSG00000137343	206	266	177	255
ENSG00000137364	1462	1357	1300	1383
ENSG00000137393	1	8	3	2
ENSG00000137404	726	654	711	602
ENSG00000137409	5393	6234	4465	5911
ENSG00000137411	2676	2634	2504	2017
ENSG00000137413	1457	1454	1325	1179
ENSG00000137414	547	623	430	543
ENSG00000137434	11	3	2	10
ENSG00000137440	0	0	0	0
ENSG00000137441	0	0	3	0
ENSG00000137449	359	461	384	442
ENSG00000137460	5	31	0	16
ENSG00000137463	0	1	1	0
ENSG00000137474	648	954	299	1118
ENSG00000137478	1181	1007	1154	717
ENSG00000137486	1292	1249	1379	1300
ENSG00000137491	19	47	27	35
ENSG00000137492	3112	3984	3017	3048
ENSG00000137494	215	287	202	259
ENSG00000137496	145	126	136	104
ENSG00000137497	14805	13329	12859	11269
ENSG00000137500	1764	1850	1502	1533
ENSG00000137501	1692	1248	1908	1245
ENSG00000137502	788	751	648	572
ENSG00000137504	1009	1537	1202	1151
ENSG00000137507	813	693	438	337
ENSG00000137509	1273	1303	1167	1265
ENSG00000137513	1654	1683	1434	1209
ENSG00000137522	868	674	739	628
ENSG00000137547	2433	2585	2073	2118
ENSG00000137558	0	1	0	0
ENSG00000137563	1456	1754	1388	1435
ENSG00000137571	13	3	7	0
ENSG00000137574	2493	2547	2198	1530
ENSG00000137575	2213	2127	2150	1940
ENSG00000137601	796	866	725	685
ENSG00000137628	1137	1076	1062	868
ENSG00000137642	1340	1442	1686	1627
ENSG00000137648	36	17	29	10
ENSG00000137656	1293	1393	1288	1109
ENSG00000137674	0	0	0	0
ENSG00000137692	2887	3176	2537	2482
ENSG00000137693	3	0	0	1
ENSG00000137699	1	0	2	4
ENSG00000137700	915	1158	987	1047
ENSG00000137707	0	0	0	0
ENSG00000137709	0	0	0	0
ENSG00000137710	4288	4290	4134	3498
ENSG00000137713	2328	3091	2155	2427
ENSG00000137714	1355	1543	1033	1069
ENSG00000137720	415	395	329	243
ENSG00000137726	2	19	5	24
ENSG00000137727	49	1	10	1
ENSG00000137731	35	165	40	157
ENSG00000137747	29	40	13	40
ENSG00000137752	995	1227	896	1344
ENSG00000137760	770	618	636	427
ENSG00000137764	597	578	608	453
ENSG00000137767	9780	8682	7756	6528
ENSG00000137770	2323	2350	2290	1805
ENSG00000137776	5685	6704	5633	4730
ENSG00000137801	221	117	167	53
ENSG00000137802	2513	2262	1824	1997
ENSG00000137804	4738	4131	4821	3236
ENSG00000137806	942	1014	830	839
ENSG00000137807	2261	2130	2261	1411
ENSG00000137809	0	0	0	0
ENSG00000137812	2127	2272	2428	1727
ENSG00000137814	1487	1589	1415	1249
ENSG00000137815	4207	4460	4339	3890
ENSG00000137817	707	843	629	620
ENSG00000137818	54009	52385	50485	42448
ENSG00000137821	53	28	27	27
ENSG00000137822	1585	2216	1563	1698
ENSG00000137824	1321	1553	1176	1316
ENSG00000137825	66	112	94	80
ENSG00000137831	1	2	1	0
ENSG00000137834	23	53	15	50
ENSG00000137841	3222	3940	2838	3415
ENSG00000137842	517	711	468	562
ENSG00000137843	20	30	14	30
ENSG00000137845	6641	6515	5669	6301
ENSG00000137857	0	0	2	0
ENSG00000137868	73	98	21	65
ENSG00000137869	10	13	2	27
ENSG00000137871	545	685	424	499
ENSG00000137875	0	1	0	1
ENSG00000137876	6259	6248	5669	4265
ENSG00000137877	82	78	44	56
ENSG00000137878	0	0	0	1
ENSG00000137880	508	500	393	401
ENSG00000137936	522	936	276	618
ENSG00000137941	222	256	59	171
ENSG00000137942	231	16	76	14
ENSG00000137944	2527	2997	2326	2223
ENSG00000137947	1174	1211	1072	1127
ENSG00000137948	0	3	0	0
ENSG00000137955	1868	2555	1656	2020
ENSG00000137959	0	1	1	2
ENSG00000137960	0	0	0	0
ENSG00000137962	3	1	0	0
ENSG00000137965	303	131	241	38
ENSG00000137968	2	2	0	0
ENSG00000137970	511	407	423	372
ENSG00000137975	0	1	0	3
ENSG00000137992	1223	1234	1060	1041
ENSG00000137996	1915	2226	1648	1795
ENSG00000138002	617	674	620	520
ENSG00000138018	2251	3157	2079	2253
ENSG00000138028	12	40	23	28
ENSG00000138029	3913	4016	2970	3326
ENSG00000138030	311	308	266	216
ENSG00000138031	4871	4532	4070	3510
ENSG00000138032	2823	2607	2349	2211
ENSG00000138035	2330	2943	2023	2120
ENSG00000138036	213	279	184	201
ENSG00000138039	0	2	0	0
ENSG00000138050	652	869	744	741
ENSG00000138061	1975	710	1446	762
ENSG00000138069	5953	6849	4747	5931
ENSG00000138071	36423	36251	30965	30217
ENSG00000138073	2811	3080	2280	2604
ENSG00000138074	2339	2656	1839	2036
ENSG00000138078	2364	2300	1923	2011
ENSG00000138079	3	1	3	2
ENSG00000138080	59	51	55	50
ENSG00000138081	1358	1462	1306	1266
ENSG00000138083	617	2246	114	1985
ENSG00000138085	2636	2464	2301	1935
ENSG00000138092	1456	1397	1528	1124
ENSG00000138095	13436	15376	11134	11374
ENSG00000138100	67	32	69	5
ENSG00000138101	25	26	59	25
ENSG00000138107	5072	5517	4414	5426
ENSG00000138111	392	321	318	166
ENSG00000138119	5119	6063	4404	4515
ENSG00000138131	9	0	0	1
ENSG00000138134	1277	1284	1296	832
ENSG00000138138	2676	2854	2305	2256
ENSG00000138160	5400	4861	5266	3731
ENSG00000138161	28	18	23	13
ENSG00000138162	3	0	0	0
ENSG00000138166	5255	3360	5552	3045
ENSG00000138172	1891	2280	1830	2066
ENSG00000138175	1335	1405	1198	1252
ENSG00000138180	4384	4840	4060	3823
ENSG00000138182	3278	3610	3593	2957
ENSG00000138185	12764	10609	11957	9299
ENSG00000138190	746	861	536	682
ENSG00000138193	7	3	11	4
ENSG00000138231	1512	1686	1400	1368
ENSG00000138246	6001	5980	5512	4204
ENSG00000138271	9	11	4	16
ENSG00000138279	6352	6904	5469	5629
ENSG00000138286	547	552	527	496
ENSG00000138303	975	944	909	697
ENSG00000138311	4	5	10	7
ENSG00000138316	34	83	45	85
ENSG00000138326	28526	27486	25777	20978
ENSG00000138336	106	77	85	47
ENSG00000138346	857	1067	965	750
ENSG00000138347	1	0	1	0
ENSG00000138363	8716	9697	7602	7458
ENSG00000138375	2318	1961	1930	1419
ENSG00000138376	816	948	756	723
ENSG00000138378	2221	2504	2302	1957
ENSG00000138380	188	228	152	155
ENSG00000138381	2234	2550	1967	2089
ENSG00000138382	1464	1658	1325	1275
ENSG00000138385	9579	10713	8389	7805
ENSG00000138386	1782	1956	1454	1556
ENSG00000138398	4165	4606	4396	3661
ENSG00000138399	1471	1654	1238	1292
ENSG00000138400	4	6	12	1
ENSG00000138411	556	970	543	950
ENSG00000138413	2718	4029	2273	3791
ENSG00000138430	4690	5241	4014	3933
ENSG00000138433	1195	1273	1240	972
ENSG00000138434	3059	5256	2542	4378
ENSG00000138435	6	4	0	1
ENSG00000138439	344	276	321	234
ENSG00000138442	2578	2955	2168	2195
ENSG00000138443	1910	2235	1748	1845
ENSG00000138448	737	900	610	862
ENSG00000138449	1	0	0	0
ENSG00000138459	1247	1212	1155	1049
ENSG00000138463	167	197	107	196
ENSG00000138468	896	883	803	752
ENSG00000138495	2184	2828	2024	2457
ENSG00000138496	1731	1789	1179	1729
ENSG00000138587	8	1	7	0
ENSG00000138592	2527	2547	2317	1979
ENSG00000138593	2633	2374	2103	2079
ENSG00000138594	4143	4204	3884	3394
ENSG00000138600	2149	2408	1862	2144
ENSG00000138604	59	140	102	107
ENSG00000138606	203	66	211	71
ENSG00000138613	355	355	339	399
ENSG00000138614	1895	2245	1715	1785
ENSG00000138615	1	3	0	7
ENSG00000138617	689	739	610	610
ENSG00000138621	418	536	481	514
ENSG00000138622	19	18	16	8
ENSG00000138623	1783	831	1323	628
ENSG00000138629	1811	1637	1616	1467
ENSG00000138639	439	84	280	112
ENSG00000138640	39	19	41	15
ENSG00000138641	1560	1606	1373	1471
ENSG00000138642	291	403	263	367
ENSG00000138646	630	677	569	662
ENSG00000138650	0	0	0	0
ENSG00000138658	342	504	393	285
ENSG00000138660	1475	1557	1166	1223
ENSG00000138663	1570	1643	1337	1274
ENSG00000138668	27857	28748	24977	20468
ENSG00000138670	216	139	177	85
ENSG00000138674	4124	4530	3486	3738
ENSG00000138678	193	619	218	986
ENSG00000138685	276	395	377	329
ENSG00000138686	708	766	618	725
ENSG00000138688	1943	2248	1924	1879
ENSG00000138698	2836	2601	2499	2044
ENSG00000138709	1026	1427	911	1124
ENSG00000138722	6	8	1	2
ENSG00000138735	3	1	1	0
ENSG00000138738	0	4	0	1
ENSG00000138741	5	4	14	5
ENSG00000138744	1120	1372	1062	1179
ENSG00000138750	2165	2414	1992	1940
ENSG00000138755	0	0	0	0
ENSG00000138756	1243	1713	1118	1719
ENSG00000138757	7754	8249	6659	7050
ENSG00000138758	3169	3564	3274	2649
ENSG00000138759	0	0	0	0
ENSG00000138760	879	1297	653	1190
ENSG00000138764	1824	1681	1265	1641
ENSG00000138767	3354	2915	3074	2351
ENSG00000138768	5358	5998	4113	4584
ENSG00000138769	6	5	0	3
ENSG00000138771	1	0	0	0
ENSG00000138772	101	179	22	119
ENSG00000138777	2850	3859	2532	3201
ENSG00000138778	3157	3075	3090	2279
ENSG00000138780	696	809	635	622
ENSG00000138785	791	1016	719	823
ENSG00000138792	27	16	29	4
ENSG00000138794	909	957	755	708
ENSG00000138795	5	0	1	0
ENSG00000138796	2039	2304	1786	1979
ENSG00000138801	3142	3192	2508	2213
ENSG00000138802	1858	1920	1476	1566
ENSG00000138814	2293	2148	2323	1780
ENSG00000138821	2524	3284	2224	3090
ENSG00000138823	0	1	1	4
ENSG00000138829	0	0	0	0
ENSG00000138834	640	1143	738	1028
ENSG00000138835	872	704	846	721
ENSG00000138867	4778	4494	4540	3741
ENSG00000138892	0	0	0	0
ENSG00000138942	1542	1422	1305	1236
ENSG00000138944	0	1	0	3
ENSG00000138964	1668	1872	1894	1741
ENSG00000139044	35	72	9	23
ENSG00000139053	0	0	0	1
ENSG00000139055	52	66	59	69
ENSG00000139083	1625	1492	1532	1015
ENSG00000139112	614	552	436	655
ENSG00000139116	1567	1533	1645	1114
ENSG00000139117	633	868	620	645
ENSG00000139131	1404	1381	1272	1006
ENSG00000139132	0	0	1	1
ENSG00000139133	330	397	363	288
ENSG00000139146	6645	6472	5666	4703
ENSG00000139154	3939	3726	3219	2528
ENSG00000139160	23	23	20	20
ENSG00000139163	5734	5746	4845	5534
ENSG00000139168	1647	2089	1715	1762
ENSG00000139173	103	85	61	112
ENSG00000139174	20	29	11	2
ENSG00000139178	681	676	642	633
ENSG00000139180	2887	2839	2538	2466
ENSG00000139182	4660	3248	4129	2796
ENSG00000139187	18	22	18	18
ENSG00000139190	107	212	130	137
ENSG00000139192	1979	1684	1656	1550
ENSG00000139193	5	0	1	0
ENSG00000139194	0	1	2	0
ENSG00000139197	1460	1483	1227	1302
ENSG00000139200	0	0	0	0
ENSG00000139211	236	161	211	127
ENSG00000139218	5469	5372	4870	4024
ENSG00000139219	3	0	0	3
ENSG00000139220	8	0	2	1
ENSG00000139233	1979	2450	1928	1897
ENSG00000139239	338	323	274	241
ENSG00000139263	833	879	707	441
ENSG00000139266	762	711	709	628
ENSG00000139269	30	113	22	94
ENSG00000139278	893	1061	733	1024
ENSG00000139289	5063	10962	5446	11164
ENSG00000139291	1306	1294	1107	1055
ENSG00000139318	3266	5786	2873	6691
ENSG00000139323	1863	1977	1824	1758
ENSG00000139324	320	386	264	406
ENSG00000139343	3521	3955	3181	2861
ENSG00000139344	15	20	24	19
ENSG00000139350	1826	1942	1690	1475
ENSG00000139351	1	9	8	12
ENSG00000139352	25	33	49	16
ENSG00000139354	94	80	93	77
ENSG00000139370	1096	1301	1065	880
ENSG00000139372	2469	2609	2345	2073
ENSG00000139405	1188	1342	1015	1163
ENSG00000139410	38	59	11	77
ENSG00000139428	1357	1526	1207	1082
ENSG00000139433	1863	1886	1570	1566
ENSG00000139436	3152	2991	2857	2464
ENSG00000139437	1521	1773	1337	1352
ENSG00000139438	117	160	120	105
ENSG00000139496	5237	6120	4557	4750
ENSG00000139505	2778	2849	2492	2444
ENSG00000139508	251	299	235	275
ENSG00000139514	11017	10999	9809	7890
ENSG00000139515	145	225	28	104
ENSG00000139517	422	506	319	420
ENSG00000139531	1134	1113	864	1071
ENSG00000139537	15	18	18	8
ENSG00000139540	1	0	1	2
ENSG00000139546	1221	1046	1029	850
ENSG00000139547	2	4	2	5
ENSG00000139567	5	2	3	3
ENSG00000139572	37	23	17	42
ENSG00000139574	4	3	0	8
ENSG00000139579	3246	3599	2677	2950
ENSG00000139597	657	653	604	574
ENSG00000139610	0	0	0	0
ENSG00000139613	6893	7217	6508	5707
ENSG00000139618	858	1005	934	685
ENSG00000139620	908	1014	839	780
ENSG00000139624	1525	1342	1360	1236
ENSG00000139625	488	605	454	504
ENSG00000139626	10698	9668	10253	9859
ENSG00000139629	2099	1908	1729	1739
ENSG00000139631	23	71	42	62
ENSG00000139636	817	804	692	738
ENSG00000139637	1848	1671	1623	1284
ENSG00000139641	16305	18071	14562	16515
ENSG00000139644	22139	23534	19173	21238
ENSG00000139645	6389	6534	5583	5206
ENSG00000139651	1588	1609	1438	1215
ENSG00000139668	735	1078	939	1010
ENSG00000139675	366	363	315	238
ENSG00000139679	1544	1061	1857	863
ENSG00000139684	2401	2699	2145	1969
ENSG00000139687	3507	3411	3711	2807
ENSG00000139697	3817	3932	3591	3091
ENSG00000139714	48	33	47	20
ENSG00000139718	1620	1608	1532	1192
ENSG00000139719	1805	2054	1659	1723
ENSG00000139722	1086	1214	1198	983
ENSG00000139725	5409	4753	4540	3943
ENSG00000139726	4314	4708	3834	3403
ENSG00000139734	1573	1567	1622	1298
ENSG00000139737	2311	2235	1777	1457
ENSG00000139746	3232	3354	2914	2531
ENSG00000139767	0	1	0	0
ENSG00000139793	1440	1014	1284	762
ENSG00000139800	0	0	1	2
ENSG00000139826	796	870	751	728
ENSG00000139832	84	82	126	58
ENSG00000139835	3	1	0	0
ENSG00000139842	4464	5028	3916	3616
ENSG00000139880	35	27	29	37
ENSG00000139890	9	12	5	7
ENSG00000139899	337	271	272	177
ENSG00000139908	0	0	1	0
ENSG00000139910	0	0	1	0
ENSG00000139914	1	6	5	1
ENSG00000139921	4281	4645	3702	3970
ENSG00000139926	769	307	252	164
ENSG00000139946	59	15	6	6
ENSG00000139970	17	23	2	33
ENSG00000139971	0	0	2	4
ENSG00000139973	1	0	0	0
ENSG00000139974	151	182	125	162
ENSG00000139977	1835	1907	1574	1473
ENSG00000139985	12	4	10	0
ENSG00000139990	1900	2349	1887	2095
ENSG00000139998	74	39	21	23
ENSG00000140006	1235	1145	1133	933
ENSG00000140009	0	0	1	0
ENSG00000140015	0	0	0	0
ENSG00000140022	0	2	0	1
ENSG00000140025	241	228	222	187
ENSG00000140030	937	932	927	701
ENSG00000140043	125	155	122	145
ENSG00000140044	54	66	37	13
ENSG00000140057	5	9	11	5
ENSG00000140090	0	2	2	7
ENSG00000140092	46	19	22	17
ENSG00000140104	62	42	30	25
ENSG00000140105	16996	18189	14271	14667
ENSG00000140107	0	0	0	2
ENSG00000140153	1024	1031	864	888
ENSG00000140157	3561	3740	3069	2846
ENSG00000140199	952	521	929	448
ENSG00000140254	0	0	0	0
ENSG00000140259	2688	2720	2332	2021
ENSG00000140262	2068	2329	1811	2182
ENSG00000140263	1492	1628	1291	1184
ENSG00000140264	17145	15568	15181	12653
ENSG00000140265	1036	1234	1014	1039
ENSG00000140279	1	3	3	0
ENSG00000140280	577	674	525	510
ENSG00000140284	2266	2662	2022	2237
ENSG00000140287	11	8	7	19
ENSG00000140297	0	0	0	0
ENSG00000140299	3503	3845	3315	3128
ENSG00000140307	2615	3181	2386	2800
ENSG00000140319	8269	7633	7478	6056
ENSG00000140320	1952	1821	1836	1543
ENSG00000140323	36	6	13	3
ENSG00000140326	793	829	676	647
ENSG00000140332	4300	3988	3784	3112
ENSG00000140350	12798	11684	11223	8840
ENSG00000140365	1435	1414	1272	1193
ENSG00000140367	1758	2254	1595	1907
ENSG00000140368	3886	4106	3380	3392
ENSG00000140374	5938	6491	4963	5431
ENSG00000140379	56	43	15	30
ENSG00000140382	1990	1772	1649	1401
ENSG00000140386	502	419	470	317
ENSG00000140391	1525	1793	1243	1659
ENSG00000140395	1699	1784	1586	1246
ENSG00000140396	5330	6059	4792	4539
ENSG00000140398	0	3	0	1
ENSG00000140400	1731	2017	1806	1821
ENSG00000140403	609	949	731	789
ENSG00000140406	5193	6436	5025	5550
ENSG00000140416	199	255	128	242
ENSG00000140443	96	83	81	42
ENSG00000140451	656	735	647	510
ENSG00000140455	1772	1942	1584	1725
ENSG00000140459	39	67	5	92
ENSG00000140463	312	411	300	305
ENSG00000140464	4475	4736	4107	4130
ENSG00000140465	73	59	68	55
ENSG00000140471	429	496	399	382
ENSG00000140474	1677	1705	1564	1361
ENSG00000140479	22	4	33	4
ENSG00000140481	19	15	14	8
ENSG00000140488	1	2	0	1
ENSG00000140497	5448	4980	4566	4354
ENSG00000140505	19	9	0	12
ENSG00000140506	2	0	0	0
ENSG00000140511	3024	2753	2293	2439
ENSG00000140519	0	0	0	0
ENSG00000140521	5978	6780	5500	5629
ENSG00000140522	2	16	0	10
ENSG00000140525	6199	6587	6041	5194
ENSG00000140526	7017	5321	5614	4418
ENSG00000140534	990	957	1130	724
ENSG00000140538	0	0	0	0
ENSG00000140543	65	57	43	42
ENSG00000140545	1857	1783	1194	1645
ENSG00000140548	567	580	450	529
ENSG00000140553	5171	4736	4512	4249
ENSG00000140563	2451	2485	2176	2092
ENSG00000140564	45036	34151	39472	31881
ENSG00000140575	31824	32551	28526	25814
ENSG00000140577	2424	2662	2334	2183
ENSG00000140598	2156	2213	1851	1757
ENSG00000140600	0	0	0	0
ENSG00000140612	4354	4235	3814	3580
ENSG00000140632	4874	5063	4302	3966
ENSG00000140650	2079	2290	1620	1952
ENSG00000140675	0	0	2	6
ENSG00000140678	85	167	95	94
ENSG00000140682	69	3	5	21
ENSG00000140688	3324	3284	2880	2887
ENSG00000140691	873	915	721	820
ENSG00000140694	2894	3085	2501	2257
ENSG00000140718	1915	1957	1770	1564
ENSG00000140740	9835	10881	8615	8689
ENSG00000140743	1571	1550	1439	1059
ENSG00000140749	0	4	1	0
ENSG00000140750	1587	1978	1511	1624
ENSG00000140795	2	4	2	5
ENSG00000140807	54	33	48	38
ENSG00000140829	5645	5650	5183	4577
ENSG00000140830	844	892	852	630
ENSG00000140836	567	280	417	99
ENSG00000140839	0	0	0	1
ENSG00000140848	89	73	99	59
ENSG00000140853	5704	5522	4923	4749
ENSG00000140854	2639	2383	2434	1821
ENSG00000140859	7	7	1	5
ENSG00000140876	156	178	110	157
ENSG00000140905	893	1121	731	802
ENSG00000140931	5818	5002	5272	3998
ENSG00000140932	9	12	15	10
ENSG00000140939	460	314	409	321
ENSG00000140941	4026	3899	3275	3294
ENSG00000140943	3481	3927	2858	3450
ENSG00000140945	175	47	149	45
ENSG00000140948	356	418	338	377
ENSG00000140950	759	752	612	609
ENSG00000140961	11	12	11	8
ENSG00000140968	747	282	398	184
ENSG00000140983	3055	3396	2868	2552
ENSG00000140986	0	0	0	1
ENSG00000140987	598	671	569	546
ENSG00000140988	104326	104445	89288	82181
ENSG00000140990	3613	4084	3106	3388
ENSG00000140992	3484	3649	3062	3112
ENSG00000140993	50	108	51	144
ENSG00000140995	829	875	693	739
ENSG00000141002	4814	4908	4310	4466
ENSG00000141012	516	378	471	290
ENSG00000141013	131	90	134	69
ENSG00000141026	744	667	589	529
ENSG00000141027	7709	8319	6856	6618
ENSG00000141030	3568	3993	3066	3387
ENSG00000141034	745	672	538	577
ENSG00000141040	124	127	101	82
ENSG00000141068	440	1002	295	860
ENSG00000141076	4322	5531	3510	4527
ENSG00000141084	1109	931	872	716
ENSG00000141086	35	74	28	69
ENSG00000141096	0	0	2	0
ENSG00000141098	1011	1054	897	806
ENSG00000141101	5514	5193	4625	3775
ENSG00000141127	1379	1552	1098	1250
ENSG00000141161	0	0	1	0
ENSG00000141179	1489	1704	1324	1516
ENSG00000141194	1	2	1	0
ENSG00000141198	213	219	224	301
ENSG00000141219	891	986	803	682
ENSG00000141232	1177	1339	1114	1357
ENSG00000141252	2098	2102	1916	1968
ENSG00000141258	809	934	847	624
ENSG00000141279	4661	5392	4130	4689
ENSG00000141293	3159	3100	3215	2607
ENSG00000141294	16	16	26	11
ENSG00000141295	1403	1310	1113	1091
ENSG00000141298	2229	2093	2101	1729
ENSG00000141314	301	107	139	66
ENSG00000141316	0	0	0	2
ENSG00000141337	354	284	335	157
ENSG00000141349	1560	1452	1257	1288
ENSG00000141367	14331	16893	13763	13744
ENSG00000141376	484	368	442	350
ENSG00000141378	1066	1302	873	927
ENSG00000141380	3610	3369	2955	2613
ENSG00000141384	864	892	770	642
ENSG00000141385	3788	4382	3237	3466
ENSG00000141391	78	114	58	80
ENSG00000141401	492	715	548	544
ENSG00000141404	1	1	1	2
ENSG00000141424	3654	3985	3119	2982
ENSG00000141425	1924	2293	1583	1671
ENSG00000141428	461	483	424	419
ENSG00000141429	2233	1483	1830	1062
ENSG00000141431	0	3	0	2
ENSG00000141434	3	0	2	2
ENSG00000141437	2	0	0	0
ENSG00000141441	3	0	3	0
ENSG00000141446	1270	1314	1147	1000
ENSG00000141447	0	0	0	1
ENSG00000141448	0	1	0	0
ENSG00000141449	1	0	4	0
ENSG00000141452	1012	1225	974	979
ENSG00000141456	4904	5431	4881	4326
ENSG00000141458	961	1154	920	939
ENSG00000141469	72	54	34	20
ENSG00000141480	8352	10045	7994	9430
ENSG00000141497	0	0	4	3
ENSG00000141499	866	905	795	723
ENSG00000141503	5176	5534	4978	4681
ENSG00000141504	720	780	528	837
ENSG00000141505	13	13	13	3
ENSG00000141506	2944	2321	3021	1940
ENSG00000141510	8740	7688	8131	5791
ENSG00000141519	8	1	1	4
ENSG00000141522	31736	33952	27390	28216
ENSG00000141524	4619	5085	4223	4837
ENSG00000141526	7912	7951	6878	7325
ENSG00000141527	0	0	0	0
ENSG00000141540	273	552	178	829
ENSG00000141542	151	107	90	73
ENSG00000141543	6370	7367	5991	5696
ENSG00000141551	5430	6273	4368	5790
ENSG00000141552	2331	2490	2058	2391
ENSG00000141556	5200	5913	4848	4923
ENSG00000141560	1171	1295	1035	1089
ENSG00000141562	2863	2801	2517	2597
ENSG00000141564	3478	3069	3221	2563
ENSG00000141568	4584	4950	4127	3998
ENSG00000141569	1775	1976	1499	1320
ENSG00000141570	782	1056	798	826
ENSG00000141574	44	251	7	110
ENSG00000141576	3528	2206	3495	1403
ENSG00000141577	980	963	876	751
ENSG00000141580	2466	2909	2253	2493
ENSG00000141582	2550	2602	1885	2151
ENSG00000141627	1920	1921	1650	1472
ENSG00000141642	393	380	359	308
ENSG00000141644	3001	2988	2551	2464
ENSG00000141646	2240	2419	1994	1720
ENSG00000141655	2839	4568	1327	3657
ENSG00000141664	1351	1754	1225	1335
ENSG00000141665	0	5	5	4
ENSG00000141668	0	2	0	0
ENSG00000141682	5212	7468	4008	6007
ENSG00000141696	23	73	28	52
ENSG00000141698	430	753	207	835
ENSG00000141699	1919	1674	1706	1569
ENSG00000141736	255	176	248	126
ENSG00000141738	0	0	2	0
ENSG00000141741	1256	1714	1188	1632
ENSG00000141744	3	14	3	6
ENSG00000141750	1	1	2	2
ENSG00000141753	1463	1389	1144	1045
ENSG00000141756	1	6	0	2
ENSG00000141759	3782	4232	3248	3500
ENSG00000141837	27	57	15	29
ENSG00000141854	149	102	112	117
ENSG00000141858	3412	3304	3117	2222
ENSG00000141867	6860	6847	6440	4863
ENSG00000141873	2151	2161	1958	1912
ENSG00000141905	1309	1239	1295	864
ENSG00000141933	747	650	646	502
ENSG00000141934	0	0	0	0
ENSG00000141956	542	730	575	507
ENSG00000141959	12231	12317	10881	11538
ENSG00000141965	2837	2556	2572	2227
ENSG00000141968	4733	4375	3996	3747
ENSG00000141971	1041	852	929	855
ENSG00000141977	2	2	2	1
ENSG00000141979	0	0	0	2
ENSG00000141985	2527	2598	2291	2195
ENSG00000141994	1616	1775	1548	1356
ENSG00000142002	5208	5609	4856	4707
ENSG00000142039	2410	2395	2076	1934
ENSG00000142046	56	38	31	51
ENSG00000142065	160	136	222	118
ENSG00000142082	492	522	453	418
ENSG00000142089	125	64	96	68
ENSG00000142102	65	72	88	30
ENSG00000142149	0	0	0	0
ENSG00000142156	1196	397	697	402
ENSG00000142166	2531	2438	2172	2068
ENSG00000142168	9854	10922	8130	8861
ENSG00000142173	234	21	138	36
ENSG00000142178	171	269	198	236
ENSG00000142185	41	15	42	9
ENSG00000142186	3381	3497	2869	2937
ENSG00000142188	652	938	546	849
ENSG00000142192	3	11	1	50
ENSG00000142197	1099	1187	1077	1011
ENSG00000142207	3981	4609	3685	3460
ENSG00000142208	9354	10240	8339	8386
ENSG00000142224	14	42	2	160
ENSG00000142227	4124	4777	4084	5351
ENSG00000142230	9233	9921	8630	7929
ENSG00000142233	2	1	7	0
ENSG00000142235	210	211	197	219
ENSG00000142252	937	981	878	820
ENSG00000142273	0	0	3	0
ENSG00000142279	25	21	23	22
ENSG00000142303	0	2	0	13
ENSG00000142319	0	0	3	0
ENSG00000142327	7011	7435	6104	7454
ENSG00000142330	646	887	590	749
ENSG00000142347	8651	9385	8102	9192
ENSG00000142396	1343	1702	1237	1293
ENSG00000142408	0	0	0	0
ENSG00000142409	1734	1585	1491	1206
ENSG00000142444	928	960	819	816
ENSG00000142449	0	0	0	0
ENSG00000142453	5641	6092	5054	4242
ENSG00000142459	910	758	770	707
ENSG00000142484	5	11	4	12
ENSG00000142494	54	7	30	23
ENSG00000142507	3921	3838	3391	3321
ENSG00000142512	4	61	0	34
ENSG00000142528	463	393	411	272
ENSG00000142530	10	6	9	7
ENSG00000142534	43636	38374	39097	32727
ENSG00000142538	0	0	0	1
ENSG00000142539	12	0	0	0
ENSG00000142541	108358	92664	94413	74868
ENSG00000142544	386	404	399	307
ENSG00000142546	1465	1477	1358	1214
ENSG00000142549	0	1	0	0
ENSG00000142552	35	33	40	24
ENSG00000142556	655	554	581	414
ENSG00000142583	0	0	1	2
ENSG00000142599	2145	2556	1881	2036
ENSG00000142606	1	3	0	1
ENSG00000142609	1	0	0	0
ENSG00000142611	0	1	0	0
ENSG00000142621	4	4	5	10
ENSG00000142627	1	1	7	5
ENSG00000142632	357	430	378	263
ENSG00000142634	12919	14847	10602	13043
ENSG00000142655	1096	1183	1007	965
ENSG00000142657	9796	10436	8937	8435
ENSG00000142661	5	2	0	5
ENSG00000142669	12769	10167	10713	10660
ENSG00000142675	8	3	8	12
ENSG00000142676	34945	34889	31216	27752
ENSG00000142677	3	3	0	4
ENSG00000142684	977	1139	801	943
ENSG00000142686	1650	1661	1443	1270
ENSG00000142687	2021	1999	1620	1791
ENSG00000142694	1495	909	1078	637
ENSG00000142731	1455	1577	1484	1202
ENSG00000142733	616	449	613	395
ENSG00000142748	0	0	0	0
ENSG00000142751	1316	1340	1091	1165
ENSG00000142765	2013	1591	2020	1444
ENSG00000142784	3039	2493	2442	2416
ENSG00000142794	446	439	389	269
ENSG00000142798	896	407	863	682
ENSG00000142856	738	1039	732	795
ENSG00000142864	36257	37602	31214	27620
ENSG00000142867	678	745	607	629
ENSG00000142871	2	0	0	0
ENSG00000142875	4686	3838	3994	2775
ENSG00000142892	899	903	941	852
ENSG00000142910	3	0	0	1
ENSG00000142920	22	14	16	17
ENSG00000142937	49774	51433	47619	40734
ENSG00000142945	3601	3137	3508	2513
ENSG00000142949	2986	3523	1725	2205
ENSG00000142959	4	9	4	13
ENSG00000142961	805	799	745	759
ENSG00000143001	1	0	7	1
ENSG00000143013	5245	4631	4369	3517
ENSG00000143028	0	1	0	2
ENSG00000143032	0	1	0	0
ENSG00000143033	2450	2243	2461	1703
ENSG00000143061	703	1493	185	1706
ENSG00000143067	35	65	17	30
ENSG00000143079	582	567	479	541
ENSG00000143093	1880	1660	1573	1320
ENSG00000143106	7388	8621	6569	6844
ENSG00000143110	4	8	0	4
ENSG00000143119	15066	13531	14070	12585
ENSG00000143125	0	0	0	0
ENSG00000143126	461	645	452	577
ENSG00000143127	20	27	26	36
ENSG00000143147	10	39	4	17
ENSG00000143149	2852	3397	2510	2965
ENSG00000143153	279	228	195	269
ENSG00000143155	2613	2753	2325	2106
ENSG00000143156	1591	1700	1275	1252
ENSG00000143157	4347	4275	3660	3029
ENSG00000143158	1719	2060	1602	1773
ENSG00000143162	975	1078	785	830
ENSG00000143164	2110	2234	1799	1863
ENSG00000143171	0	7	1	25
ENSG00000143178	39	47	37	40
ENSG00000143179	3790	4659	3324	3490
ENSG00000143183	3117	2990	2845	2521
ENSG00000143184	84	50	137	15
ENSG00000143185	20	8	34	5
ENSG00000143190	951	826	972	708
ENSG00000143195	6	8	4	5
ENSG00000143198	963	1023	871	1000
ENSG00000143199	0	2	0	2
ENSG00000143207	1498	1796	1466	1433
ENSG00000143217	64	418	46	620
ENSG00000143222	3109	2781	2554	2420
ENSG00000143224	507	468	385	451
ENSG00000143226	6	3	0	5
ENSG00000143228	1348	1619	1322	1182
ENSG00000143248	33	21	36	31
ENSG00000143252	3913	4169	3519	3546
ENSG00000143256	3666	4263	2959	3111
ENSG00000143257	0	2	1	0
ENSG00000143258	905	808	846	662
ENSG00000143278	0	1	0	0
ENSG00000143294	4015	3908	3739	2773
ENSG00000143303	1053	1365	962	1282
ENSG00000143314	2415	2803	2128	2277
ENSG00000143315	724	956	605	823
ENSG00000143318	24	67	22	48
ENSG00000143319	2693	2700	2469	1866
ENSG00000143320	1	4	3	5
ENSG00000143321	17462	17515	15774	13376
ENSG00000143322	1199	1181	1120	862
ENSG00000143324	2792	3310	2369	3025
ENSG00000143333	5979	4432	4354	3437
ENSG00000143337	3457	3265	3137	2549
ENSG00000143341	6	9	10	9
ENSG00000143344	366	415	363	414
ENSG00000143353	516	390	345	354
ENSG00000143355	17	26	40	15
ENSG00000143363	791	650	725	513
ENSG00000143365	20	11	3	4
ENSG00000143367	104	175	77	108
ENSG00000143368	4438	4759	4318	3534
ENSG00000143369	9	19	8	12
ENSG00000143373	1790	1784	1705	1591
ENSG00000143374	2256	2310	1860	1854
ENSG00000143375	160	234	84	234
ENSG00000143376	1039	1202	947	884
ENSG00000143379	1538	1581	1483	1340
ENSG00000143382	16	16	7	10
ENSG00000143384	13825	12102	12579	10675
ENSG00000143387	23	56	33	45
ENSG00000143390	7570	7719	7077	6121
ENSG00000143393	3304	3283	3075	2654
ENSG00000143398	3222	3610	2848	2875
ENSG00000143401	15269	13115	14201	9503
ENSG00000143409	191	219	109	214
ENSG00000143412	241	182	190	142
ENSG00000143418	6632	7491	5647	6310
ENSG00000143420	8691	8707	7457	6614
ENSG00000143429	29	37	2	22
ENSG00000143434	17	12	14	11
ENSG00000143436	3764	3695	3238	2911
ENSG00000143437	2026	1933	1883	1666
ENSG00000143442	2296	2200	2357	1814
ENSG00000143443	104	102	84	101
ENSG00000143450	11	24	10	7
ENSG00000143452	0	2	0	0
ENSG00000143457	1096	1088	969	990
ENSG00000143458	712	820	689	667
ENSG00000143469	0	0	0	0
ENSG00000143476	2568	3249	2573	2803
ENSG00000143479	408	426	290	306
ENSG00000143486	3191	3247	2903	2454
ENSG00000143493	2198	2286	1632	1626
ENSG00000143494	161	127	106	79
ENSG00000143498	475	439	422	321
ENSG00000143499	1064	1295	967	1022
ENSG00000143502	0	0	0	0
ENSG00000143507	856	798	798	609
ENSG00000143512	0	0	3	0
ENSG00000143514	1804	1589	1586	1249
ENSG00000143515	4519	4220	3748	2959
ENSG00000143537	1317	1418	1394	1392
ENSG00000143543	5498	6231	4956	5294
ENSG00000143545	7	45	7	3
ENSG00000143549	30465	30844	26997	24041
ENSG00000143552	0	0	0	0
ENSG00000143553	986	1103	901	876
ENSG00000143554	593	824	577	697
ENSG00000143569	8969	9355	7622	7311
ENSG00000143570	3752	3766	3115	2992
ENSG00000143575	3557	3932	3113	3265
ENSG00000143578	364	282	322	210
ENSG00000143590	141	80	126	67
ENSG00000143595	0	5	0	0
ENSG00000143603	1	2	2	5
ENSG00000143612	8977	9889	7598	8245
ENSG00000143614	2590	2265	2319	1644
ENSG00000143621	12130	11973	10347	8982
ENSG00000143622	852	713	752	633
ENSG00000143624	3485	3527	2952	2716
ENSG00000143630	99	172	96	127
ENSG00000143632	0	0	0	0
ENSG00000143633	716	813	695	651
ENSG00000143641	4674	4522	3641	3848
ENSG00000143643	1047	1248	947	957
ENSG00000143653	2341	2245	1973	1880
ENSG00000143669	2088	2176	2264	1783
ENSG00000143674	241	893	99	1198
ENSG00000143702	3279	3373	2843	2474
ENSG00000143727	4051	4553	3191	3381
ENSG00000143740	1456	1753	1164	1470
ENSG00000143742	10500	11029	9730	9532
ENSG00000143748	1612	1589	1461	1183
ENSG00000143751	1032	1034	829	903
ENSG00000143753	3946	3816	3487	3264
ENSG00000143756	1668	1588	1528	1326
ENSG00000143761	17794	18535	15813	16371
ENSG00000143768	0	2	0	1
ENSG00000143771	900	1086	860	952
ENSG00000143772	1589	1588	1648	1394
ENSG00000143774	6483	7516	5343	6736
ENSG00000143776	7	5	12	5
ENSG00000143786	35	58	20	70
ENSG00000143793	779	1152	927	883
ENSG00000143797	125	10	169	39
ENSG00000143799	24333	25241	21199	20288
ENSG00000143801	548	843	453	751
ENSG00000143811	5398	5533	4952	4524
ENSG00000143815	10342	9905	9712	7491
ENSG00000143816	26	26	28	46
ENSG00000143819	51	88	19	57
ENSG00000143842	394	341	492	338
ENSG00000143845	6	1	3	1
ENSG00000143847	65	113	124	123
ENSG00000143850	5	5	4	3
ENSG00000143851	17793	17791	15839	15054
ENSG00000143862	1465	1641	1179	1572
ENSG00000143867	0	0	0	0
ENSG00000143870	23530	23153	18580	18589
ENSG00000143878	1543	1847	979	1535
ENSG00000143882	8	15	12	14
ENSG00000143889	2877	3174	2422	2910
ENSG00000143891	2382	3674	2342	3363
ENSG00000143919	202	232	177	169
ENSG00000143924	5384	5678	4530	4586
ENSG00000143933	13810	13991	11809	10726
ENSG00000143942	1827	2426	1604	1929
ENSG00000143947	28346	29047	27869	22553
ENSG00000143951	181	154	150	124
ENSG00000143952	1277	1628	1203	1269
ENSG00000143970	2549	2624	2378	2106
ENSG00000143971	692	790	552	551
ENSG00000143977	2905	3842	2905	2857
ENSG00000143994	13	10	6	2
ENSG00000143995	1	2	17	0
ENSG00000144010	0	0	1	0
ENSG00000144015	9	0	6	5
ENSG00000144021	3914	3737	3422	3254
ENSG00000144026	98	165	101	134
ENSG00000144028	16615	17051	15128	14335
ENSG00000144029	3454	3903	3075	2987
ENSG00000144031	0	0	0	1
ENSG00000144034	768	869	653	597
ENSG00000144036	501	788	401	556
ENSG00000144040	484	487	439	457
ENSG00000144043	2832	3305	2380	2949
ENSG00000144045	2	3	3	6
ENSG00000144048	1620	1520	1353	1156
ENSG00000144061	20	20	17	15
ENSG00000144115	1	0	2	0
ENSG00000144118	3567	4045	2906	3508
ENSG00000144119	0	0	0	1
ENSG00000144120	453	470	408	375
ENSG00000144130	0	0	0	3
ENSG00000144134	200	161	215	139
ENSG00000144136	4763	6253	4605	5350
ENSG00000144158	6	9	5	7
ENSG00000144161	512	625	442	399
ENSG00000144182	61	114	65	103
ENSG00000144188	4	1	0	0
ENSG00000144199	1644	1148	1409	865
ENSG00000144214	7	12	3	1
ENSG00000144218	0	0	0	0
ENSG00000144224	5771	7214	5649	5944
ENSG00000144228	1122	1317	1091	1153
ENSG00000144231	2803	2940	2568	2474
ENSG00000144233	1743	1688	1460	1257
ENSG00000144283	2186	2563	1907	2407
ENSG00000144290	44	31	32	2
ENSG00000144306	728	776	615	644
ENSG00000144320	1735	2084	1735	1741
ENSG00000144339	0	2	0	0
ENSG00000144354	2260	1831	2628	1121
ENSG00000144355	0	0	1	0
ENSG00000144357	2215	2437	1886	2146
ENSG00000144362	47	40	57	53
ENSG00000144366	5	0	0	0
ENSG00000144369	216	176	152	135
ENSG00000144381	37864	49425	32473	38392
ENSG00000144395	92	154	100	89
ENSG00000144401	659	879	573	611
ENSG00000144407	0	0	0	0
ENSG00000144410	0	0	0	0
ENSG00000144426	478	466	423	444
ENSG00000144445	107	78	103	99
ENSG00000144451	448	386	403	295
ENSG00000144452	27	39	20	31
ENSG00000144455	527	492	502	405
ENSG00000144460	0	2	0	1
ENSG00000144468	1242	1359	1156	993
ENSG00000144476	227	217	197	103
ENSG00000144485	59	126	43	168
ENSG00000144488	0	0	0	0
ENSG00000144504	531	461	493	388
ENSG00000144524	2161	2219	1832	1757
ENSG00000144535	1000	1093	906	918
ENSG00000144550	4	4	1	0
ENSG00000144554	3745	4020	4204	2816
ENSG00000144559	1030	1050	807	734
ENSG00000144560	4409	4104	4287	3176
ENSG00000144566	3864	3730	3156	3126
ENSG00000144567	4030	3648	3550	3243
ENSG00000144579	4852	4221	4393	3578
ENSG00000144580	5826	5774	5337	4266
ENSG00000144589	1001	951	915	846
ENSG00000144591	1230	1431	1049	1151
ENSG00000144596	0	1	0	0
ENSG00000144597	3255	3365	3062	2874
ENSG00000144635	3432	4204	2953	3361
ENSG00000144642	48	80	74	39
ENSG00000144645	1383	2603	970	2752
ENSG00000144647	512	1027	355	1204
ENSG00000144648	157	217	143	337
ENSG00000144649	313	518	30	1558
ENSG00000144655	1998	2142	1760	1744
ENSG00000144659	4382	4470	3799	3686
ENSG00000144668	22	16	14	10
ENSG00000144671	2	0	0	1
ENSG00000144674	4432	5208	4153	4144
ENSG00000144677	354	1216	125	1497
ENSG00000144681	34	23	21	19
ENSG00000144711	6115	5702	6092	4964
ENSG00000144712	0	0	1	0
ENSG00000144713	37968	36162	34258	28996
ENSG00000144724	478	3771	338	3312
ENSG00000144730	12	12	8	31
ENSG00000144736	1550	1819	1447	1407
ENSG00000144741	977	1124	950	885
ENSG00000144744	5002	5464	4592	4105
ENSG00000144746	21426	18052	19460	16094
ENSG00000144747	4145	4489	3656	3637
ENSG00000144749	5822	4001	4157	2020
ENSG00000144785	97	147	0	58
ENSG00000144791	3019	3496	2931	2813
ENSG00000144802	1414	2657	1279	2303
ENSG00000144810	0	0	0	0
ENSG00000144815	2644	2812	2354	2374
ENSG00000144821	9	20	2	17
ENSG00000144824	370	326	341	250
ENSG00000144827	2081	2299	1763	1955
ENSG00000144834	13	52	5	48
ENSG00000144837	32	41	22	30
ENSG00000144840	2004	2286	1896	1839
ENSG00000144843	3636	3724	3256	2995
ENSG00000144847	1	0	0	0
ENSG00000144848	3375	4221	3062	3312
ENSG00000144852	29	7	22	13
ENSG00000144857	0	0	0	0
ENSG00000144867	4351	4924	3598	3918
ENSG00000144868	1	0	2	0
ENSG00000144893	587	791	454	752
ENSG00000144895	8250	8353	7147	6177
ENSG00000144908	0	59	0	2
ENSG00000144909	2015	2229	1853	1773
ENSG00000144935	328	389	278	382
ENSG00000144959	1806	3272	1433	3930
ENSG00000145002	29	41	34	19
ENSG00000145012	1262	1246	1303	1244
ENSG00000145014	494	633	475	458
ENSG00000145016	2176	2424	1972	2181
ENSG00000145020	9	18	14	45
ENSG00000145022	824	1252	684	1294
ENSG00000145029	1044	1118	967	1099
ENSG00000145040	2	1	0	5
ENSG00000145041	4553	4755	4131	3979
ENSG00000145050	7316	8589	6297	6506
ENSG00000145063	0	1	0	0
ENSG00000145075	0	0	0	0
ENSG00000145088	650	1054	576	675
ENSG00000145103	688	782	611	637
ENSG00000145113	10	6	12	18
ENSG00000145147	0	1	0	0
ENSG00000145191	4373	4648	3946	3720
ENSG00000145198	0	0	1	0
ENSG00000145214	980	1000	909	825
ENSG00000145216	3134	3284	2749	2623
ENSG00000145217	4	1	1	3
ENSG00000145220	3071	4194	3066	2845
ENSG00000145241	813	831	890	645
ENSG00000145244	0	5	0	27
ENSG00000145246	570	937	500	798
ENSG00000145247	2437	2138	1725	1539
ENSG00000145248	0	1	1	0
ENSG00000145283	0	0	0	1
ENSG00000145284	633	868	620	874
ENSG00000145287	2	0	0	5
ENSG00000145293	2780	3072	2460	2476
ENSG00000145331	357	419	366	290
ENSG00000145332	971	1258	872	929
ENSG00000145335	91	390	22	2
ENSG00000145337	3415	4462	3126	3703
ENSG00000145348	1031	884	740	640
ENSG00000145349	1748	1249	1623	656
ENSG00000145354	1693	1960	1432	1625
ENSG00000145358	42	8	62	16
ENSG00000145362	196	120	141	75
ENSG00000145365	1200	847	998	528
ENSG00000145375	871	876	884	625
ENSG00000145386	5300	4797	4995	3601
ENSG00000145388	1292	1360	1070	958
ENSG00000145390	6	8	7	6
ENSG00000145391	2374	4002	1908	3446
ENSG00000145414	917	1169	723	811
ENSG00000145416	0	0	0	1
ENSG00000145425	53134	52113	49226	39585
ENSG00000145439	786	845	689	731
ENSG00000145476	494	539	408	429
ENSG00000145491	35	69	18	55
ENSG00000145494	3286	3434	2880	2710
ENSG00000145495	3376	3560	3153	3085
ENSG00000145506	15	31	15	32
ENSG00000145536	0	0	0	0
ENSG00000145545	507	544	430	481
ENSG00000145555	7	15	0	8
ENSG00000145569	502	456	534	452
ENSG00000145592	23068	22625	21147	18305
ENSG00000145604	1417	1714	1392	1256
ENSG00000145623	8	8	3	4
ENSG00000145632	1	10	5	5
ENSG00000145649	7822	3343	9003	2707
ENSG00000145675	4352	5279	3829	4339
ENSG00000145685	5	2	4	12
ENSG00000145687	101	63	127	82
ENSG00000145700	3	7	1	1
ENSG00000145703	7930	7581	7655	5648
ENSG00000145708	0	0	2	1
ENSG00000145715	2130	2232	1947	1733
ENSG00000145721	0	0	0	0
ENSG00000145723	154	154	137	170
ENSG00000145725	2344	2385	2153	1863
ENSG00000145730	1438	1009	1267	821
ENSG00000145734	2776	2985	2542	2217
ENSG00000145736	1796	2152	1618	1582
ENSG00000145740	2621	3110	2234	2487
ENSG00000145741	25185	24532	22262	18903
ENSG00000145743	931	1205	759	1063
ENSG00000145757	1	0	0	0
ENSG00000145777	26	71	24	29
ENSG00000145779	6213	4872	5216	2981
ENSG00000145780	1585	1772	1357	1325
ENSG00000145781	655	672	513	556
ENSG00000145782	1672	1804	1423	1474
ENSG00000145817	1889	1634	1729	1425
ENSG00000145819	847	1154	611	862
ENSG00000145832	0	0	0	0
ENSG00000145833	6338	7301	6072	5432
ENSG00000145839	6200	12251	1249	14967
ENSG00000145850	0	0	0	0
ENSG00000145860	5582	6459	5201	4960
ENSG00000145864	0	0	0	0
ENSG00000145868	2011	1939	1777	1583
ENSG00000145882	1377	1236	1217	1074
ENSG00000145901	18589	14443	15446	12163
ENSG00000145907	13063	14929	12406	11064
ENSG00000145911	1379	1071	1345	1063
ENSG00000145912	5989	5900	5151	4871
ENSG00000145916	1030	1127	837	1011
ENSG00000145919	790	872	737	587
ENSG00000145936	15	37	11	54
ENSG00000145945	303	440	236	395
ENSG00000145949	9	10	9	4
ENSG00000145979	975	1094	882	890
ENSG00000145982	1297	1161	1129	955
ENSG00000145990	121	144	71	139
ENSG00000145996	978	910	843	640
ENSG00000146005	6	0	4	6
ENSG00000146006	0	1	0	2
ENSG00000146007	4424	3710	3642	2691
ENSG00000146013	23	15	13	5
ENSG00000146021	85	115	83	94
ENSG00000146038	6	2	0	20
ENSG00000146039	0	1	0	0
ENSG00000146054	137	241	84	212
ENSG00000146063	1769	1695	1720	1173
ENSG00000146066	3090	3038	2539	2400
ENSG00000146067	524	813	651	630
ENSG00000146072	6	35	7	21
ENSG00000146083	4078	3656	3478	2966
ENSG00000146085	1592	1919	1389	1632
ENSG00000146090	0	0	0	0
ENSG00000146094	32	36	22	29
ENSG00000146109	2926	3153	2599	2460
ENSG00000146112	11000	9047	9396	7911
ENSG00000146143	985	959	921	853
ENSG00000146192	116	133	76	155
ENSG00000146197	1	0	2	1
ENSG00000146205	72	30	97	37
ENSG00000146215	1	0	6	6
ENSG00000146216	313	398	121	298
ENSG00000146221	0	4	0	0
ENSG00000146223	10399	11202	8589	8822
ENSG00000146232	1632	1551	1390	1420
ENSG00000146242	5	4	2	5
ENSG00000146243	191	268	160	179
ENSG00000146247	5352	6050	5471	4661
ENSG00000146250	0	0	0	2
ENSG00000146263	1360	1569	1221	1213
ENSG00000146267	7	26	4	36
ENSG00000146278	1862	1459	1752	1397
ENSG00000146281	723	630	676	428
ENSG00000146282	777	792	765	634
ENSG00000146285	2	1	2	0
ENSG00000146350	125	128	104	61
ENSG00000146352	0	0	0	0
ENSG00000146376	705	615	709	501
ENSG00000146383	0	0	0	0
ENSG00000146386	3698	3818	3123	3097
ENSG00000146409	256	262	196	174
ENSG00000146410	731	771	763	610
ENSG00000146411	10	3	6	4
ENSG00000146414	941	986	882	783
ENSG00000146416	362	314	148	155
ENSG00000146425	1190	1564	1087	1451
ENSG00000146426	2079	1430	1677	780
ENSG00000146433	795	1133	710	914
ENSG00000146453	0	3	2	7
ENSG00000146457	3542	3739	3152	2809
ENSG00000146463	2169	2297	1932	1741
ENSG00000146476	1818	1951	1576	1594
ENSG00000146477	0	0	0	0
ENSG00000146530	67	27	23	17
ENSG00000146535	3278	3514	3039	2919
ENSG00000146540	2240	2398	1978	2057
ENSG00000146555	0	0	1	0
ENSG00000146556	366	358	269	322
ENSG00000146574	2055	2010	1765	1524
ENSG00000146576	1511	1463	1321	1433
ENSG00000146587	708	843	699	715
ENSG00000146618	0	6	1	1
ENSG00000146670	3860	3891	3676	3062
ENSG00000146674	4318	1593	2873	963
ENSG00000146676	3763	4149	3622	3207
ENSG00000146677	43	31	42	31
ENSG00000146678	2	3	1	0
ENSG00000146700	10	13	11	3
ENSG00000146701	10913	12175	9596	10240
ENSG00000146707	1153	1231	976	1125
ENSG00000146729	1888	2248	1644	1806
ENSG00000146731	16232	18513	13978	13833
ENSG00000146733	1431	1621	1171	1234
ENSG00000146755	1	0	0	0
ENSG00000146757	546	556	494	450
ENSG00000146776	774	680	793	546
ENSG00000146802	785	835	707	751
ENSG00000146826	781	800	692	707
ENSG00000146828	1024	1142	887	979
ENSG00000146830	1739	2012	1731	1579
ENSG00000146833	1766	1918	1506	1496
ENSG00000146834	3494	3308	3034	2528
ENSG00000146842	1523	1447	1317	1138
ENSG00000146856	23	13	14	19
ENSG00000146858	105	138	117	116
ENSG00000146859	585	397	540	328
ENSG00000146872	2216	2282	2021	1983
ENSG00000146904	49	14	28	2
ENSG00000146909	2001	2220	1867	1574
ENSG00000146918	4134	4553	4123	3513
ENSG00000146955	56	34	42	10
ENSG00000146963	5075	5200	4495	3876
ENSG00000147003	2	4	2	2
ENSG00000147010	4355	6351	3827	6027
ENSG00000147036	190	391	222	282
ENSG00000147041	0	3	0	1
ENSG00000147044	3224	6835	2034	6756
ENSG00000147050	1094	1536	875	1498
ENSG00000147059	5	13	2	4
ENSG00000147065	48684	73697	41800	76132
ENSG00000147081	0	0	0	0
ENSG00000147082	8	19	11	17
ENSG00000147099	1033	1598	825	1515
ENSG00000147100	74	160	21	98
ENSG00000147117	0	0	0	1
ENSG00000147118	380	544	298	497
ENSG00000147119	393	471	406	550
ENSG00000147121	239	412	183	337
ENSG00000147123	2848	3962	2516	4201
ENSG00000147124	608	783	492	721
ENSG00000147130	1944	2837	1852	2717
ENSG00000147133	2259	3002	1835	2831
ENSG00000147138	890	1047	1022	995
ENSG00000147140	21576	30146	16954	26841
ENSG00000147144	138	339	241	387
ENSG00000147145	1	2	4	5
ENSG00000147155	6796	10154	6626	10664
ENSG00000147162	3503	7633	4296	5879
ENSG00000147164	2011	3168	1586	3247
ENSG00000147166	12	35	11	26
ENSG00000147168	15659	19083	14002	22308
ENSG00000147174	33	79	32	75
ENSG00000147180	243	262	185	397
ENSG00000147202	962	1549	801	1305
ENSG00000147224	3840	6130	3152	5602
ENSG00000147231	243	509	282	459
ENSG00000147234	0	0	1	0
ENSG00000147251	3669	5163	3268	4566
ENSG00000147274	12551	14101	11586	11025
ENSG00000147316	768	806	726	660
ENSG00000147324	7830	7152	7351	5557
ENSG00000147364	822	691	702	571
ENSG00000147383	2087	3254	1689	2929
ENSG00000147394	51	102	45	97
ENSG00000147400	866	1236	644	1005
ENSG00000147403	70465	84535	58795	78559
ENSG00000147408	3870	3148	2863	2367
ENSG00000147416	4362	4888	4083	4223
ENSG00000147419	2607	2844	2186	2241
ENSG00000147421	412	439	388	364
ENSG00000147434	9	17	12	8
ENSG00000147437	3	10	4	10
ENSG00000147439	1111	1155	982	943
ENSG00000147443	4234	4150	3760	4379
ENSG00000147454	741	859	768	604
ENSG00000147457	2237	2145	1876	1735
ENSG00000147459	72	102	40	181
ENSG00000147465	12	11	3	3
ENSG00000147471	2739	3057	2261	2299
ENSG00000147475	1398	1435	1249	1162
ENSG00000147485	0	0	0	0
ENSG00000147488	0	0	2	1
ENSG00000147509	11	0	2	0
ENSG00000147526	9638	10623	8589	7963
ENSG00000147533	1722	1669	1500	1374
ENSG00000147535	427	440	366	345
ENSG00000147536	1809	2192	1755	1621
ENSG00000147548	6588	7125	6009	5474
ENSG00000147570	17	50	3	207
ENSG00000147571	0	0	0	5
ENSG00000147573	1	6	2	83
ENSG00000147576	15	12	5	14
ENSG00000147586	1130	1162	1004	886
ENSG00000147592	370	466	326	412
ENSG00000147601	1398	1425	1145	1197
ENSG00000147604	64004	61704	55243	48080
ENSG00000147606	1	0	0	16
ENSG00000147614	0	0	0	0
ENSG00000147642	275	267	189	187
ENSG00000147647	14	7	10	1
ENSG00000147649	11454	14525	11037	10728
ENSG00000147650	937	970	599	813
ENSG00000147654	831	982	801	710
ENSG00000147669	1926	1935	1675	1515
ENSG00000147676	1	0	0	0
ENSG00000147677	11331	10798	9940	8415
ENSG00000147679	1167	1205	1039	1109
ENSG00000147684	3478	4083	3117	3326
ENSG00000147687	959	879	758	576
ENSG00000147789	524	517	438	375
ENSG00000147799	20	43	11	28
ENSG00000147804	473	469	391	371
ENSG00000147813	1274	993	1300	792
ENSG00000147852	1013	790	1050	470
ENSG00000147853	2373	3102	2137	2938
ENSG00000147854	1517	1894	1300	1434
ENSG00000147862	2	1	4	2
ENSG00000147872	2340	2857	1837	2243
ENSG00000147874	2589	2942	2273	2295
ENSG00000147883	64	110	122	91
ENSG00000147889	3744	2502	2819	1821
ENSG00000147894	278	458	240	362
ENSG00000147905	910	1011	842	756
ENSG00000147912	108	170	132	130
ENSG00000147955	5303	5705	4578	4482
ENSG00000147996	1397	1829	1341	1298
ENSG00000148019	1464	1925	1544	1515
ENSG00000148053	212	172	154	100
ENSG00000148057	219	195	157	193
ENSG00000148090	1032	1280	1031	1070
ENSG00000148110	3514	3724	3240	3073
ENSG00000148120	242	229	223	145
ENSG00000148143	0	3	0	3
ENSG00000148153	1723	1688	1401	1377
ENSG00000148154	1043	1081	939	941
ENSG00000148156	0	0	2	0
ENSG00000148158	1373	883	883	585
ENSG00000148175	727	982	736	955
ENSG00000148180	100	80	82	98
ENSG00000148187	1595	1853	1420	1355
ENSG00000148200	33	75	37	55
ENSG00000148204	0	1	0	2
ENSG00000148218	1540	1733	1417	1542
ENSG00000148219	66	32	74	61
ENSG00000148225	84	118	67	94
ENSG00000148229	3057	3424	2756	2585
ENSG00000148248	13712	14033	11778	12641
ENSG00000148288	103	119	98	52
ENSG00000148290	1064	1093	1055	973
ENSG00000148291	586	593	513	416
ENSG00000148296	2442	2799	2158	1972
ENSG00000148297	1678	1856	1538	1496
ENSG00000148300	2680	2782	2335	2105
ENSG00000148303	65315	62824	58245	48674
ENSG00000148308	3114	3572	2959	2869
ENSG00000148331	1251	1346	1211	1016
ENSG00000148334	1168	1369	963	1118
ENSG00000148335	1561	1722	1453	1491
ENSG00000148337	4760	4924	4403	3573
ENSG00000148339	1231	1146	977	1023
ENSG00000148341	2394	2671	2055	2135
ENSG00000148343	612	770	570	665
ENSG00000148344	0	1	0	0
ENSG00000148346	0	0	0	0
ENSG00000148356	1342	1228	1050	1050
ENSG00000148357	11	2	4	6
ENSG00000148358	2248	2296	2077	1895
ENSG00000148362	990	940	970	831
ENSG00000148377	0	1	0	5
ENSG00000148384	872	916	814	732
ENSG00000148396	6862	7243	6834	6026
ENSG00000148399	509	707	458	520
ENSG00000148400	5204	4285	4913	3860
ENSG00000148408	0	0	0	0
ENSG00000148411	2110	4239	1431	4244
ENSG00000148429	45	79	29	59
ENSG00000148444	1337	1444	1165	1213
ENSG00000148450	49	217	18	220
ENSG00000148459	587	652	501	463
ENSG00000148468	593	379	305	439
ENSG00000148481	1197	1500	895	1255
ENSG00000148483	1	0	6	1
ENSG00000148484	5895	5487	4792	4305
ENSG00000148488	197	122	134	73
ENSG00000148498	0	0	0	0
ENSG00000148516	3176	2861	2839	1852
ENSG00000148572	985	978	866	824
ENSG00000148600	16	19	13	34
ENSG00000148606	1946	2090	1592	1712
ENSG00000148634	2677	2924	2352	2349
ENSG00000148660	1257	1480	1182	1257
ENSG00000148671	2	4	5	2
ENSG00000148672	13501	11141	11130	7381
ENSG00000148677	1	0	0	0
ENSG00000148680	0	1	1	0
ENSG00000148688	1337	1378	1088	1021
ENSG00000148690	865	1082	796	757
ENSG00000148700	4892	4539	4480	4095
ENSG00000148702	0	0	0	0
ENSG00000148719	2108	2260	1880	1977
ENSG00000148730	6658	6092	6009	5487
ENSG00000148734	0	0	0	0
ENSG00000148735	0	0	0	0
ENSG00000148737	23	3	10	10
ENSG00000148773	23702	23453	27278	17352
ENSG00000148798	193	42	119	18
ENSG00000148803	371	231	396	147
ENSG00000148814	110	102	81	86
ENSG00000148824	831	856	684	653
ENSG00000148832	358	317	343	319
ENSG00000148834	4913	5204	4320	4524
ENSG00000148835	612	628	541	493
ENSG00000148840	3765	3677	3305	2857
ENSG00000148841	1968	2028	1681	1541
ENSG00000148842	429	386	400	381
ENSG00000148843	6380	7006	5755	5286
ENSG00000148848	37	12	34	4
ENSG00000148908	1318	1513	1332	1353
ENSG00000148925	1515	1463	1146	1349
ENSG00000148926	4	3	1	7
ENSG00000148935	10	7	14	9
ENSG00000148943	1018	1342	966	1141
ENSG00000148950	183	227	182	174
ENSG00000148985	558	552	539	481
ENSG00000149016	1355	1232	1071	990
ENSG00000149021	1	0	0	0
ENSG00000149043	0	4	0	3
ENSG00000149050	1	0	0	1
ENSG00000149054	348	343	362	210
ENSG00000149084	1271	1566	1153	1260
ENSG00000149089	1080	1421	944	1211
ENSG00000149090	0	0	0	0
ENSG00000149091	8802	7732	7742	5850
ENSG00000149100	7704	8680	6673	7142
ENSG00000149115	546	349	601	186
ENSG00000149136	14579	16623	13883	12244
ENSG00000149150	582	707	602	388
ENSG00000149177	6013	4851	5804	3935
ENSG00000149179	859	825	798	756
ENSG00000149182	4193	3915	3686	3438
ENSG00000149187	3781	4619	3599	3447
ENSG00000149196	1760	1820	1434	1551
ENSG00000149201	9	8	4	2
ENSG00000149212	120	76	96	120
ENSG00000149218	530	691	605	384
ENSG00000149231	988	1105	914	965
ENSG00000149243	44	38	48	47
ENSG00000149256	263	164	130	120
ENSG00000149257	836	551	620	382
ENSG00000149260	36	50	94	11
ENSG00000149262	1468	1439	1289	1122
ENSG00000149269	2017	1716	1955	1421
ENSG00000149273	75342	72400	69052	59270
ENSG00000149289	1768	2369	1614	1806
ENSG00000149292	159	224	142	180
ENSG00000149294	0	0	0	0
ENSG00000149295	10	22	6	35
ENSG00000149305	16	132	13	111
ENSG00000149308	1797	1633	1695	1092
ENSG00000149311	2431	2100	2194	1501
ENSG00000149313	2506	2569	2154	2253
ENSG00000149328	57	69	76	32
ENSG00000149346	395	356	334	293
ENSG00000149357	2699	2685	2143	2299
ENSG00000149380	0	0	0	0
ENSG00000149403	3	1	0	1
ENSG00000149428	13765	13595	11331	10948
ENSG00000149435	0	0	0	0
ENSG00000149474	938	1059	801	879
ENSG00000149476	1779	1597	1334	1471
ENSG00000149480	11014	12553	10258	10882
ENSG00000149483	727	866	594	738
ENSG00000149485	8397	10246	7453	8240
ENSG00000149488	0	0	0	0
ENSG00000149489	63	68	57	40
ENSG00000149499	4676	4225	4026	3120
ENSG00000149503	4337	3683	4083	2847
ENSG00000149506	0	4	0	0
ENSG00000149527	193	172	215	159
ENSG00000149531	306	431	271	290
ENSG00000149532	4380	4547	4229	3492
ENSG00000149541	1758	1825	1514	1696
ENSG00000149547	2677	2893	2334	2502
ENSG00000149548	143	107	160	124
ENSG00000149554	2851	3276	2742	2386
ENSG00000149557	79	44	221	65
ENSG00000149564	2	6	0	1
ENSG00000149571	6	3	2	0
ENSG00000149573	5	9	1	2
ENSG00000149577	1019	1026	860	871
ENSG00000149582	178	180	125	185
ENSG00000149591	34	59	42	89
ENSG00000149596	5	2	0	0
ENSG00000149599	49	64	36	96
ENSG00000149600	2563	2465	2444	2166
ENSG00000149609	5	1	6	4
ENSG00000149633	1	0	0	0
ENSG00000149634	0	2	2	0
ENSG00000149635	3	0	1	5
ENSG00000149636	789	927	778	863
ENSG00000149639	822	885	853	909
ENSG00000149646	27	41	20	45
ENSG00000149654	4	0	0	0
ENSG00000149656	0	0	0	2
ENSG00000149657	1872	1763	1696	1409
ENSG00000149658	2446	2452	2224	1881
ENSG00000149679	1100	1059	943	963
ENSG00000149716	384	549	406	385
ENSG00000149743	698	593	585	553
ENSG00000149761	1576	1426	1215	1229
ENSG00000149781	7887	8022	7296	7161
ENSG00000149782	1084	1365	1001	1158
ENSG00000149792	2754	3324	2613	2802
ENSG00000149798	84	46	14	78
ENSG00000149806	12584	12205	11410	9778
ENSG00000149809	1116	864	878	664
ENSG00000149823	6075	5394	5400	4390
ENSG00000149922	34	54	53	50
ENSG00000149923	6573	6032	5558	5148
ENSG00000149925	46836	49925	43214	45314
ENSG00000149926	17	15	14	12
ENSG00000149927	12	7	29	3
ENSG00000149929	3152	3183	3025	2205
ENSG00000149930	2691	3211	2362	2676
ENSG00000149932	1143	1145	901	1094
ENSG00000149970	327	379	309	318
ENSG00000150045	1	2	0	0
ENSG00000150051	0	0	0	0
ENSG00000150054	14	8	5	3
ENSG00000150093	20431	15989	17491	13330
ENSG00000150175	0	3	0	0
ENSG00000150275	0	1	0	0
ENSG00000150281	1	7	0	0
ENSG00000150316	1812	1940	1559	1619
ENSG00000150347	4387	4066	3944	3293
ENSG00000150394	0	2	0	0
ENSG00000150401	226	279	178	235
ENSG00000150403	1386	1545	1121	1322
ENSG00000150433	475	509	456	455
ENSG00000150455	422	508	418	437
ENSG00000150456	256	230	202	159
ENSG00000150457	589	686	543	576
ENSG00000150459	5220	5720	4699	4635
ENSG00000150471	0	0	0	1
ENSG00000150477	221	215	222	163
ENSG00000150527	1127	1219	997	968
ENSG00000150593	4647	3714	3670	2361
ENSG00000150627	11	7	3	2
ENSG00000150636	11	8	7	3
ENSG00000150637	1129	561	1129	295
ENSG00000150656	0	0	0	1
ENSG00000150667	31	28	22	10
ENSG00000150672	9	14	3	8
ENSG00000150681	134	35	128	6
ENSG00000150687	347	288	370	206
ENSG00000150712	1765	1811	1543	1454
ENSG00000150753	20098	23093	17588	17678
ENSG00000150756	432	512	394	407
ENSG00000150760	2	0	0	1
ENSG00000150764	1638	985	1228	522
ENSG00000150768	3200	3923	2780	3089
ENSG00000150773	8	21	6	4
ENSG00000150776	1637	1497	1570	1228
ENSG00000150779	1570	1588	1248	1396
ENSG00000150783	2	0	0	1
ENSG00000150787	394	553	372	496
ENSG00000150867	3442	3053	3327	2427
ENSG00000150893	773	635	1136	267
ENSG00000150907	3616	2255	2729	1559
ENSG00000150938	252	120	492	60
ENSG00000150961	2264	2507	1769	2018
ENSG00000150967	66	98	45	97
ENSG00000150977	2637	2732	2127	2075
ENSG00000150990	3715	4164	2912	3307
ENSG00000150991	59014	59056	52677	54916
ENSG00000150995	3848	5639	3398	5979
ENSG00000151006	77	80	35	95
ENSG00000151012	723	978	724	592
ENSG00000151014	350	423	278	272
ENSG00000151062	33	36	60	39
ENSG00000151065	650	764	567	618
ENSG00000151067	5	1	2	23
ENSG00000151092	1994	2345	1709	1885
ENSG00000151093	645	707	565	571
ENSG00000151116	1106	1032	1016	888
ENSG00000151117	15	11	8	12
ENSG00000151131	434	454	434	411
ENSG00000151135	2395	2754	2210	2306
ENSG00000151136	21	62	9	160
ENSG00000151148	2568	2821	2238	2232
ENSG00000151150	16	42	13	13
ENSG00000151151	791	865	750	698
ENSG00000151164	14	13	10	20
ENSG00000151176	1451	1516	1261	1348
ENSG00000151208	194	737	152	983
ENSG00000151229	244	145	247	90
ENSG00000151233	781	1017	740	890
ENSG00000151239	1522	2110	1327	1876
ENSG00000151240	23	5	22	3
ENSG00000151247	4334	4696	3756	3842
ENSG00000151276	2349	4372	1771	3865
ENSG00000151287	675	1091	765	1106
ENSG00000151292	1476	1411	1186	1077
ENSG00000151303	2	0	0	1
ENSG00000151304	756	804	565	610
ENSG00000151320	0	1	0	0
ENSG00000151322	1	0	0	0
ENSG00000151327	1224	1409	957	1122
ENSG00000151332	1251	1522	1029	1218
ENSG00000151338	0	0	0	0
ENSG00000151348	1704	2025	1393	1879
ENSG00000151353	713	922	676	659
ENSG00000151364	2	18	3	13
ENSG00000151366	4076	4213	3355	3585
ENSG00000151376	130	250	99	146
ENSG00000151413	428	452	423	356
ENSG00000151414	3898	5487	3643	4828
ENSG00000151422	731	567	652	540
ENSG00000151445	869	914	790	710
ENSG00000151458	244	242	227	172
ENSG00000151461	3260	3348	3121	2362
ENSG00000151465	5749	6054	4841	4821
ENSG00000151466	1035	1005	928	705
ENSG00000151468	12	27	7	5
ENSG00000151470	526	629	472	608
ENSG00000151474	10	3	17	24
ENSG00000151490	123	383	94	309
ENSG00000151491	14	21	18	17
ENSG00000151498	884	1082	823	786
ENSG00000151500	1863	1856	1618	1377
ENSG00000151502	3291	3881	2788	3205
ENSG00000151503	5698	6869	5612	5302
ENSG00000151532	1339	1484	1272	1139
ENSG00000151552	868	791	755	637
ENSG00000151553	2537	2156	2295	1657
ENSG00000151575	7	8	10	12
ENSG00000151576	2392	2609	2229	1858
ENSG00000151611	316	314	242	303
ENSG00000151612	508	359	344	237
ENSG00000151617	0	0	3	0
ENSG00000151623	37	71	11	14
ENSG00000151632	2	1	0	0
ENSG00000151640	653	368	542	351
ENSG00000151650	6	6	0	7
ENSG00000151651	5163	4581	4681	4603
ENSG00000151657	423	484	405	389
ENSG00000151665	526	653	522	538
ENSG00000151687	43	36	38	46
ENSG00000151689	1397	1910	1006	1712
ENSG00000151690	3889	3960	3289	3518
ENSG00000151692	13	1	2	4
ENSG00000151693	16	8	5	11
ENSG00000151694	1439	1351	1295	1049
ENSG00000151702	6185	5741	5398	4683
ENSG00000151704	2	0	0	0
ENSG00000151718	0	1	0	1
ENSG00000151725	1439	1605	1582	1393
ENSG00000151726	5002	5212	4246	3879
ENSG00000151729	509	685	344	463
ENSG00000151743	77	116	89	59
ENSG00000151746	952	832	828	614
ENSG00000151748	640	607	431	428
ENSG00000151773	24	39	24	1
ENSG00000151779	2324	2496	2370	2109
ENSG00000151790	0	3	0	1
ENSG00000151806	1869	2237	1800	1718
ENSG00000151812	0	0	0	2
ENSG00000151835	3593	4246	3697	3177
ENSG00000151838	0	0	0	0
ENSG00000151846	25	18	15	16
ENSG00000151849	832	1109	889	963
ENSG00000151876	764	812	653	636
ENSG00000151881	473	545	458	408
ENSG00000151882	202	208	213	99
ENSG00000151883	598	526	591	434
ENSG00000151893	2053	2327	1832	1824
ENSG00000151914	2395	2653	2224	2155
ENSG00000151917	4	3	2	0
ENSG00000151923	4554	4915	4141	3796
ENSG00000151929	628	808	422	694
ENSG00000151962	0	2	0	0
ENSG00000151967	23	48	14	59
ENSG00000152049	0	0	0	0
ENSG00000152056	141	139	128	124
ENSG00000152061	3832	2531	3271	1893
ENSG00000152076	183	241	93	175
ENSG00000152078	0	2	0	2
ENSG00000152082	5503	5423	5061	4307
ENSG00000152092	1	3	0	3
ENSG00000152102	6333	7120	5643	5845
ENSG00000152104	11	1	14	5
ENSG00000152117	497	675	423	487
ENSG00000152127	892	960	901	1048
ENSG00000152128	69	96	99	121
ENSG00000152133	892	1067	855	859
ENSG00000152137	0	0	0	0
ENSG00000152147	986	1025	821	724
ENSG00000152154	2	0	1	5
ENSG00000152192	4	5	14	1
ENSG00000152193	1093	1066	991	740
ENSG00000152207	99	116	112	130
ENSG00000152213	1	0	0	2
ENSG00000152217	1036	1125	1038	1207
ENSG00000152219	1169	1098	1017	859
ENSG00000152223	1140	1344	1198	1139
ENSG00000152229	38	159	13	392
ENSG00000152234	26516	27576	22533	22483
ENSG00000152240	1470	1750	1308	1449
ENSG00000152242	1000	1345	1033	1044
ENSG00000152253	572	596	583	428
ENSG00000152256	1229	1214	1183	950
ENSG00000152270	378	128	545	47
ENSG00000152284	3	4	1	1
ENSG00000152291	9802	10143	8679	9141
ENSG00000152292	3	2	1	2
ENSG00000152315	6	4	5	0
ENSG00000152332	7859	8655	7375	7069
ENSG00000152348	374	421	340	339
ENSG00000152359	740	716	677	633
ENSG00000152377	1962	66	185	44
ENSG00000152380	15	4	1	6
ENSG00000152382	548	627	461	450
ENSG00000152404	721	684	688	575
ENSG00000152409	688	673	546	285
ENSG00000152413	551	275	289	168
ENSG00000152422	471	385	434	270
ENSG00000152433	68	47	48	34
ENSG00000152439	174	170	124	161
ENSG00000152443	470	383	395	347
ENSG00000152454	60	65	104	90
ENSG00000152455	1121	1317	1057	914
ENSG00000152457	507	491	484	464
ENSG00000152463	17	18	1	3
ENSG00000152464	805	754	608	588
ENSG00000152465	952	1740	696	1763
ENSG00000152475	112	88	82	30
ENSG00000152484	3424	4212	2741	3342
ENSG00000152492	7740	9448	7499	5806
ENSG00000152495	5399	5045	5157	3615
ENSG00000152503	6	11	3	8
ENSG00000152518	6680	4779	5924	3395
ENSG00000152520	1821	1686	1567	1284
ENSG00000152556	3589	5385	3938	3996
ENSG00000152558	9561	8413	8522	6428
ENSG00000152578	0	3	0	0
ENSG00000152580	3	2	0	0
ENSG00000152582	346	245	307	148
ENSG00000152583	15	32	17	30
ENSG00000152591	5	14	1	16
ENSG00000152592	1	1	0	14
ENSG00000152601	24042	26190	21714	20901
ENSG00000152611	0	0	0	0
ENSG00000152620	432	634	443	464
ENSG00000152642	1688	2452	1517	2194
ENSG00000152661	0	0	0	0
ENSG00000152669	6	3	4	8
ENSG00000152670	0	0	0	0
ENSG00000152672	76	82	2	49
ENSG00000152683	1851	1943	1432	1526
ENSG00000152684	1711	1553	1591	1408
ENSG00000152689	1567	1338	1072	918
ENSG00000152700	1664	2194	1469	1777
ENSG00000152705	4	0	2	0
ENSG00000152749	1226	1371	1136	1222
ENSG00000152763	4	7	3	4
ENSG00000152766	1	5	1	3
ENSG00000152767	19	46	50	29
ENSG00000152778	687	873	671	782
ENSG00000152782	412	467	334	380
ENSG00000152784	1481	1571	1686	1039
ENSG00000152795	10413	11515	9509	8105
ENSG00000152804	41	40	46	47
ENSG00000152818	3467	3425	3445	2848
ENSG00000152822	2	8	0	6
ENSG00000152894	1051	1391	1104	1823
ENSG00000152904	838	946	779	747
ENSG00000152926	63	65	29	46
ENSG00000152939	19	12	10	23
ENSG00000152942	1145	1169	999	985
ENSG00000152944	600	594	542	550
ENSG00000152952	0	4	1	0
ENSG00000152969	5607	4820	5230	3135
ENSG00000152990	118	236	9	37
ENSG00000153002	4	0	1	0
ENSG00000153006	1333	1651	1266	1393
ENSG00000153012	255	30	140	6
ENSG00000153015	1806	1835	1669	1377
ENSG00000153029	1890	2004	1632	2022
ENSG00000153037	1926	2103	1586	1655
ENSG00000153044	1545	1779	1671	1257
ENSG00000153046	1267	1219	1141	978
ENSG00000153048	1537	1523	1435	1436
ENSG00000153060	0	0	1	2
ENSG00000153064	4	7	0	0
ENSG00000153066	2342	2463	2019	2276
ENSG00000153071	0	0	0	0
ENSG00000153093	4	4	5	6
ENSG00000153094	4080	1585	3554	1287
ENSG00000153107	6888	7255	6301	5196
ENSG00000153113	8666	10201	8329	8814
ENSG00000153130	2128	2203	1576	2183
ENSG00000153132	13	14	5	2
ENSG00000153140	882	1196	780	894
ENSG00000153147	9844	9957	8567	7672
ENSG00000153157	1	0	0	0
ENSG00000153162	0	0	2	0
ENSG00000153165	21	21	23	24
ENSG00000153179	2604	2777	2508	1952
ENSG00000153187	41750	44550	37501	33246
ENSG00000153201	9893	11247	9211	8511
ENSG00000153207	4494	5000	3995	3764
ENSG00000153208	7	5	3	2
ENSG00000153214	1445	1523	1244	1319
ENSG00000153233	1123	1489	902	1356
ENSG00000153234	286	138	294	87
ENSG00000153237	0	4	0	0
ENSG00000153250	1148	894	1051	594
ENSG00000153253	7	4	1	1
ENSG00000153283	9803	6641	10308	5387
ENSG00000153292	0	0	0	1
ENSG00000153294	0	0	0	0
ENSG00000153303	3	5	9	18
ENSG00000153310	6308	7056	5252	5783
ENSG00000153317	1145	1032	1113	615
ENSG00000153339	1977	2045	1698	1632
ENSG00000153363	122	134	128	140
ENSG00000153391	529	390	458	360
ENSG00000153395	4841	5656	4313	4461
ENSG00000153406	725	867	730	797
ENSG00000153443	1020	942	823	821
ENSG00000153485	452	466	325	379
ENSG00000153487	1180	1258	1196	1032
ENSG00000153495	0	1	1	0
ENSG00000153531	19	15	4	11
ENSG00000153551	1943	2559	1739	2353
ENSG00000153558	0	1	0	0
ENSG00000153560	7813	8263	6548	6518
ENSG00000153561	2830	2945	2315	2171
ENSG00000153563	23	22	10	5
ENSG00000153574	3096	3290	2559	2536
ENSG00000153684	7	0	0	0
ENSG00000153714	10	4	0	2
ENSG00000153721	101	74	25	35
ENSG00000153767	1180	1223	1067	983
ENSG00000153774	1734	1785	1577	1409
ENSG00000153786	1788	1946	1544	1577
ENSG00000153790	245	245	201	205
ENSG00000153814	38	87	12	63
ENSG00000153815	2225	2145	2046	2458
ENSG00000153822	3	0	4	0
ENSG00000153827	14414	13855	11767	10807
ENSG00000153832	36	20	32	29
ENSG00000153879	3073	3573	2809	2716
ENSG00000153885	482	383	510	94
ENSG00000153896	48	38	31	41
ENSG00000153898	927	923	1204	601
ENSG00000153902	0	2	0	1
ENSG00000153904	2	0	0	2
ENSG00000153914	2536	3331	2744	2373
ENSG00000153922	3607	3997	3333	2917
ENSG00000153933	1107	1488	1053	997
ENSG00000153936	1510	1693	1435	1369
ENSG00000153944	3582	2879	3290	2396
ENSG00000153956	0	2	0	0
ENSG00000153975	546	695	491	544
ENSG00000153976	27	13	22	14
ENSG00000153982	75	102	37	82
ENSG00000153989	5880	6618	5273	5421
ENSG00000153993	0	0	0	0
ENSG00000154001	3127	3004	2879	2638
ENSG00000154016	396	486	329	508
ENSG00000154025	2	1	1	0
ENSG00000154040	10	12	5	15
ENSG00000154059	258	160	228	54
ENSG00000154079	397	454	338	457
ENSG00000154096	4	12	17	1
ENSG00000154099	0	4	0	1
ENSG00000154102	9	7	3	5
ENSG00000154114	584	632	568	447
ENSG00000154122	4283	5037	3718	4394
ENSG00000154124	2761	3121	2541	2622
ENSG00000154127	1270	1375	1444	997
ENSG00000154134	74	65	86	56
ENSG00000154144	1423	1756	1192	1433
ENSG00000154146	177	157	171	155
ENSG00000154153	4	45	10	51
ENSG00000154165	6462	5423	6290	5132
ENSG00000154174	8986	9168	8305	6038
ENSG00000154175	6	1	1	3
ENSG00000154217	1113	961	1158	713
ENSG00000154222	1894	1918	1551	1681
ENSG00000154229	2560	3481	2386	3223
ENSG00000154237	2	0	0	0
ENSG00000154240	363	316	241	182
ENSG00000154252	0	0	0	1
ENSG00000154265	79	154	50	114
ENSG00000154269	0	3	1	1
ENSG00000154305	2445	2526	2060	2063
ENSG00000154309	50	57	62	36
ENSG00000154310	3285	3710	2974	2969
ENSG00000154316	0	0	1	0
ENSG00000154319	151	169	145	132
ENSG00000154328	562	634	460	506
ENSG00000154330	1	0	0	2
ENSG00000154358	244	146	191	88
ENSG00000154359	672	893	632	728
ENSG00000154370	2201	2373	2227	1929
ENSG00000154380	2	0	2	4
ENSG00000154429	356	447	372	447
ENSG00000154447	37	101	23	77
ENSG00000154451	6750	8890	7294	8586
ENSG00000154473	6516	6570	6039	5018
ENSG00000154511	754	687	757	529
ENSG00000154518	11141	11581	9512	9392
ENSG00000154537	15	18	2	18
ENSG00000154545	24	12	1	0
ENSG00000154548	1	0	0	0
ENSG00000154556	0	1	0	0
ENSG00000154582	2662	3187	2362	2556
ENSG00000154589	103	92	78	91
ENSG00000154608	24	17	22	17
ENSG00000154620	33	19	27	8
ENSG00000154639	140	138	48	59
ENSG00000154640	2240	3073	2040	3036
ENSG00000154642	3680	3235	3170	2372
ENSG00000154645	54	34	37	27
ENSG00000154654	17	76	9	18
ENSG00000154655	88	111	68	56
ENSG00000154710	1327	1419	1291	1116
ENSG00000154719	1354	1469	1148	1258
ENSG00000154721	139	27	80	57
ENSG00000154723	3179	3256	2811	2890
ENSG00000154727	2300	2400	1965	1985
ENSG00000154734	71	246	111	89
ENSG00000154736	31	0	18	15
ENSG00000154743	1347	1367	1174	1028
ENSG00000154760	1449	1521	1395	1230
ENSG00000154764	2	0	0	0
ENSG00000154767	4686	5308	3569	4450
ENSG00000154781	1250	1259	1124	994
ENSG00000154783	0	1	0	0
ENSG00000154803	824	715	737	629
ENSG00000154813	1677	2150	1491	2016
ENSG00000154814	1025	1426	886	1088
ENSG00000154822	1943	2499	1788	2337
ENSG00000154832	2556	2996	2542	2157
ENSG00000154839	1213	1248	1163	1014
ENSG00000154845	2221	2385	1972	1739
ENSG00000154864	0	15	0	2
ENSG00000154874	81	186	95	89
ENSG00000154889	533	732	467	529
ENSG00000154898	0	7	0	3
ENSG00000154914	15	3	5	1
ENSG00000154917	6	8	4	4
ENSG00000154920	486	543	435	426
ENSG00000154928	43	187	11	87
ENSG00000154930	2357	2760	2262	2017
ENSG00000154945	3367	3729	2958	2777
ENSG00000154957	306	370	377	297
ENSG00000154975	0	0	0	0
ENSG00000154978	8161	7438	7539	5971
ENSG00000155008	1283	1860	1033	1776
ENSG00000155011	15	1	5	1
ENSG00000155016	89	39	78	54
ENSG00000155026	5	0	0	2
ENSG00000155034	421	485	420	332
ENSG00000155052	0	0	0	0
ENSG00000155066	0	1	0	1
ENSG00000155085	146	140	139	113
ENSG00000155087	1	5	3	4
ENSG00000155090	1450	1236	1256	1251
ENSG00000155093	437	262	334	301
ENSG00000155096	8478	8773	7166	6941
ENSG00000155097	1363	1410	1131	1245
ENSG00000155099	385	472	260	454
ENSG00000155100	1405	1612	1184	1270
ENSG00000155111	1196	1387	1219	1569
ENSG00000155115	2740	3012	2102	2407
ENSG00000155158	524	466	419	300
ENSG00000155189	2568	2780	2500	1948
ENSG00000155229	3433	3051	2995	2368
ENSG00000155252	2292	2217	1867	2087
ENSG00000155254	335	294	279	242
ENSG00000155256	1127	1459	946	1313
ENSG00000155265	350	750	399	636
ENSG00000155269	9	7	12	11
ENSG00000155275	565	621	550	493
ENSG00000155287	600	720	583	529
ENSG00000155304	2838	2953	2434	2263
ENSG00000155307	3113	2223	2550	1732
ENSG00000155313	2013	2242	1982	1649
ENSG00000155324	359	364	318	289
ENSG00000155329	830	726	670	570
ENSG00000155330	1393	1261	1203	1028
ENSG00000155363	1409	1828	1361	1806
ENSG00000155366	6239	6176	5005	6031
ENSG00000155367	3	0	11	6
ENSG00000155368	7951	8331	7232	6728
ENSG00000155380	10257	10664	9465	8237
ENSG00000155393	1833	2274	1558	1561
ENSG00000155428	0	4	2	0
ENSG00000155438	2748	3128	2540	2198
ENSG00000155463	5165	4956	4645	4420
ENSG00000155465	9	19	3	26
ENSG00000155506	15997	17971	14451	13522
ENSG00000155508	2686	2629	2393	2130
ENSG00000155530	3	3	0	0
ENSG00000155542	165	213	140	163
ENSG00000155545	678	923	588	691
ENSG00000155561	6213	7212	5866	5600
ENSG00000155592	419	442	327	301
ENSG00000155621	552	462	433	364
ENSG00000155629	82	122	74	75
ENSG00000155636	482	593	458	485
ENSG00000155657	476	412	466	256
ENSG00000155659	0	0	0	0
ENSG00000155660	11057	12325	9521	11111
ENSG00000155666	293	312	291	256
ENSG00000155719	164	168	165	169
ENSG00000155729	849	952	809	819
ENSG00000155744	993	939	955	797
ENSG00000155749	2	14	6	0
ENSG00000155755	800	1000	727	899
ENSG00000155760	384	183	259	83
ENSG00000155792	20	33	21	14
ENSG00000155827	2226	2400	1955	2031
ENSG00000155846	842	931	817	724
ENSG00000155849	7716	6206	6375	4357
ENSG00000155850	1242	1045	1122	819
ENSG00000155858	507	557	517	447
ENSG00000155868	429	393	374	310
ENSG00000155875	0	0	1	2
ENSG00000155876	2559	2579	2207	2253
ENSG00000155893	1660	959	1229	817
ENSG00000155903	1734	1898	1882	1394
ENSG00000155906	885	898	668	748
ENSG00000155918	0	0	0	0
ENSG00000155926	5851	5457	4848	4066
ENSG00000155957	1630	1659	1600	1407
ENSG00000155959	3274	5438	2618	5250
ENSG00000155961	1846	2695	1436	2575
ENSG00000155962	0	2	3	2
ENSG00000155966	24	9	52	29
ENSG00000155970	0	0	0	0
ENSG00000155975	1232	1518	1077	1331
ENSG00000155980	389	235	150	225
ENSG00000156009	0	1	0	0
ENSG00000156011	46	15	32	3
ENSG00000156017	1980	2100	1581	1705
ENSG00000156026	706	877	648	786
ENSG00000156030	1248	1571	1454	1213
ENSG00000156042	6	10	4	16
ENSG00000156050	113	84	63	53
ENSG00000156052	1563	2367	1404	2400
ENSG00000156076	0	0	1	1
ENSG00000156097	0	0	1	0
ENSG00000156103	1	34	1	0
ENSG00000156110	1888	2120	1715	1609
ENSG00000156113	2	12	3	10
ENSG00000156127	4543	5245	3614	4464
ENSG00000156136	2877	3125	2821	2654
ENSG00000156162	322	311	243	239
ENSG00000156170	324	443	269	330
ENSG00000156171	896	945	676	908
ENSG00000156172	143	114	121	77
ENSG00000156194	0	1	1	0
ENSG00000156206	2	6	2	12
ENSG00000156218	0	2	0	0
ENSG00000156219	0	2	0	3
ENSG00000156222	0	0	0	0
ENSG00000156232	402	481	394	378
ENSG00000156234	5	0	1	0
ENSG00000156239	259	391	275	280
ENSG00000156253	847	757	710	607
ENSG00000156256	2707	3193	2524	2463
ENSG00000156261	18283	21236	16212	16487
ENSG00000156265	160	143	114	125
ENSG00000156269	0	0	0	0
ENSG00000156273	741	689	622	581
ENSG00000156298	2	0	0	1
ENSG00000156299	742	190	421	76
ENSG00000156304	3040	3363	2621	2574
ENSG00000156313	381	563	293	420
ENSG00000156345	18	33	16	32
ENSG00000156374	641	830	601	701
ENSG00000156381	513	524	472	421
ENSG00000156384	334	328	322	311
ENSG00000156395	4	9	0	14
ENSG00000156398	1049	998	851	819
ENSG00000156411	1842	2225	1803	1830
ENSG00000156413	0	0	2	0
ENSG00000156414	1	0	0	0
ENSG00000156427	0	0	0	0
ENSG00000156453	0	0	0	0
ENSG00000156463	59	196	29	127
ENSG00000156466	0	0	1	2
ENSG00000156467	4817	5706	4440	4654
ENSG00000156469	707	834	543	562
ENSG00000156471	5949	6534	5294	4736
ENSG00000156475	50	134	99	152
ENSG00000156482	21157	20102	18691	15409
ENSG00000156500	209	297	168	281
ENSG00000156502	1444	1497	1319	1140
ENSG00000156504	2563	4284	2155	4362
ENSG00000156508	680824	568288	593088	433687
ENSG00000156509	66	61	70	58
ENSG00000156510	0	5	7	9
ENSG00000156515	16759	16036	14426	13757
ENSG00000156521	1505	1583	1320	1263
ENSG00000156531	2202	3100	1739	2687
ENSG00000156535	2918	2947	2310	1882
ENSG00000156574	1	0	0	1
ENSG00000156587	5785	5759	4388	5483
ENSG00000156599	5719	5751	4907	4842
ENSG00000156603	628	566	562	447
ENSG00000156639	3616	3068	2995	2733
ENSG00000156642	2030	1922	1656	1787
ENSG00000156650	2250	1837	2191	1460
ENSG00000156671	720	837	533	773
ENSG00000156675	15368	16378	12954	13274
ENSG00000156689	1	0	0	0
ENSG00000156697	2818	4111	2225	3467
ENSG00000156709	3807	6220	2906	5682
ENSG00000156711	4668	4189	3986	3590
ENSG00000156735	1079	1113	1042	873
ENSG00000156738	0	1	0	0
ENSG00000156787	512	698	518	569
ENSG00000156795	592	706	548	668
ENSG00000156802	5365	6234	5311	5118
ENSG00000156804	473	524	353	572
ENSG00000156831	1158	1166	930	1101
ENSG00000156853	797	809	824	596
ENSG00000156858	2359	2387	2054	2031
ENSG00000156860	12075	10353	10455	8028
ENSG00000156869	43	20	29	15
ENSG00000156873	1094	1117	878	1040
ENSG00000156875	2902	2938	2745	2320
ENSG00000156876	631	672	674	443
ENSG00000156886	0	3	0	0
ENSG00000156920	1	2	0	0
ENSG00000156928	814	1023	783	759
ENSG00000156931	1842	1928	1474	1414
ENSG00000156958	1021	1212	904	1023
ENSG00000156959	3	0	1	0
ENSG00000156966	21	53	8	32
ENSG00000156968	0	1	0	0
ENSG00000156970	3044	3233	3130	2201
ENSG00000156973	1201	1148	948	913
ENSG00000156976	15871	16228	14926	13729
ENSG00000156983	3203	2812	3062	2182
ENSG00000156990	2603	2689	2288	2223
ENSG00000157014	5827	6080	5314	4907
ENSG00000157017	0	2	5	0
ENSG00000157020	6325	6919	5194	5603
ENSG00000157021	13	17	4	5
ENSG00000157036	811	914	745	596
ENSG00000157045	1205	1098	1124	928
ENSG00000157064	4	5	2	1
ENSG00000157077	1	10	1	12
ENSG00000157087	0	1	0	11
ENSG00000157106	5737	6482	5599	4949
ENSG00000157107	21	25	8	41
ENSG00000157110	4445	3132	4088	2136
ENSG00000157150	0	0	0	0
ENSG00000157152	25	15	22	14
ENSG00000157181	683	776	655	615
ENSG00000157184	1388	1703	1172	1350
ENSG00000157191	7063	6528	5636	5928
ENSG00000157193	3041	3737	2694	2929
ENSG00000157212	1538	1926	1359	1410
ENSG00000157216	4134	3615	3221	3274
ENSG00000157224	159	243	132	216
ENSG00000157227	8	13	8	20
ENSG00000157240	1	5	2	11
ENSG00000157259	985	1082	893	976
ENSG00000157303	539	310	442	247
ENSG00000157306	34	46	24	22
ENSG00000157315	6	1	0	7
ENSG00000157322	1	4	0	0
ENSG00000157326	1267	1324	1121	1143
ENSG00000157335	0	0	5	2
ENSG00000157343	0	1	0	0
ENSG00000157349	1785	1787	1753	1431
ENSG00000157350	2628	2060	2165	1863
ENSG00000157353	587	629	557	573
ENSG00000157368	0	0	0	0
ENSG00000157379	247	259	153	239
ENSG00000157388	970	1414	687	1838
ENSG00000157404	0	5	0	1
ENSG00000157426	476	490	471	388
ENSG00000157429	72	46	52	32
ENSG00000157450	1304	1366	1258	1222
ENSG00000157456	2991	3057	2828	2466
ENSG00000157470	19	58	23	49
ENSG00000157483	704	2316	576	2840
ENSG00000157500	4017	4363	3687	3667
ENSG00000157510	0	0	1	0
ENSG00000157514	919	1646	743	2058
ENSG00000157538	2493	2959	2320	2465
ENSG00000157540	1601	1630	1598	1365
ENSG00000157557	2023	2173	1864	1670
ENSG00000157570	2005	1658	1245	1702
ENSG00000157578	3	8	5	4
ENSG00000157593	2069	2243	1731	1943
ENSG00000157600	1787	2253	1518	2095
ENSG00000157601	695	795	456	909
ENSG00000157613	3	1	1	2
ENSG00000157617	83	100	57	69
ENSG00000157625	2234	3343	1833	3528
ENSG00000157637	4419	4625	4332	3848
ENSG00000157653	7	8	7	7
ENSG00000157657	4	5	5	15
ENSG00000157680	35	104	22	137
ENSG00000157693	459	453	402	199
ENSG00000157734	15	26	22	12
ENSG00000157741	470	665	586	489
ENSG00000157764	1407	1348	1227	1218
ENSG00000157778	1088	1221	1036	1004
ENSG00000157782	1	5	5	299
ENSG00000157796	182	241	136	197
ENSG00000157800	1308	1511	1023	1326
ENSG00000157823	1307	1267	930	1213
ENSG00000157827	15	6	15	13
ENSG00000157833	27	15	58	10
ENSG00000157837	1264	1013	1101	885
ENSG00000157856	4	0	0	0
ENSG00000157869	687	782	599	592
ENSG00000157870	1491	1218	1215	1071
ENSG00000157873	2731	2773	2477	2346
ENSG00000157881	1161	1181	1042	948
ENSG00000157890	0	0	0	1
ENSG00000157895	1458	1521	1421	1133
ENSG00000157911	906	993	760	761
ENSG00000157916	3901	4275	3320	3661
ENSG00000157927	1	1	0	0
ENSG00000157933	2595	2379	2322	1917
ENSG00000157954	2399	2167	2124	2005
ENSG00000157978	160	260	137	280
ENSG00000157985	9	3	2	0
ENSG00000157992	5	22	5	18
ENSG00000157999	1	6	1	2
ENSG00000158006	444	487	415	466
ENSG00000158008	0	0	0	0
ENSG00000158019	1527	1643	1399	1850
ENSG00000158022	0	0	0	0
ENSG00000158023	10	7	4	2
ENSG00000158042	2965	3356	2549	2871
ENSG00000158050	4360	3154	3921	2596
ENSG00000158055	9	74	1	202
ENSG00000158062	228	297	249	230
ENSG00000158077	23	13	10	7
ENSG00000158079	194	202	230	158
ENSG00000158089	5	0	4	0
ENSG00000158092	1583	1580	1413	1192
ENSG00000158106	41	35	52	33
ENSG00000158109	1423	1158	1139	1007
ENSG00000158113	0	0	0	0
ENSG00000158122	709	807	609	557
ENSG00000158125	699	1133	559	930
ENSG00000158156	333	330	276	281
ENSG00000158158	529	662	473	569
ENSG00000158161	2513	2171	2219	1661
ENSG00000158163	4	5	8	0
ENSG00000158169	556	547	517	501
ENSG00000158186	979	379	659	629
ENSG00000158195	8930	8387	8105	7367
ENSG00000158201	1150	1101	1059	852
ENSG00000158220	2	11	6	15
ENSG00000158234	376	422	249	323
ENSG00000158258	42	2	9	3
ENSG00000158270	0	0	1	0
ENSG00000158286	108	201	155	130
ENSG00000158290	2443	3641	2197	3569
ENSG00000158292	434	223	263	178
ENSG00000158321	3	2	0	0
ENSG00000158373	148	190	98	215
ENSG00000158402	283	287	318	206
ENSG00000158406	71	61	45	63
ENSG00000158411	742	1036	743	759
ENSG00000158417	8550	11179	8945	8302
ENSG00000158423	30	32	31	28
ENSG00000158427	156	234	119	172
ENSG00000158435	3192	3355	2973	2624
ENSG00000158457	2089	1697	1774	1324
ENSG00000158458	0	21	3	0
ENSG00000158467	3750	3004	2146	1932
ENSG00000158470	3855	3939	3529	3423
ENSG00000158480	846	776	687	636
ENSG00000158482	2	3	0	0
ENSG00000158483	566	487	464	334
ENSG00000158486	3	13	1	17
ENSG00000158497	14	9	9	9
ENSG00000158517	39	58	8	84
ENSG00000158526	2601	3507	2086	3450
ENSG00000158545	5063	5401	4489	4082
ENSG00000158552	706	729	653	683
ENSG00000158553	0	1	0	0
ENSG00000158555	2017	2249	1509	2078
ENSG00000158571	7	11	9	6
ENSG00000158604	2406	2542	2223	2314
ENSG00000158615	4305	4932	4275	3731
ENSG00000158623	1238	1423	1197	1095
ENSG00000158636	1215	1211	1269	920
ENSG00000158639	22	33	7	36
ENSG00000158669	4307	4716	3942	4274
ENSG00000158683	0	5	0	1
ENSG00000158691	139	105	138	35
ENSG00000158710	39438	44358	35154	42134
ENSG00000158711	3332	3570	3132	2749
ENSG00000158714	12	19	16	25
ENSG00000158715	20	33	22	22
ENSG00000158716	793	757	782	735
ENSG00000158717	1453	1795	1386	1830
ENSG00000158747	1660	1093	1454	651
ENSG00000158769	533	919	478	892
ENSG00000158773	1342	1584	1195	1449
ENSG00000158786	2	9	1	0
ENSG00000158792	507	439	388	346
ENSG00000158793	863	914	723	821
ENSG00000158796	1608	1623	1361	1432
ENSG00000158805	1040	1260	901	792
ENSG00000158806	20	17	19	11
ENSG00000158813	0	0	0	3
ENSG00000158815	0	0	0	0
ENSG00000158816	0	6	0	0
ENSG00000158825	66	19	33	5
ENSG00000158828	888	866	634	931
ENSG00000158850	1815	2115	1723	1820
ENSG00000158856	633	777	630	1060
ENSG00000158859	20	12	10	13
ENSG00000158863	1163	1225	1007	1107
ENSG00000158864	5024	4864	4141	4387
ENSG00000158865	0	0	0	0
ENSG00000158869	1	4	4	4
ENSG00000158882	1278	1303	1221	1030
ENSG00000158887	56	66	37	88
ENSG00000158941	8136	7336	7139	5898
ENSG00000158966	8	3	2	0
ENSG00000158985	7208	7277	6840	6146
ENSG00000158987	2207	1844	1879	1486
ENSG00000159023	2755	2736	2479	2054
ENSG00000159055	1239	1159	1030	858
ENSG00000159063	1478	1487	1357	1265
ENSG00000159069	5267	5193	5037	4585
ENSG00000159079	2118	2170	1815	1702
ENSG00000159082	646	760	656	633
ENSG00000159086	1121	1491	1065	1020
ENSG00000159110	1696	2079	1620	1657
ENSG00000159111	2108	1922	1915	1509
ENSG00000159128	46	112	27	148
ENSG00000159131	9607	9776	8006	7174
ENSG00000159140	15696	17518	16864	13951
ENSG00000159147	979	1245	948	1048
ENSG00000159164	2712	2308	2789	1931
ENSG00000159167	109	802	19	106
ENSG00000159173	0	0	1	0
ENSG00000159176	4483	5426	4146	4889
ENSG00000159184	0	6	0	6
ENSG00000159197	0	4	2	2
ENSG00000159199	2165	2316	1882	1990
ENSG00000159200	523	708	499	615
ENSG00000159202	5310	5063	4414	4546
ENSG00000159208	3	13	3	11
ENSG00000159210	2398	2411	1852	2024
ENSG00000159212	94	178	17	363
ENSG00000159214	116	66	61	50
ENSG00000159216	1656	1682	1371	1642
ENSG00000159217	2	2	0	7
ENSG00000159228	3681	4037	2971	3391
ENSG00000159231	1551	1242	1451	990
ENSG00000159239	0	3	0	0
ENSG00000159247	1	6	0	5
ENSG00000159256	1597	1598	1405	1430
ENSG00000159259	1345	1880	1432	1532
ENSG00000159261	0	0	0	0
ENSG00000159267	779	841	739	702
ENSG00000159289	0	0	0	0
ENSG00000159307	31	119	44	131
ENSG00000159314	1596	1989	1663	1726
ENSG00000159322	2438	2739	2306	2218
ENSG00000159335	3477	4179	3811	4339
ENSG00000159339	7	19	5	28
ENSG00000159346	3696	4072	3330	3744
ENSG00000159348	453	423	416	459
ENSG00000159352	7014	7414	5978	6186
ENSG00000159363	3275	3577	3119	3146
ENSG00000159374	2	0	0	3
ENSG00000159377	8723	9274	7838	8294
ENSG00000159387	0	0	1	0
ENSG00000159388	8404	6666	7750	6175
ENSG00000159399	6942	7416	6267	5759
ENSG00000159403	116	109	89	82
ENSG00000159409	0	0	0	0
ENSG00000159423	274	224	230	224
ENSG00000159433	340	417	283	366
ENSG00000159445	558	816	498	754
ENSG00000159450	4	8	5	12
ENSG00000159459	2231	2287	1946	2002
ENSG00000159461	6258	7650	5009	7338
ENSG00000159479	1812	1816	1543	1540
ENSG00000159496	95	70	106	22
ENSG00000159527	6	1	2	0
ENSG00000159556	198	244	167	219
ENSG00000159579	1445	1483	1272	1185
ENSG00000159588	7	13	9	17
ENSG00000159592	4399	4269	4132	3301
ENSG00000159593	2677	3588	2333	2584
ENSG00000159596	1006	1079	867	834
ENSG00000159618	1590	1482	1739	1583
ENSG00000159640	6	33	5	30
ENSG00000159648	0	2	1	1
ENSG00000159658	5029	4514	4502	3888
ENSG00000159674	453	691	397	533
ENSG00000159685	507	631	383	550
ENSG00000159692	6990	7530	6410	6052
ENSG00000159708	0	0	0	0
ENSG00000159712	0	1	0	3
ENSG00000159713	0	0	0	0
ENSG00000159714	41	70	26	67
ENSG00000159720	2601	2699	2147	2541
ENSG00000159733	1666	1539	1356	1149
ENSG00000159753	4091	3424	3707	2259
ENSG00000159761	67	109	89	59
ENSG00000159784	245	213	268	194
ENSG00000159788	131	200	148	136
ENSG00000159792	1234	1026	966	1025
ENSG00000159840	7203	8368	6533	6898
ENSG00000159842	3516	3944	3237	3748
ENSG00000159860	104	65	110	56
ENSG00000159871	0	0	0	3
ENSG00000159873	1769	1751	1626	1460
ENSG00000159882	127	94	97	97
ENSG00000159884	685	730	590	591
ENSG00000159885	45	33	51	49
ENSG00000159899	101	189	91	120
ENSG00000159904	8	5	3	0
ENSG00000159905	7	7	11	4
ENSG00000159915	6	5	3	1
ENSG00000159917	163	150	141	98
ENSG00000159921	1951	2163	1768	1989
ENSG00000159958	17	8	10	10
ENSG00000160007	4848	4993	4442	4453
ENSG00000160013	1169	805	1228	610
ENSG00000160014	32568	30112	28481	25048
ENSG00000160049	3421	4121	3093	3044
ENSG00000160050	825	771	776	681
ENSG00000160051	127	131	104	141
ENSG00000160055	105	120	124	105
ENSG00000160058	1876	1987	1695	1633
ENSG00000160062	55	52	44	69
ENSG00000160072	2091	3351	1840	2797
ENSG00000160075	4330	4600	3969	3828
ENSG00000160087	2755	2927	2516	2303
ENSG00000160094	792	636	621	541
ENSG00000160111	4	5	12	6
ENSG00000160113	891	914	716	757
ENSG00000160117	1666	2054	1426	1132
ENSG00000160124	1338	1242	1087	849
ENSG00000160131	1774	2986	1640	2868
ENSG00000160145	1	2	0	0
ENSG00000160161	6	3	1	7
ENSG00000160172	264	293	244	151
ENSG00000160179	1283	1398	1023	1606
ENSG00000160180	4	0	7	2
ENSG00000160181	0	0	0	1
ENSG00000160182	0	0	0	0
ENSG00000160183	1177	729	1018	486
ENSG00000160185	1978	1816	2050	1834
ENSG00000160188	7	14	15	22
ENSG00000160190	4012	3774	4332	3144
ENSG00000160191	2723	2605	2706	2014
ENSG00000160193	1384	1562	1183	1076
ENSG00000160194	946	1187	910	1022
ENSG00000160199	966	1185	966	1034
ENSG00000160200	481	555	380	490
ENSG00000160201	3004	3218	2904	2133
ENSG00000160202	0	0	0	0
ENSG00000160207	9	19	20	9
ENSG00000160208	6458	6673	5758	4791
ENSG00000160209	3940	3947	3562	3254
ENSG00000160211	7792	10514	6366	11545
ENSG00000160213	4221	4219	3716	3222
ENSG00000160214	3246	3493	2897	2681
ENSG00000160216	9319	10503	8221	8360
ENSG00000160218	3579	3383	3112	2817
ENSG00000160219	597	759	543	635
ENSG00000160221	2537	2533	2243	1995
ENSG00000160223	373	824	403	756
ENSG00000160224	7	10	3	6
ENSG00000160226	507	607	494	593
ENSG00000160229	17	25	6	33
ENSG00000160233	117	61	116	69
ENSG00000160255	31021	27604	32696	28090
ENSG00000160256	1946	2144	1685	1804
ENSG00000160271	5500	6892	5250	6992
ENSG00000160284	992	988	873	921
ENSG00000160285	3657	4647	3346	3774
ENSG00000160293	333	222	321	105
ENSG00000160294	5542	5986	5031	4769
ENSG00000160298	294	387	309	257
ENSG00000160299	3400	3567	3755	2880
ENSG00000160305	1108	1160	966	906
ENSG00000160310	3298	2823	2810	2276
ENSG00000160318	34	34	28	42
ENSG00000160321	0	0	0	1
ENSG00000160323	72	27	55	12
ENSG00000160325	163	54	128	60
ENSG00000160326	1596	1391	1308	1023
ENSG00000160336	376	437	360	348
ENSG00000160345	16	14	15	6
ENSG00000160349	2	0	0	1
ENSG00000160352	561	637	514	380
ENSG00000160360	771	730	661	576
ENSG00000160392	778	1000	780	778
ENSG00000160396	0	0	0	0
ENSG00000160401	0	0	0	1
ENSG00000160404	776	844	799	705
ENSG00000160408	1434	1480	1194	1588
ENSG00000160410	5587	4917	4883	4504
ENSG00000160439	449	611	413	510
ENSG00000160445	2225	1850	1799	1695
ENSG00000160446	1788	1592	1645	1669
ENSG00000160447	396	496	328	436
ENSG00000160460	8	15	11	21
ENSG00000160469	97	102	104	67
ENSG00000160471	3	1	2	2
ENSG00000160551	2963	3721	2900	3139
ENSG00000160563	1078	1265	1063	980
ENSG00000160570	1292	1469	1230	1353
ENSG00000160584	1970	1594	1626	1138
ENSG00000160588	1201	760	1071	510
ENSG00000160593	4343	1963	3503	1174
ENSG00000160602	74	114	88	107
ENSG00000160606	45	57	43	40
ENSG00000160613	4061	3554	3675	2767
ENSG00000160633	9955	9832	9004	7321
ENSG00000160654	3686	2307	2465	1823
ENSG00000160679	5393	5467	4627	4315
ENSG00000160683	2	0	0	0
ENSG00000160685	2487	2210	2046	2444
ENSG00000160688	1548	1752	1388	1480
ENSG00000160691	1944	2007	1829	1566
ENSG00000160695	1364	1283	1173	1154
ENSG00000160703	1337	1376	1149	1191
ENSG00000160710	20188	19139	16976	14978
ENSG00000160712	984	380	915	263
ENSG00000160714	3731	3958	3624	3100
ENSG00000160716	0	0	0	0
ENSG00000160741	2275	2344	2099	2046
ENSG00000160746	1373	1474	1119	1438
ENSG00000160752	13824	13417	12358	10673
ENSG00000160753	613	841	605	637
ENSG00000160766	74	124	72	99
ENSG00000160767	2312	2302	2011	1803
ENSG00000160781	40	86	66	67
ENSG00000160783	1820	1651	1780	1436
ENSG00000160785	2118	2012	1793	1573
ENSG00000160789	17499	17444	13642	16048
ENSG00000160791	4539	2971	5167	3385
ENSG00000160796	7241	8502	7292	7382
ENSG00000160799	3159	3014	2752	2250
ENSG00000160801	0	0	0	0
ENSG00000160803	5030	5408	4216	4764
ENSG00000160813	1275	1456	1174	1035
ENSG00000160818	3662	4333	3423	3120
ENSG00000160856	0	0	0	0
ENSG00000160867	12	12	8	9
ENSG00000160877	8468	8313	7201	6570
ENSG00000160883	2	0	1	0
ENSG00000160888	7055	6331	6434	5360
ENSG00000160908	1167	1006	1026	872
ENSG00000160917	1753	1938	1561	1537
ENSG00000160932	6177	6025	5777	5907
ENSG00000160948	2638	2691	2447	2374
ENSG00000160949	1846	2028	1916	1463
ENSG00000160951	13	0	18	1
ENSG00000160953	1598	1772	1389	1375
ENSG00000160957	1429	1656	1564	1272
ENSG00000160959	1337	1437	1196	1143
ENSG00000160961	175	259	248	199
ENSG00000160963	50	64	35	48
ENSG00000160972	802	865	607	663
ENSG00000160973	0	1	0	0
ENSG00000160991	3857	3087	3478	2586
ENSG00000160993	532	508	489	389
ENSG00000160999	70	98	64	85
ENSG00000161010	253	251	173	178
ENSG00000161011	9337	10299	8612	9145
ENSG00000161013	4086	4180	3638	3273
ENSG00000161016	74992	72441	64733	58554
ENSG00000161021	2610	2597	2198	2044
ENSG00000161031	5	4	0	0
ENSG00000161036	1006	1259	937	1025
ENSG00000161040	9	9	3	2
ENSG00000161048	246	279	229	172
ENSG00000161057	4855	5706	4456	4862
ENSG00000161082	9	2	5	5
ENSG00000161091	1777	1504	1471	1446
ENSG00000161133	0	2	1	3
ENSG00000161149	12	3	17	7
ENSG00000161179	1758	1911	1689	1622
ENSG00000161180	2	2	3	2
ENSG00000161202	5402	5463	4764	4380
ENSG00000161203	18325	18192	14803	16276
ENSG00000161204	3124	2909	2629	2467
ENSG00000161217	3954	5221	3526	4850
ENSG00000161243	113	156	83	367
ENSG00000161249	2	1	1	4
ENSG00000161265	283	282	283	241
ENSG00000161267	3061	3737	2731	2999
ENSG00000161270	1	0	0	0
ENSG00000161277	97	77	110	91
ENSG00000161298	194	168	164	88
ENSG00000161328	82	54	34	40
ENSG00000161381	5	2	4	4
ENSG00000161395	560	484	539	506
ENSG00000161405	2534	2802	1915	1655
ENSG00000161509	0	5	0	0
ENSG00000161513	1053	1414	851	1529
ENSG00000161526	2123	2285	1959	1811
ENSG00000161533	1967	2071	1557	1802
ENSG00000161542	1164	1209	1103	1094
ENSG00000161544	0	6	0	1
ENSG00000161547	13664	15766	12287	12115
ENSG00000161551	35	67	40	39
ENSG00000161558	558	628	482	510
ENSG00000161594	0	2	0	0
ENSG00000161610	1	0	0	2
ENSG00000161618	2086	2221	1759	1998
ENSG00000161638	4570	3541	4390	3014
ENSG00000161642	50	65	31	51
ENSG00000161652	1	0	0	1
ENSG00000161653	60	56	45	57
ENSG00000161654	3836	3713	3438	2870
ENSG00000161664	1	1	1	3
ENSG00000161671	4475	3979	3860	3650
ENSG00000161677	1241	1171	1075	1097
ENSG00000161681	0	2	0	0
ENSG00000161682	5	3	7	12
ENSG00000161692	631	661	659	504
ENSG00000161714	115	175	97	247
ENSG00000161791	5784	4782	4997	4298
ENSG00000161800	3697	3510	3891	2737
ENSG00000161813	4220	4667	3514	4042
ENSG00000161835	399	118	345	34
ENSG00000161847	6021	5779	5415	4668
ENSG00000161860	47	28	42	18
ENSG00000161888	671	710	760	626
ENSG00000161896	0	0	0	0
ENSG00000161904	2063	2295	1826	2043
ENSG00000161905	0	0	0	0
ENSG00000161912	4	7	3	2
ENSG00000161914	473	435	452	411
ENSG00000161920	824	856	699	763
ENSG00000161921	139	362	132	418
ENSG00000161939	226	185	208	242
ENSG00000161940	63	18	77	17
ENSG00000161955	5	17	5	13
ENSG00000161956	4011	4109	3388	3352
ENSG00000161958	113	159	115	128
ENSG00000161960	38491	40168	33708	31086
ENSG00000161970	32084	32919	29744	26617
ENSG00000161973	0	0	1	3
ENSG00000161980	2301	2888	1969	2422
ENSG00000161981	1092	1391	1013	1198
ENSG00000161996	553	594	504	436
ENSG00000161999	2891	2689	2568	2141
ENSG00000162004	24	32	33	26
ENSG00000162032	732	669	638	574
ENSG00000162062	642	745	640	611
ENSG00000162063	2906	2561	2904	2004
ENSG00000162065	1073	1038	1048	779
ENSG00000162066	593	656	562	461
ENSG00000162068	1	0	0	0
ENSG00000162069	20	6	51	19
ENSG00000162073	2292	2436	2075	1923
ENSG00000162076	683	878	571	747
ENSG00000162078	508	635	459	1157
ENSG00000162086	365	460	298	384
ENSG00000162104	346	433	438	669
ENSG00000162105	0	0	0	0
ENSG00000162129	2317	2422	1993	2040
ENSG00000162139	857	1028	741	864
ENSG00000162144	2799	2912	2491	2672
ENSG00000162148	28	27	14	24
ENSG00000162174	82	104	99	49
ENSG00000162188	0	5	1	2
ENSG00000162191	4952	4310	4141	3508
ENSG00000162194	275	400	229	277
ENSG00000162222	887	835	651	665
ENSG00000162227	462	672	479	460
ENSG00000162231	1785	1985	1683	1587
ENSG00000162236	1657	1569	1458	1329
ENSG00000162241	672	717	618	463
ENSG00000162244	56942	57326	51658	44299
ENSG00000162267	6	12	9	5
ENSG00000162298	1653	1767	1450	1501
ENSG00000162300	813	905	788	811
ENSG00000162302	2663	2822	2502	2270
ENSG00000162337	118	233	73	171
ENSG00000162341	631	673	618	523
ENSG00000162344	0	0	0	0
ENSG00000162366	1	0	0	4
ENSG00000162367	1	5	2	5
ENSG00000162368	7839	8262	6914	7211
ENSG00000162373	0	0	0	3
ENSG00000162377	1582	1685	1314	1220
ENSG00000162378	1076	1270	912	1104
ENSG00000162384	943	1058	830	869
ENSG00000162385	2151	2277	1993	1655
ENSG00000162390	192	286	169	230
ENSG00000162391	0	1	0	2
ENSG00000162396	288	325	273	242
ENSG00000162398	136	137	148	131
ENSG00000162399	0	1	1	1
ENSG00000162402	4385	4209	4114	3633
ENSG00000162408	1118	1223	1041	882
ENSG00000162413	2007	2435	1698	1956
ENSG00000162415	2	0	1	1
ENSG00000162419	1482	1497	1415	1079
ENSG00000162426	45	36	16	35
ENSG00000162430	137	301	113	282
ENSG00000162433	7825	8081	7221	7091
ENSG00000162434	9210	8178	8530	6585
ENSG00000162437	1	3	1	1
ENSG00000162438	0	0	0	2
ENSG00000162441	743	909	742	697
ENSG00000162458	0	0	0	1
ENSG00000162461	0	12	11	13
ENSG00000162482	8	13	10	10
ENSG00000162490	44	56	28	95
ENSG00000162496	384	132	334	83
ENSG00000162510	6	4	4	7
ENSG00000162511	16166	22491	13356	26087
ENSG00000162512	22	35	12	30
ENSG00000162517	1784	1836	1708	1711
ENSG00000162520	2	10	2	5
ENSG00000162521	8269	8637	8139	7328
ENSG00000162522	1	10	3	39
ENSG00000162542	965	830	740	694
ENSG00000162543	85	103	67	122
ENSG00000162545	1438	983	1115	1012
ENSG00000162551	0	0	0	0
ENSG00000162552	11	16	3	46
ENSG00000162571	0	4	0	1
ENSG00000162572	6	16	12	8
ENSG00000162576	1	0	0	1
ENSG00000162585	1770	1579	1638	1270
ENSG00000162591	12	6	36	4
ENSG00000162594	2	5	3	10
ENSG00000162595	0	0	0	0
ENSG00000162599	0	3	0	0
ENSG00000162600	627	715	624	542
ENSG00000162601	752	1073	781	837
ENSG00000162604	440	476	377	509
ENSG00000162607	4975	6159	5047	4697
ENSG00000162613	7919	7839	6919	5640
ENSG00000162614	1	4	3	0
ENSG00000162616	182	190	164	174
ENSG00000162620	9	13	19	15
ENSG00000162623	1449	1638	1389	1316
ENSG00000162627	147	214	36	753
ENSG00000162636	2158	2316	1610	1775
ENSG00000162639	594	465	550	485
ENSG00000162642	454	602	380	441
ENSG00000162643	2	10	3	10
ENSG00000162645	7070	9343	6020	9896
ENSG00000162650	302	323	301	301
ENSG00000162654	2901	3001	2877	2681
ENSG00000162664	1023	1346	883	1059
ENSG00000162676	594	1055	788	1015
ENSG00000162687	10	2	21	1
ENSG00000162688	1449	1605	1374	1198
ENSG00000162692	192	151	95	57
ENSG00000162694	557	824	499	822
ENSG00000162695	1024	1279	1015	1110
ENSG00000162702	1276	1465	1195	1211
ENSG00000162704	16187	18248	14301	15606
ENSG00000162711	0	0	0	0
ENSG00000162714	1068	1347	923	946
ENSG00000162722	2	2	0	0
ENSG00000162729	1380	1368	1155	941
ENSG00000162733	19	25	24	4
ENSG00000162734	3577	4054	3237	3515
ENSG00000162735	4073	4174	3538	3536
ENSG00000162736	2378	2109	2200	1836
ENSG00000162738	1	0	0	1
ENSG00000162739	1251	879	1153	739
ENSG00000162746	1	3	2	2
ENSG00000162747	1	0	0	0
ENSG00000162755	43	34	32	36
ENSG00000162757	199	238	192	134
ENSG00000162769	1175	1415	972	1000
ENSG00000162772	797	1218	791	899
ENSG00000162775	972	954	987	703
ENSG00000162777	942	1730	394	2224
ENSG00000162779	2	0	2	1
ENSG00000162783	6491	7096	5758	6456
ENSG00000162804	10	7	1	0
ENSG00000162813	1424	1670	1283	1298
ENSG00000162814	1	0	1	0
ENSG00000162817	4	8	7	0
ENSG00000162819	1941	1945	1778	1609
ENSG00000162825	66	66	73	42
ENSG00000162836	227	288	194	187
ENSG00000162849	2	0	0	0
ENSG00000162851	1303	1305	1100	941
ENSG00000162852	1087	1133	946	895
ENSG00000162869	1899	1890	1659	1598
ENSG00000162881	6	18	0	11
ENSG00000162882	25	59	9	92
ENSG00000162885	432	572	430	492
ENSG00000162889	5219	5886	4480	5783
ENSG00000162891	1	0	0	0
ENSG00000162892	0	5	0	0
ENSG00000162894	202	297	180	401
ENSG00000162896	5	18	7	41
ENSG00000162897	2	1	0	17
ENSG00000162909	10712	13813	9083	13006
ENSG00000162910	799	760	698	671
ENSG00000162913	4	2	6	1
ENSG00000162923	7853	7633	6966	6083
ENSG00000162924	2105	1604	1840	1087
ENSG00000162927	422	422	402	324
ENSG00000162928	907	1136	905	948
ENSG00000162929	314	435	335	445
ENSG00000162931	3	3	2	6
ENSG00000162946	8	33	36	22
ENSG00000162959	2175	2248	1819	1794
ENSG00000162961	1644	1751	1390	1491
ENSG00000162971	499	578	449	485
ENSG00000162972	755	823	735	748
ENSG00000162975	0	0	0	0
ENSG00000162976	639	706	417	655
ENSG00000162980	3495	3940	3037	2817
ENSG00000162994	35	49	30	41
ENSG00000162997	3	17	10	1
ENSG00000162999	51	51	50	24
ENSG00000163001	685	955	670	630
ENSG00000163002	783	823	655	664
ENSG00000163006	423	389	394	265
ENSG00000163009	59	66	65	28
ENSG00000163013	1609	1883	1491	1421
ENSG00000163017	6	2	0	0
ENSG00000163026	916	1107	876	843
ENSG00000163029	2554	2790	2229	2055
ENSG00000163032	0	0	1	0
ENSG00000163040	452	526	394	433
ENSG00000163041	11007	10566	10287	9284
ENSG00000163050	1612	1620	1538	1290
ENSG00000163053	7	37	3	57
ENSG00000163060	0	0	0	0
ENSG00000163069	1786	1872	1380	1649
ENSG00000163071	2	9	0	14
ENSG00000163082	288	159	215	15
ENSG00000163083	0	0	0	1
ENSG00000163093	68	138	65	127
ENSG00000163098	0	0	0	1
ENSG00000163104	2404	2524	2071	2026
ENSG00000163110	780	699	487	668
ENSG00000163121	16	42	3	40
ENSG00000163125	2568	2443	2440	1883
ENSG00000163126	30	79	38	72
ENSG00000163131	3075	3129	2745	2991
ENSG00000163132	2	13	2	2
ENSG00000163138	221	196	159	181
ENSG00000163141	1	5	2	9
ENSG00000163145	0	0	0	0
ENSG00000163154	949	711	855	662
ENSG00000163155	51	71	54	32
ENSG00000163156	1151	1284	1027	1063
ENSG00000163157	7	6	0	7
ENSG00000163159	2072	1938	1882	1597
ENSG00000163161	2523	2912	2260	2444
ENSG00000163162	2608	2538	2062	2122
ENSG00000163166	3064	3123	2570	2452
ENSG00000163170	1263	1255	1048	972
ENSG00000163171	1262	1124	1176	826
ENSG00000163191	13172	15370	10044	14822
ENSG00000163202	0	0	1	0
ENSG00000163214	1286	1290	1125	953
ENSG00000163218	46	38	45	44
ENSG00000163219	2743	2894	2760	2506
ENSG00000163220	0	0	0	0
ENSG00000163221	0	0	0	0
ENSG00000163235	1	0	0	0
ENSG00000163239	0	0	1	0
ENSG00000163249	329	448	269	432
ENSG00000163251	53	86	40	56
ENSG00000163257	1020	1183	936	829
ENSG00000163263	0	0	3	0
ENSG00000163273	0	0	0	0
ENSG00000163281	723	900	624	872
ENSG00000163283	5	0	0	0
ENSG00000163285	0	0	0	0
ENSG00000163286	3	0	0	0
ENSG00000163291	540	656	418	439
ENSG00000163293	0	3	3	1
ENSG00000163297	8170	8501	7752	6505
ENSG00000163312	367	452	380	384
ENSG00000163319	1167	1332	1060	1055
ENSG00000163320	7296	7659	6840	6047
ENSG00000163322	400	415	428	357
ENSG00000163328	186	294	122	284
ENSG00000163344	2261	2603	1959	2205
ENSG00000163346	4896	4599	4128	5295
ENSG00000163347	2	3	0	13
ENSG00000163348	2111	2257	1909	1795
ENSG00000163349	3761	3924	3584	3605
ENSG00000163352	1	1	0	0
ENSG00000163354	0	0	0	1
ENSG00000163359	8	42	12	26
ENSG00000163362	116	57	31	57
ENSG00000163374	3310	3469	2986	3045
ENSG00000163376	771	960	586	706
ENSG00000163378	880	1065	767	834
ENSG00000163382	1731	2061	1763	2065
ENSG00000163389	1517	1453	1357	1017
ENSG00000163393	4	0	2	1
ENSG00000163395	7	0	0	0
ENSG00000163399	11989	14289	11163	11894
ENSG00000163406	30	93	44	49
ENSG00000163412	4227	4410	3844	3511
ENSG00000163421	592	496	547	286
ENSG00000163428	5285	6748	4668	5463
ENSG00000163430	5	23	8	8
ENSG00000163435	20	126	10	170
ENSG00000163444	3471	3629	3233	3093
ENSG00000163449	109	42	75	35
ENSG00000163453	2	0	1	13
ENSG00000163462	260	297	234	364
ENSG00000163463	1883	1890	1700	1574
ENSG00000163464	57	69	44	80
ENSG00000163466	37873	42891	34437	34995
ENSG00000163467	1	20	2	8
ENSG00000163468	19721	22867	17052	18021
ENSG00000163472	160	217	217	168
ENSG00000163479	6066	5658	5349	5344
ENSG00000163481	953	862	832	764
ENSG00000163482	297	333	282	239
ENSG00000163485	0	0	1	0
ENSG00000163491	16	16	23	7
ENSG00000163492	390	350	365	266
ENSG00000163499	0	1	0	0
ENSG00000163501	0	0	2	0
ENSG00000163507	2565	2873	2714	2064
ENSG00000163508	3416	1356	2605	637
ENSG00000163510	1532	1635	1426	1217
ENSG00000163512	2333	2405	1995	1837
ENSG00000163513	3148	1097	2643	802
ENSG00000163516	1788	2181	1832	1650
ENSG00000163517	152	184	83	180
ENSG00000163518	6	1	3	1
ENSG00000163519	8489	4120	7716	2072
ENSG00000163520	12	15	3	22
ENSG00000163521	93	91	89	94
ENSG00000163527	16056	16171	13838	14510
ENSG00000163528	1548	1729	1383	1305
ENSG00000163531	1	5	0	1
ENSG00000163535	1871	1870	1760	1434
ENSG00000163536	71	65	32	53
ENSG00000163539	4079	4803	3725	4085
ENSG00000163541	2961	3460	2770	2799
ENSG00000163545	9	10	14	12
ENSG00000163554	0	2	0	0
ENSG00000163558	1315	1619	1103	1521
ENSG00000163564	722	545	736	466
ENSG00000163565	10522	10149	10023	7413
ENSG00000163568	924	1347	598	1106
ENSG00000163576	0	7	1	0
ENSG00000163577	692	971	573	814
ENSG00000163584	4748	6296	4348	4253
ENSG00000163590	921	1121	264	937
ENSG00000163596	245	282	314	259
ENSG00000163597	2204	2542	2061	2048
ENSG00000163599	1064	1492	850	1708
ENSG00000163600	6771	6186	5695	4791
ENSG00000163602	3828	4155	3138	3201
ENSG00000163605	5950	5982	5363	4862
ENSG00000163606	654	498	556	424
ENSG00000163607	1039	897	937	620
ENSG00000163608	2325	2203	1967	1771
ENSG00000163611	798	716	677	616
ENSG00000163612	0	0	0	0
ENSG00000163617	76	50	48	43
ENSG00000163624	0	3	0	0
ENSG00000163625	2	7	0	0
ENSG00000163626	1056	1223	953	976
ENSG00000163629	2539	2566	1875	1522
ENSG00000163633	5	3	2	0
ENSG00000163634	3366	4014	3032	3076
ENSG00000163635	1400	1511	1298	1184
ENSG00000163636	6038	7199	5244	5531
ENSG00000163637	55	118	5	34
ENSG00000163638	0	0	0	0
ENSG00000163644	1938	2052	1742	1621
ENSG00000163645	0	0	2	3
ENSG00000163655	8070	9520	7522	7402
ENSG00000163659	1220	1271	1164	1131
ENSG00000163660	1464	2762	1795	2186
ENSG00000163661	0	0	0	0
ENSG00000163666	4	3	5	8
ENSG00000163681	3670	3985	3333	3014
ENSG00000163682	19970	20369	18913	15502
ENSG00000163683	165	120	85	118
ENSG00000163684	1594	1871	1521	1407
ENSG00000163686	545	820	409	673
ENSG00000163689	157	186	126	180
ENSG00000163694	289	1123	62	1870
ENSG00000163697	427	1566	71	2598
ENSG00000163701	8	17	11	12
ENSG00000163702	9	28	14	7
ENSG00000163703	876	757	752	711
ENSG00000163704	914	723	845	586
ENSG00000163705	0	0	0	2
ENSG00000163710	64	18	43	8
ENSG00000163714	7390	8534	7369	5765
ENSG00000163719	3876	3589	3334	3049
ENSG00000163728	616	1178	752	932
ENSG00000163734	59	64	54	12
ENSG00000163735	4	0	3	0
ENSG00000163736	0	3	0	1
ENSG00000163738	419	484	359	383
ENSG00000163739	2	0	5	0
ENSG00000163743	1254	1347	1147	966
ENSG00000163749	0	0	1	0
ENSG00000163754	3091	2929	2377	2345
ENSG00000163755	2966	3793	2832	3057
ENSG00000163781	6879	8144	6683	6262
ENSG00000163785	989	1366	940	1217
ENSG00000163788	3018	3179	3118	2745
ENSG00000163794	16	20	16	20
ENSG00000163795	378	399	384	373
ENSG00000163798	1985	2114	1785	1599
ENSG00000163803	21	13	12	25
ENSG00000163806	0	3	1	1
ENSG00000163807	2978	2934	2390	2319
ENSG00000163808	3410	3108	3372	2095
ENSG00000163810	2	0	0	0
ENSG00000163811	4800	5606	4494	4066
ENSG00000163812	3814	3872	3247	3275
ENSG00000163814	32	16	34	32
ENSG00000163815	18	60	6	85
ENSG00000163818	83	39	74	62
ENSG00000163820	1329	1669	1286	1363
ENSG00000163823	740	1403	542	1405
ENSG00000163827	2	0	0	1
ENSG00000163832	1625	1597	1502	1361
ENSG00000163833	0	0	0	0
ENSG00000163840	2834	3148	2162	2794
ENSG00000163848	3057	2935	2749	2634
ENSG00000163864	0	0	2	1
ENSG00000163866	2012	2078	1862	1709
ENSG00000163867	578	648	534	535
ENSG00000163870	1600	1741	1523	1604
ENSG00000163872	5142	4981	4603	3953
ENSG00000163873	0	0	0	0
ENSG00000163874	838	926	808	821
ENSG00000163875	2375	2015	1869	1616
ENSG00000163877	905	837	832	719
ENSG00000163882	2685	3113	2513	2476
ENSG00000163884	0	0	6	3
ENSG00000163888	79	75	67	59
ENSG00000163898	0	1	0	3
ENSG00000163900	1438	1508	1259	1260
ENSG00000163902	15316	16124	13647	14059
ENSG00000163904	2263	2860	2052	2173
ENSG00000163909	0	0	2	1
ENSG00000163913	777	925	731	793
ENSG00000163918	2719	3720	2473	2664
ENSG00000163923	870	982	819	951
ENSG00000163930	7602	7407	6472	5631
ENSG00000163931	34116	38359	29699	31802
ENSG00000163932	4359	3198	3838	3360
ENSG00000163933	2490	2551	2171	2082
ENSG00000163935	1180	1094	1161	965
ENSG00000163938	8561	10320	7637	7292
ENSG00000163939	5293	5498	5155	4238
ENSG00000163945	597	814	585	658
ENSG00000163946	5646	5576	4982	4829
ENSG00000163947	3176	3357	3085	3000
ENSG00000163950	4059	5677	3830	4721
ENSG00000163956	3853	4377	3540	4483
ENSG00000163958	0	0	0	0
ENSG00000163959	0	0	1	0
ENSG00000163960	4351	4072	3695	3391
ENSG00000163961	2954	3442	2465	2756
ENSG00000163964	2751	2886	2462	2375
ENSG00000163975	1358	641	1269	375
ENSG00000163993	0	3	1	0
ENSG00000163995	7	9	0	1
ENSG00000164002	306	139	279	128
ENSG00000164008	428	432	312	297
ENSG00000164010	294	209	211	198
ENSG00000164011	376	407	270	299
ENSG00000164022	2111	2506	1961	1826
ENSG00000164023	0	0	0	0
ENSG00000164024	3045	3263	2896	2365
ENSG00000164031	1891	2055	1740	1682
ENSG00000164032	24059	26662	21319	20540
ENSG00000164037	3	6	12	3
ENSG00000164038	1157	1210	990	815
ENSG00000164039	549	421	414	418
ENSG00000164040	1791	1932	1578	1580
ENSG00000164045	2076	2711	2043	1968
ENSG00000164048	972	1258	891	988
ENSG00000164049	0	0	0	0
ENSG00000164050	209	228	125	453
ENSG00000164051	1458	1453	1341	1227
ENSG00000164053	1160	1236	1068	992
ENSG00000164054	6850	7130	5784	6630
ENSG00000164056	608	420	581	193
ENSG00000164061	15	16	16	9
ENSG00000164062	11278	11913	9635	10014
ENSG00000164066	0	7	0	1
ENSG00000164068	2519	2318	2190	1898
ENSG00000164070	134	117	108	41
ENSG00000164073	245	426	262	391
ENSG00000164074	739	865	774	669
ENSG00000164076	0	0	2	2
ENSG00000164077	1189	1124	1007	893
ENSG00000164078	11	5	8	9
ENSG00000164080	3386	3678	3135	2936
ENSG00000164081	2982	2821	2674	2454
ENSG00000164082	1	8	4	6
ENSG00000164086	2025	2081	1822	1592
ENSG00000164087	1596	1844	1604	1555
ENSG00000164088	4349	3295	3812	2917
ENSG00000164089	0	0	0	0
ENSG00000164091	14957	13864	13111	10809
ENSG00000164093	30	92	23	25
ENSG00000164096	4385	3419	3653	3170
ENSG00000164104	17769	17122	18627	12310
ENSG00000164105	1354	1308	1021	1185
ENSG00000164109	3804	4055	3294	3020
ENSG00000164111	15888	12497	12238	9667
ENSG00000164112	1	0	0	2
ENSG00000164114	317	413	297	261
ENSG00000164117	726	705	605	652
ENSG00000164118	803	812	668	615
ENSG00000164120	2482	2688	2525	1508
ENSG00000164122	0	2	0	0
ENSG00000164124	0	4	3	15
ENSG00000164125	4	5	0	4
ENSG00000164134	6553	7667	5900	5488
ENSG00000164136	73	115	64	86
ENSG00000164144	1018	1021	825	901
ENSG00000164151	3555	3655	3174	2634
ENSG00000164161	4	0	1	1
ENSG00000164162	419	501	354	406
ENSG00000164163	7481	7938	6822	5768
ENSG00000164164	2900	3363	2882	2594
ENSG00000164167	2328	1960	1807	1350
ENSG00000164168	1517	1513	1256	1152
ENSG00000164169	537	567	521	438
ENSG00000164171	354	179	559	51
ENSG00000164172	809	636	767	572
ENSG00000164180	587	753	544	558
ENSG00000164181	2	5	2	1
ENSG00000164182	731	1071	803	771
ENSG00000164185	0	0	0	0
ENSG00000164187	923	1125	857	1087
ENSG00000164188	1	2	0	0
ENSG00000164190	4170	4254	3973	3305
ENSG00000164197	0	1	0	0
ENSG00000164199	0	0	2	0
ENSG00000164209	4063	4330	3206	3387
ENSG00000164211	12225	12601	11613	9807
ENSG00000164219	1230	1209	987	958
ENSG00000164220	1	7	1	8
ENSG00000164221	245	385	190	322
ENSG00000164236	1336	1645	1106	1538
ENSG00000164241	20	68	7	42
ENSG00000164244	2526	2617	2187	2100
ENSG00000164251	9	11	6	13
ENSG00000164252	2604	2702	2241	2069
ENSG00000164253	1602	1650	1566	1140
ENSG00000164258	1065	1082	928	899
ENSG00000164265	0	0	0	1
ENSG00000164266	0	0	0	0
ENSG00000164283	3	0	1	2
ENSG00000164284	791	1129	768	890
ENSG00000164287	4	6	4	3
ENSG00000164291	248	310	257	247
ENSG00000164292	267	241	306	149
ENSG00000164294	0	0	0	0
ENSG00000164296	177	139	174	167
ENSG00000164300	365	620	308	641
ENSG00000164303	244	175	127	52
ENSG00000164304	2	0	3	2
ENSG00000164305	12561	9678	11407	6401
ENSG00000164306	487	599	386	513
ENSG00000164307	5336	5721	4765	5065
ENSG00000164308	5992	6711	5156	6394
ENSG00000164309	3	3	1	6
ENSG00000164323	3022	3204	2794	2214
ENSG00000164327	1224	1400	1327	1206
ENSG00000164329	2026	2211	1803	1509
ENSG00000164330	2	6	2	1
ENSG00000164331	584	607	521	562
ENSG00000164332	1581	1499	1403	1328
ENSG00000164334	0	0	0	0
ENSG00000164338	1441	1347	1116	1044
ENSG00000164342	81	76	109	32
ENSG00000164344	0	0	1	0
ENSG00000164346	3721	4617	3848	3369
ENSG00000164347	1403	1629	1267	1257
ENSG00000164362	66	57	87	19
ENSG00000164366	743	750	615	667
ENSG00000164393	0	0	0	0
ENSG00000164398	20	136	34	34
ENSG00000164399	4	18	0	12
ENSG00000164400	2685	3340	2314	3413
ENSG00000164402	1234	1462	1367	1532
ENSG00000164403	210	250	182	251
ENSG00000164404	3	4	0	3
ENSG00000164405	3023	3523	2955	2829
ENSG00000164406	15	55	16	30
ENSG00000164414	517	574	401	430
ENSG00000164430	4073	4070	3457	3196
ENSG00000164434	0	1	0	0
ENSG00000164440	54	39	72	33
ENSG00000164442	4805	5101	4256	4309
ENSG00000164463	553	413	501	415
ENSG00000164465	246	344	250	408
ENSG00000164466	9788	11355	8257	8666
ENSG00000164483	1442	1332	1448	1495
ENSG00000164484	4323	4029	3750	3382
ENSG00000164488	0	0	0	1
ENSG00000164494	747	603	666	541
ENSG00000164506	1192	1194	1078	959
ENSG00000164512	206	354	211	305
ENSG00000164520	0	0	0	0
ENSG00000164530	735	657	382	461
ENSG00000164532	0	0	0	0
ENSG00000164535	602	656	533	550
ENSG00000164542	26	74	32	55
ENSG00000164543	5144	4680	4670	4129
ENSG00000164548	2447	2689	2199	2101
ENSG00000164574	2211	2552	1724	2246
ENSG00000164576	1292	1319	1069	1077
ENSG00000164587	46590	43824	41961	34586
ENSG00000164597	1728	1724	1428	1283
ENSG00000164603	794	682	693	584
ENSG00000164604	6	45	2	17
ENSG00000164609	1966	2005	1828	1674
ENSG00000164610	428	553	454	475
ENSG00000164611	3701	4073	3641	3920
ENSG00000164615	1740	1845	1509	1514
ENSG00000164619	0	0	0	0
ENSG00000164620	250	435	292	310
ENSG00000164621	0	4	0	2
ENSG00000164626	1420	1103	1349	802
ENSG00000164631	720	759	776	576
ENSG00000164638	20	7	26	6
ENSG00000164647	2	1	3	1
ENSG00000164649	5886	7296	5720	5420
ENSG00000164654	1263	1573	1266	1264
ENSG00000164659	21	5	7	0
ENSG00000164663	414	482	474	415
ENSG00000164669	81	54	49	52
ENSG00000164674	2209	2920	1837	2318
ENSG00000164675	0	0	1	0
ENSG00000164683	3	0	0	0
ENSG00000164684	44	4	6	1
ENSG00000164687	4990	6488	4289	4842
ENSG00000164690	0	6	1	0
ENSG00000164691	4355	1207	4120	733
ENSG00000164692	8	4	0	4
ENSG00000164695	5	3	0	0
ENSG00000164708	0	0	0	4
ENSG00000164713	954	925	899	737
ENSG00000164715	1290	1475	1177	1221
ENSG00000164733	9262	6249	6608	5502
ENSG00000164741	22	0	4	0
ENSG00000164742	2531	620	2037	1114
ENSG00000164743	2	0	0	0
ENSG00000164744	0	1	0	0
ENSG00000164746	1	0	1	0
ENSG00000164749	15	0	0	0
ENSG00000164751	2446	3071	2286	2298
ENSG00000164754	26281	27943	24415	21442
ENSG00000164756	0	1	1	1
ENSG00000164758	874	1010	795	760
ENSG00000164761	1	0	4	2
ENSG00000164764	0	0	1	0
ENSG00000164776	14	17	7	9
ENSG00000164808	1099	1241	1065	902
ENSG00000164815	914	1036	748	818
ENSG00000164818	2560	2487	2188	1951
ENSG00000164823	1278	1497	1117	1111
ENSG00000164828	1441	1724	1189	1290
ENSG00000164830	1335	1297	1112	1036
ENSG00000164841	59	51	38	21
ENSG00000164849	79	40	75	47
ENSG00000164850	20	19	4	7
ENSG00000164853	9	7	1	5
ENSG00000164855	0	0	2	0
ENSG00000164867	20	10	10	11
ENSG00000164877	28	23	16	24
ENSG00000164879	0	1	0	0
ENSG00000164880	6946	7379	6534	6030
ENSG00000164885	973	973	834	825
ENSG00000164889	5830	5689	4997	4861
ENSG00000164896	1893	1960	1644	1691
ENSG00000164897	2591	2751	2231	2175
ENSG00000164898	439	528	343	443
ENSG00000164900	0	0	0	1
ENSG00000164902	2025	1976	1733	1553
ENSG00000164904	4	0	0	1
ENSG00000164916	2497	2844	2420	2263
ENSG00000164919	3383	3469	3000	3055
ENSG00000164920	0	0	1	0
ENSG00000164924	33666	34602	29833	30025
ENSG00000164929	0	0	0	0
ENSG00000164930	509	488	351	270
ENSG00000164932	4	0	2	0
ENSG00000164933	2760	3132	2432	2194
ENSG00000164934	3261	3598	2720	2488
ENSG00000164935	5	2	2	0
ENSG00000164938	419	449	394	424
ENSG00000164941	1992	2164	1782	1640
ENSG00000164944	3335	3688	3265	2812
ENSG00000164949	754	386	650	205
ENSG00000164951	480	498	387	440
ENSG00000164953	156	183	126	108
ENSG00000164961	2706	3098	2399	2442
ENSG00000164967	947	1042	771	851
ENSG00000164970	584	791	432	845
ENSG00000164972	7	1	3	2
ENSG00000164975	1996	1820	1746	1732
ENSG00000164976	387	313	301	213
ENSG00000164978	851	868	718	766
ENSG00000164983	3859	3833	3657	3107
ENSG00000164985	6320	6401	6519	5021
ENSG00000164989	105	47	44	28
ENSG00000165006	2682	2720	2480	2267
ENSG00000165023	85	19	43	12
ENSG00000165025	13973	19489	12651	16609
ENSG00000165028	1	9	1	3
ENSG00000165029	77	702	32	706
ENSG00000165030	2012	2201	2129	2069
ENSG00000165046	166	219	165	159
ENSG00000165055	1929	2145	1752	1553
ENSG00000165060	1397	1447	1246	1037
ENSG00000165071	605	481	616	362
ENSG00000165072	62	332	15	221
ENSG00000165078	0	1	0	3
ENSG00000165091	0	3	4	0
ENSG00000165097	1353	1239	1181	1072
ENSG00000165102	896	886	772	680
ENSG00000165105	0	7	0	0
ENSG00000165113	74	112	44	105
ENSG00000165115	98	121	83	63
ENSG00000165118	1191	1439	909	1064
ENSG00000165119	39213	40830	34664	31855
ENSG00000165121	49	89	38	56
ENSG00000165124	0	0	0	1
ENSG00000165138	152	227	75	205
ENSG00000165140	0	0	0	3
ENSG00000165156	2218	2515	1999	1950
ENSG00000165168	2	0	0	0
ENSG00000165169	1157	1626	788	1702
ENSG00000165171	67	210	49	273
ENSG00000165175	4531	6691	3853	5690
ENSG00000165178	6	16	1	27
ENSG00000165182	0	8	0	2
ENSG00000165185	423	483	316	319
ENSG00000165188	1	5	0	0
ENSG00000165192	0	7	0	1
ENSG00000165195	778	1421	567	1487
ENSG00000165197	0	1	0	0
ENSG00000165209	1037	1425	972	1113
ENSG00000165219	2732	3193	2601	2521
ENSG00000165233	1233	1514	967	1506
ENSG00000165238	1	0	0	1
ENSG00000165240	1128	1986	841	2422
ENSG00000165244	978	1272	1081	953
ENSG00000165246	121	114	34	78
ENSG00000165259	151	114	99	122
ENSG00000165264	1409	1592	1276	1300
ENSG00000165269	0	1	1	0
ENSG00000165271	4207	4796	3586	3847
ENSG00000165272	1449	984	1041	614
ENSG00000165275	255	333	237	261
ENSG00000165280	22680	26676	19687	23560
ENSG00000165282	904	986	969	868
ENSG00000165283	7266	7964	6315	6206
ENSG00000165288	790	1197	732	1126
ENSG00000165304	1989	2149	1903	1712
ENSG00000165312	343	263	292	221
ENSG00000165322	304	309	307	142
ENSG00000165323	0	1	0	0
ENSG00000165338	155	17	99	15
ENSG00000165355	1303	1260	1062	985
ENSG00000165359	386	660	357	544
ENSG00000165370	0	6	0	0
ENSG00000165383	15	4	3	0
ENSG00000165389	1558	1808	1388	1507
ENSG00000165392	1164	1271	986	968
ENSG00000165406	2790	2185	2196	1824
ENSG00000165409	115	165	27	132
ENSG00000165410	201	289	230	231
ENSG00000165416	2812	3009	2630	2378
ENSG00000165417	1678	1762	1573	1487
ENSG00000165424	428	510	275	548
ENSG00000165434	150	168	181	86
ENSG00000165449	1	1	2	0
ENSG00000165457	0	0	1	0
ENSG00000165458	5056	5195	4435	4570
ENSG00000165471	7	0	0	0
ENSG00000165474	88	36	50	16
ENSG00000165475	404	460	390	358
ENSG00000165476	1272	1396	1153	1261
ENSG00000165480	1134	1176	1028	831
ENSG00000165487	1482	1587	1297	1257
ENSG00000165490	701	784	650	548
ENSG00000165494	2408	2591	2276	1960
ENSG00000165495	0	0	0	0
ENSG00000165501	1257	1528	1224	1109
ENSG00000165502	8293	8401	7163	7127
ENSG00000165506	1004	1068	802	837
ENSG00000165507	1783	1663	980	1700
ENSG00000165511	64	55	61	15
ENSG00000165512	2074	1841	1956	1468
ENSG00000165516	1135	1268	1056	1027
ENSG00000165521	54	80	25	45
ENSG00000165525	2554	2740	2470	2369
ENSG00000165526	1607	1743	1477	1338
ENSG00000165527	19253	16292	16744	12669
ENSG00000165533	256	234	179	181
ENSG00000165548	93	59	157	26
ENSG00000165555	0	3	2	3
ENSG00000165556	2	11	0	16
ENSG00000165572	417	502	479	401
ENSG00000165591	3	8	4	1
ENSG00000165606	0	0	0	0
ENSG00000165609	4077	4242	3578	3329
ENSG00000165617	3	0	2	0
ENSG00000165626	0	0	1	0
ENSG00000165629	6558	6910	5425	5842
ENSG00000165630	1016	1030	945	874
ENSG00000165632	1210	1565	1282	1185
ENSG00000165633	9	13	3	4
ENSG00000165637	7300	8166	6276	6716
ENSG00000165644	652	800	630	687
ENSG00000165646	0	0	2	2
ENSG00000165650	1987	2456	1741	2024
ENSG00000165655	86	27	55	27
ENSG00000165660	1018	1171	1076	904
ENSG00000165661	1295	1263	1118	943
ENSG00000165669	1338	1349	1224	1071
ENSG00000165671	6522	5993	6042	5054
ENSG00000165672	8668	9720	7487	8132
ENSG00000165675	838	1357	723	1310
ENSG00000165678	9588	10841	8433	8940
ENSG00000165684	1243	1329	1154	949
ENSG00000165688	3631	3820	3317	3316
ENSG00000165689	1627	2031	1503	1350
ENSG00000165694	0	1	0	0
ENSG00000165695	188	89	112	115
ENSG00000165698	116	115	54	122
ENSG00000165699	1108	1069	1087	821
ENSG00000165702	0	1	0	5
ENSG00000165704	4314	6873	3572	6611
ENSG00000165714	650	586	565	520
ENSG00000165724	1096	1332	943	1112
ENSG00000165730	40	29	22	36
ENSG00000165731	5	14	13	11
ENSG00000165732	16834	19125	14726	13875
ENSG00000165733	5124	5412	4344	3964
ENSG00000165752	703	791	675	569
ENSG00000165757	23	97	9	59
ENSG00000165775	1758	2645	1399	2439
ENSG00000165782	1061	1095	875	954
ENSG00000165792	1510	1738	1319	1381
ENSG00000165795	23	4	17	5
ENSG00000165801	16	26	14	54
ENSG00000165802	2024	2036	2075	1495
ENSG00000165804	579	653	503	595
ENSG00000165805	0	1	0	0
ENSG00000165806	1282	1685	1156	1712
ENSG00000165807	7	2	14	1
ENSG00000165810	0	0	1	0
ENSG00000165813	850	893	811	839
ENSG00000165816	2	0	0	4
ENSG00000165819	2172	2475	1748	2017
ENSG00000165821	37	41	38	57
ENSG00000165832	1332	1783	1170	1573
ENSG00000165837	0	0	0	0
ENSG00000165841	0	0	0	0
ENSG00000165861	1130	933	846	865
ENSG00000165868	15	87	9	25
ENSG00000165874	3	15	6	4
ENSG00000165879	312	338	281	320
ENSG00000165886	106	112	112	104
ENSG00000165887	0	1	0	12
ENSG00000165891	534	870	621	848
ENSG00000165895	2	2	4	3
ENSG00000165898	909	968	748	860
ENSG00000165899	7	10	5	3
ENSG00000165905	1	0	2	5
ENSG00000165912	173	50	172	49
ENSG00000165914	269	574	194	729
ENSG00000165915	483	477	417	410
ENSG00000165916	8513	8413	7381	6768
ENSG00000165917	0	3	0	0
ENSG00000165923	22	39	20	38
ENSG00000165929	873	243	756	243
ENSG00000165934	5135	5442	4664	4000
ENSG00000165935	2	0	2	2
ENSG00000165943	1328	1269	1088	871
ENSG00000165948	343	358	276	342
ENSG00000165949	7	7	3	5
ENSG00000165959	0	1	1	2
ENSG00000165972	5	1	0	2
ENSG00000165973	0	2	0	0
ENSG00000165983	775	936	749	767
ENSG00000165985	7	2	5	8
ENSG00000165996	343	338	267	291
ENSG00000165997	1134	1314	1028	1092
ENSG00000166002	682	510	611	436
ENSG00000166004	1110	1207	1160	859
ENSG00000166012	2290	3278	2276	2300
ENSG00000166016	727	1569	539	1865
ENSG00000166024	830	916	735	764
ENSG00000166025	3331	4388	2743	3141
ENSG00000166035	0	1	0	0
ENSG00000166037	2541	2847	2760	2088
ENSG00000166046	135	211	150	179
ENSG00000166068	5	7	3	4
ENSG00000166073	3	2	2	0
ENSG00000166086	99	65	76	23
ENSG00000166090	0	0	0	0
ENSG00000166091	6	1	1	4
ENSG00000166105	105	145	121	89
ENSG00000166106	0	7	1	0
ENSG00000166123	1668	1730	1406	1111
ENSG00000166126	7	19	10	10
ENSG00000166128	3945	3538	4089	2430
ENSG00000166130	1891	2130	1697	1749
ENSG00000166133	1142	1135	1116	874
ENSG00000166135	4291	3977	3856	3247
ENSG00000166136	5620	6129	4759	4965
ENSG00000166140	1046	1051	852	907
ENSG00000166143	0	0	0	0
ENSG00000166145	43	84	33	73
ENSG00000166147	958	589	885	326
ENSG00000166153	12	19	18	17
ENSG00000166159	0	1	0	0
ENSG00000166164	3488	4178	3544	3452
ENSG00000166165	340	323	471	167
ENSG00000166166	909	1008	703	712
ENSG00000166167	871	852	781	681
ENSG00000166169	743	765	741	724
ENSG00000166170	2179	2233	1985	1766
ENSG00000166171	299	211	262	164
ENSG00000166173	0	0	0	0
ENSG00000166181	9577	10576	8158	7744
ENSG00000166188	991	932	957	707
ENSG00000166189	2187	1991	1812	1728
ENSG00000166192	89	74	72	56
ENSG00000166197	12728	13379	11159	8858
ENSG00000166199	769	876	688	627
ENSG00000166200	4419	4719	3725	3635
ENSG00000166224	1873	1921	1569	1491
ENSG00000166225	477	470	460	372
ENSG00000166226	13750	16182	11816	12435
ENSG00000166228	1259	1593	1081	1577
ENSG00000166233	3896	4051	3231	3338
ENSG00000166246	11	7	3	16
ENSG00000166250	1	16	0	4
ENSG00000166257	0	0	0	0
ENSG00000166260	2214	2681	1898	2142
ENSG00000166261	618	779	626	604
ENSG00000166262	56	33	40	29
ENSG00000166263	230	275	211	196
ENSG00000166266	2011	2180	1760	1669
ENSG00000166272	2038	1857	1804	1441
ENSG00000166275	408	362	330	360
ENSG00000166278	6	217	14	461
ENSG00000166289	1140	1223	905	937
ENSG00000166295	2648	2751	2521	2367
ENSG00000166311	1082	1160	979	1292
ENSG00000166313	442	1202	568	1263
ENSG00000166317	0	0	1	0
ENSG00000166321	44	39	27	27
ENSG00000166323	1	0	8	3
ENSG00000166326	2083	923	1796	887
ENSG00000166333	6949	5751	6265	4732
ENSG00000166337	2864	2590	2317	2183
ENSG00000166340	4641	4466	4437	4430
ENSG00000166341	53	38	67	17
ENSG00000166343	15	31	17	27
ENSG00000166347	1189	965	1037	745
ENSG00000166348	355	432	299	348
ENSG00000166349	4	2	4	1
ENSG00000166352	0	1	1	7
ENSG00000166359	3	0	0	0
ENSG00000166368	0	2	0	0
ENSG00000166377	766	779	662	589
ENSG00000166387	75	17	39	210
ENSG00000166391	21	21	14	27
ENSG00000166394	0	1	0	0
ENSG00000166396	0	0	0	0
ENSG00000166398	853	714	724	492
ENSG00000166401	1328	1366	1149	1012
ENSG00000166402	0	5	0	2
ENSG00000166411	3336	4616	2861	3716
ENSG00000166426	0	0	0	1
ENSG00000166432	1	2	0	9
ENSG00000166435	309	251	260	226
ENSG00000166436	262	412	244	339
ENSG00000166439	1304	1388	1259	1063
ENSG00000166441	33052	30167	29149	23106
ENSG00000166444	719	747	500	711
ENSG00000166446	2798	2010	2527	1258
ENSG00000166451	1725	1739	1488	1288
ENSG00000166452	1495	1714	1217	1545
ENSG00000166454	1635	1994	1508	1662
ENSG00000166455	14	24	6	7
ENSG00000166471	679	950	740	756
ENSG00000166473	0	0	0	2
ENSG00000166477	2367	2966	1952	2495
ENSG00000166478	952	984	841	685
ENSG00000166479	2298	2327	1993	1874
ENSG00000166483	1346	1602	1376	1351
ENSG00000166484	825	715	904	609
ENSG00000166492	3	0	0	1
ENSG00000166501	5663	4356	4883	2225
ENSG00000166503	869	1155	1713	267
ENSG00000166507	1173	984	916	871
ENSG00000166508	19461	23036	18699	19392
ENSG00000166509	0	1	0	0
ENSG00000166523	0	0	0	0
ENSG00000166526	876	788	793	628
ENSG00000166527	4	8	7	2
ENSG00000166529	203	186	165	164
ENSG00000166532	0	0	1	3
ENSG00000166546	1	2	0	2
ENSG00000166548	576	701	470	845
ENSG00000166557	2678	3049	2322	2461
ENSG00000166562	4726	6326	4024	5421
ENSG00000166575	1047	1172	860	1068
ENSG00000166578	7	5	7	5
ENSG00000166579	2197	2486	1849	1889
ENSG00000166582	188	563	87	541
ENSG00000166589	2	1	3	0
ENSG00000166592	378	330	141	456
ENSG00000166595	2851	2980	2435	2731
ENSG00000166596	0	0	0	1
ENSG00000166598	33811	40061	29805	30865
ENSG00000166619	1101	1192	916	1192
ENSG00000166664	1	0	7	3
ENSG00000166669	443	408	330	324
ENSG00000166670	0	0	0	0
ENSG00000166676	1	0	1	2
ENSG00000166681	6	0	14	5
ENSG00000166682	1	9	4	7
ENSG00000166685	1077	1280	1068	1128
ENSG00000166689	3	5	3	2
ENSG00000166704	34	45	29	30
ENSG00000166707	36	95	38	60
ENSG00000166710	153354	147891	136835	135609
ENSG00000166716	3124	3202	2790	2470
ENSG00000166734	3124	3496	2702	2951
ENSG00000166736	3	1	0	2
ENSG00000166743	29	61	14	101
ENSG00000166747	4613	4524	4401	3934
ENSG00000166750	6345	4921	5472	4661
ENSG00000166762	17	51	19	17
ENSG00000166770	0	0	0	0
ENSG00000166780	647	602	600	421
ENSG00000166783	2682	2352	2548	1834
ENSG00000166788	1540	1495	1303	1126
ENSG00000166793	11	20	13	24
ENSG00000166794	15783	17583	13612	14361
ENSG00000166796	0	0	1	0
ENSG00000166797	2161	2964	1957	2356
ENSG00000166801	2398	2848	2657	2126
ENSG00000166803	2090	2819	2318	2515
ENSG00000166813	374	145	220	131
ENSG00000166816	21	15	4	13
ENSG00000166819	1	0	0	0
ENSG00000166821	122	115	114	77
ENSG00000166822	842	1253	797	997
ENSG00000166823	83	128	44	100
ENSG00000166825	339	165	274	52
ENSG00000166831	37	22	15	17
ENSG00000166833	3	6	2	0
ENSG00000166839	299	261	251	248
ENSG00000166845	416	451	405	361
ENSG00000166847	4190	4252	3902	3410
ENSG00000166848	6261	6664	5350	5829
ENSG00000166851	3950	3846	3686	3254
ENSG00000166855	3008	2835	2611	2151
ENSG00000166860	490	569	524	381
ENSG00000166866	4	0	0	12
ENSG00000166881	1980	2143	1898	1544
ENSG00000166886	2158	1642	1754	1278
ENSG00000166887	3974	3155	3254	2781
ENSG00000166888	8872	7358	7320	4938
ENSG00000166889	4193	3746	3633	2936
ENSG00000166896	485	543	429	483
ENSG00000166897	8	15	9	14
ENSG00000166900	1065	334	1013	439
ENSG00000166902	2346	2597	2054	2212
ENSG00000166908	957	1016	763	971
ENSG00000166912	906	933	934	861
ENSG00000166913	17288	18422	16544	14871
ENSG00000166920	619	188	335	291
ENSG00000166922	11	19	9	12
ENSG00000166924	8	4	2	4
ENSG00000166925	7510	6798	6717	5828
ENSG00000166938	1910	2416	1655	1860
ENSG00000166946	3178	2794	2587	2451
ENSG00000166947	0	1	0	0
ENSG00000166949	3176	2356	3490	1691
ENSG00000166959	10	18	0	1
ENSG00000166960	3	1	9	2
ENSG00000166961	1	0	0	1
ENSG00000166963	1245	1369	1308	1336
ENSG00000166965	807	869	742	769
ENSG00000166971	654	782	546	692
ENSG00000166974	1943	1662	1808	1417
ENSG00000166979	89	92	71	33
ENSG00000166984	0	0	0	0
ENSG00000166986	12184	13495	10620	9479
ENSG00000166987	1517	1758	1502	1537
ENSG00000166997	575	473	471	371
ENSG00000167004	18492	19408	15777	15732
ENSG00000167005	10943	10557	9765	7742
ENSG00000167011	0	2	0	0
ENSG00000167034	37	69	43	51
ENSG00000167037	0	0	1	7
ENSG00000167046	3	3	2	0
ENSG00000167065	431	463	340	349
ENSG00000167074	349	285	302	310
ENSG00000167077	621	578	545	638
ENSG00000167081	523	574	474	488
ENSG00000167083	19	7	10	20
ENSG00000167085	9230	9200	7871	7209
ENSG00000167088	5005	5732	4644	4117
ENSG00000167094	114	47	130	51
ENSG00000167100	70	47	62	70
ENSG00000167103	17	16	15	14
ENSG00000167105	2	0	0	2
ENSG00000167106	1652	1135	1435	1100
ENSG00000167107	874	827	770	735
ENSG00000167110	2388	2442	2083	1939
ENSG00000167112	1781	1829	1458	1340
ENSG00000167113	1291	1065	1105	977
ENSG00000167114	2228	2266	1779	1914
ENSG00000167117	4	0	0	0
ENSG00000167118	3262	3256	2916	2501
ENSG00000167123	1643	956	1052	1309
ENSG00000167130	608	594	475	517
ENSG00000167131	16	5	17	11
ENSG00000167136	895	952	689	950
ENSG00000167157	24	8	13	8
ENSG00000167173	3430	3745	3797	3217
ENSG00000167178	273	152	151	75
ENSG00000167182	1626	1491	1455	1182
ENSG00000167186	516	558	470	552
ENSG00000167191	2	0	3	1
ENSG00000167193	1119	1497	909	1303
ENSG00000167196	1606	1820	1513	1420
ENSG00000167202	7613	6769	7260	5446
ENSG00000167207	150	203	133	267
ENSG00000167208	3435	2808	2954	2636
ENSG00000167210	0	0	0	1
ENSG00000167216	4	4	7	4
ENSG00000167220	956	955	818	878
ENSG00000167232	238	258	185	179
ENSG00000167244	3	2	1	7
ENSG00000167257	684	843	673	702
ENSG00000167258	4595	4535	4239	3374
ENSG00000167261	117	143	119	202
ENSG00000167264	910	951	761	700
ENSG00000167272	1109	1145	974	946
ENSG00000167280	599	739	506	638
ENSG00000167281	0	0	0	0
ENSG00000167283	7329	7101	6028	5999
ENSG00000167286	4011	3809	1886	3821
ENSG00000167291	322	359	124	410
ENSG00000167302	339	539	395	545
ENSG00000167306	4	9	0	1
ENSG00000167311	0	0	0	0
ENSG00000167315	5072	5062	4430	4037
ENSG00000167323	5148	4695	4199	4155
ENSG00000167325	7562	8680	7502	7157
ENSG00000167332	2	0	0	0
ENSG00000167333	645	661	495	586
ENSG00000167363	0	2	3	0
ENSG00000167371	4	11	7	20
ENSG00000167377	323	358	317	250
ENSG00000167378	968	944	891	727
ENSG00000167380	223	242	226	218
ENSG00000167384	365	380	325	312
ENSG00000167393	798	1047	759	998
ENSG00000167394	813	817	752	698
ENSG00000167395	1695	1778	1566	1381
ENSG00000167397	1932	1927	1635	1682
ENSG00000167414	165	46	177	24
ENSG00000167447	1436	1341	1306	1044
ENSG00000167460	42436	55081	33565	49187
ENSG00000167461	7305	7731	6752	6626
ENSG00000167468	8824	7204	7410	6241
ENSG00000167470	2023	1775	1861	1301
ENSG00000167476	16	15	22	15
ENSG00000167483	3	4	1	3
ENSG00000167487	548	658	511	520
ENSG00000167491	6661	6675	6083	4848
ENSG00000167508	4874	4576	4437	3519
ENSG00000167513	2822	3204	3050	2766
ENSG00000167515	1055	948	872	851
ENSG00000167522	9788	10478	9887	7237
ENSG00000167523	185	231	162	196
ENSG00000167524	67	83	65	82
ENSG00000167525	85	70	56	74
ENSG00000167526	68225	64144	61071	51018
ENSG00000167528	590	558	535	456
ENSG00000167535	118	155	133	152
ENSG00000167536	720	874	718	795
ENSG00000167543	657	943	611	713
ENSG00000167548	5365	4800	5629	4049
ENSG00000167549	30	54	47	23
ENSG00000167550	355	397	348	365
ENSG00000167552	8978	7503	7581	6668
ENSG00000167553	10456	10486	9483	8863
ENSG00000167554	20	6	17	9
ENSG00000167555	86	48	59	11
ENSG00000167562	209	213	245	165
ENSG00000167565	408	466	354	465
ENSG00000167566	217	94	185	78
ENSG00000167578	1399	1505	1132	1374
ENSG00000167588	35	9	15	14
ENSG00000167595	712	594	757	459
ENSG00000167600	0	6	0	0
ENSG00000167601	16	57	9	90
ENSG00000167604	233	262	291	197
ENSG00000167608	14	4	21	11
ENSG00000167613	919	922	1032	1000
ENSG00000167614	5	4	9	6
ENSG00000167615	2483	3926	2799	3163
ENSG00000167617	139	66	115	51
ENSG00000167618	19	17	16	18
ENSG00000167619	26	18	9	21
ENSG00000167625	1004	909	815	799
ENSG00000167632	1329	1340	1224	1217
ENSG00000167633	0	1	0	0
ENSG00000167634	0	0	1	1
ENSG00000167635	4481	4279	3818	3215
ENSG00000167637	137	169	78	102
ENSG00000167642	165	73	175	136
ENSG00000167645	2504	2356	2216	2034
ENSG00000167646	56	40	47	23
ENSG00000167653	0	1	0	3
ENSG00000167654	6	0	0	0
ENSG00000167657	2091	1868	1688	1761
ENSG00000167658	118798	121197	100817	94032
ENSG00000167664	0	0	0	0
ENSG00000167670	3394	4011	3162	3139
ENSG00000167671	3214	3010	2774	2581
ENSG00000167674	4530	4423	3938	3749
ENSG00000167676	0	1	0	6
ENSG00000167680	3	1	0	1
ENSG00000167685	1447	1331	1293	1103
ENSG00000167693	32	184	29	126
ENSG00000167695	455	422	315	366
ENSG00000167699	2873	2523	2410	1936
ENSG00000167700	726	731	607	738
ENSG00000167701	0	4	1	1
ENSG00000167702	283	407	274	355
ENSG00000167703	709	362	509	328
ENSG00000167705	192	145	110	150
ENSG00000167711	3	4	1	1
ENSG00000167716	1757	1663	1526	1414
ENSG00000167720	345	441	318	438
ENSG00000167721	5282	5884	4705	4184
ENSG00000167723	155	152	109	143
ENSG00000167733	42	37	32	39
ENSG00000167740	583	572	489	466
ENSG00000167747	3446	3498	3173	2612
ENSG00000167748	37	26	73	28
ENSG00000167749	0	0	0	0
ENSG00000167751	0	3	0	0
ENSG00000167766	219	165	256	105
ENSG00000167767	7	27	1	4
ENSG00000167770	3591	3830	3260	3103
ENSG00000167771	4	2	7	7
ENSG00000167772	22	20	19	36
ENSG00000167774	0	89	0	0
ENSG00000167775	2447	3264	2155	3010
ENSG00000167778	2522	2678	2051	2284
ENSG00000167779	22	22	6	25
ENSG00000167780	1	2	7	2
ENSG00000167785	231	218	163	165
ENSG00000167792	7904	7376	6677	6486
ENSG00000167797	3675	3655	3286	3010
ENSG00000167799	740	868	724	651
ENSG00000167807	16	8	17	31
ENSG00000167815	6065	7465	5322	7330
ENSG00000167840	235	190	216	198
ENSG00000167842	1446	1659	1300	1313
ENSG00000167850	1756	1729	1571	3019
ENSG00000167851	1	9	1	7
ENSG00000167861	8	2	2	3
ENSG00000167862	1293	1433	1192	1171
ENSG00000167863	3123	3550	2890	2966
ENSG00000167874	7	5	4	8
ENSG00000167880	1	0	0	0
ENSG00000167881	5814	6393	4988	5175
ENSG00000167889	1	4	2	6
ENSG00000167895	6500	6029	6113	4635
ENSG00000167900	4041	4110	4285	3518
ENSG00000167904	775	1064	697	944
ENSG00000167912	125	275	112	194
ENSG00000167914	13	2	11	0
ENSG00000167920	99	78	98	61
ENSG00000167925	1313	1295	1091	967
ENSG00000167930	1409	1516	1067	1317
ENSG00000167962	4160	4573	3593	3322
ENSG00000167964	3	4	4	5
ENSG00000167965	1597	1576	1393	1257
ENSG00000167967	1091	1111	989	854
ENSG00000167968	29	62	24	36
ENSG00000167969	1071	1167	1012	1012
ENSG00000167971	6	31	10	8
ENSG00000167972	861	727	769	779
ENSG00000167977	2093	2167	1770	1995
ENSG00000167978	15222	19593	17208	15854
ENSG00000167981	179	156	142	142
ENSG00000167984	5567	4622	4899	3903
ENSG00000167985	1110	1061	963	941
ENSG00000167986	17472	18155	15529	15312
ENSG00000167987	505	587	440	534
ENSG00000167992	51	60	26	35
ENSG00000167994	2	4	1	0
ENSG00000167995	15	38	16	14
ENSG00000167996	21961	22919	20158	22069
ENSG00000168000	366	319	327	301
ENSG00000168002	2297	2036	1990	1637
ENSG00000168003	8445	8376	7160	5813
ENSG00000168004	3	0	0	0
ENSG00000168005	2062	2235	1910	1801
ENSG00000168010	617	1016	729	829
ENSG00000168014	1537	1520	1504	1178
ENSG00000168016	2643	2286	2610	2505
ENSG00000168026	112	108	86	72
ENSG00000168028	94393	94758	85787	78024
ENSG00000168032	0	0	0	0
ENSG00000168036	12231	15367	10666	13608
ENSG00000168038	152	177	129	152
ENSG00000168040	2573	2569	2133	2000
ENSG00000168056	738	1090	626	1144
ENSG00000168060	830	447	538	342
ENSG00000168061	721	954	653	785
ENSG00000168062	19	43	7	50
ENSG00000168065	0	0	0	1
ENSG00000168066	15190	14917	13549	11358
ENSG00000168067	1548	1673	1320	1176
ENSG00000168071	6255	6208	5950	4790
ENSG00000168077	3	3	0	2
ENSG00000168078	1334	2105	1452	1706
ENSG00000168079	1	0	0	0
ENSG00000168090	4622	4600	3973	3844
ENSG00000168092	3147	3078	2605	2646
ENSG00000168096	237	348	206	286
ENSG00000168101	1332	1039	1054	889
ENSG00000168116	468	451	389	346
ENSG00000168118	1096	1147	927	969
ENSG00000168124	0	0	0	0
ENSG00000168126	0	0	3	1
ENSG00000168135	0	1	0	2
ENSG00000168137	5700	5608	5395	4147
ENSG00000168140	12	22	15	50
ENSG00000168152	59	48	39	40
ENSG00000168159	7701	7289	6463	6261
ENSG00000168172	2479	2641	2251	2136
ENSG00000168175	5153	5237	4541	4380
ENSG00000168209	4632	4978	4628	4997
ENSG00000168214	11205	9853	10757	9518
ENSG00000168216	916	1070	766	1312
ENSG00000168228	463	453	389	348
ENSG00000168234	1951	920	1633	511
ENSG00000168237	418	465	421	353
ENSG00000168243	21	25	19	23
ENSG00000168246	982	808	684	737
ENSG00000168255	555	632	463	529
ENSG00000168256	1611	1395	1312	1224
ENSG00000168259	4395	4757	3885	3666
ENSG00000168264	6717	5636	6259	3785
ENSG00000168268	4307	4421	3817	3151
ENSG00000168269	0	0	0	0
ENSG00000168273	382	449	302	392
ENSG00000168275	1012	1322	931	990
ENSG00000168280	1861	2171	1804	1795
ENSG00000168282	4379	3963	3644	3236
ENSG00000168283	3156	3704	2619	3020
ENSG00000168286	2670	2584	2292	2192
ENSG00000168288	4335	4373	3644	3461
ENSG00000168291	5179	4845	4373	3911
ENSG00000168297	2448	3369	2213	2857
ENSG00000168298	18	5	2	14
ENSG00000168300	1100	993	986	874
ENSG00000168301	430	487	313	388
ENSG00000168303	1425	1578	1334	1289
ENSG00000168310	4012	3930	3743	3235
ENSG00000168314	27	261	79	210
ENSG00000168329	166	79	322	92
ENSG00000168334	162	190	98	235
ENSG00000168348	0	0	3	0
ENSG00000168350	4	0	4	2
ENSG00000168356	4	6	5	0
ENSG00000168374	5607	6840	4912	5694
ENSG00000168385	14079	14801	12291	11734
ENSG00000168386	27	51	6	17
ENSG00000168389	637	829	509	842
ENSG00000168393	2157	2492	2031	2186
ENSG00000168394	24155	24618	19668	22471
ENSG00000168395	1001	1231	869	854
ENSG00000168397	1693	1837	1578	1660
ENSG00000168398	17	12	14	1
ENSG00000168404	954	1072	758	866
ENSG00000168405	1852	2069	1900	1354
ENSG00000168411	3317	3637	3045	2670
ENSG00000168421	1847	1917	1605	1803
ENSG00000168427	0	1	0	0
ENSG00000168434	857	820	738	665
ENSG00000168438	1629	1843	1609	1416
ENSG00000168439	23894	27020	21483	21640
ENSG00000168447	9	1	0	3
ENSG00000168453	6	4	1	4
ENSG00000168454	8	5	0	3
ENSG00000168461	2019	903	1063	560
ENSG00000168476	2212	2236	2107	1943
ENSG00000168477	1	6	7	7
ENSG00000168481	1	2	4	1
ENSG00000168487	2589	1799	2262	1538
ENSG00000168488	10353	10864	9713	8361
ENSG00000168490	0	0	0	2
ENSG00000168495	2310	2453	1979	2009
ENSG00000168496	6806	7739	6374	6498
ENSG00000168502	5	16	16	4
ENSG00000168517	249	273	205	270
ENSG00000168522	2835	2656	2394	1994
ENSG00000168528	11	3	7	23
ENSG00000168538	2032	2271	1815	1846
ENSG00000168542	68	17	79	51
ENSG00000168546	8	5	9	5
ENSG00000168556	441	494	361	359
ENSG00000168564	1604	1660	1418	1349
ENSG00000168566	748	939	704	751
ENSG00000168569	697	625	660	480
ENSG00000168575	972	1006	873	944
ENSG00000168589	1	1	1	1
ENSG00000168591	573	598	510	554
ENSG00000168610	7372	5701	5836	4304
ENSG00000168612	295	335	238	248
ENSG00000168615	1503	2067	1134	1580
ENSG00000168621	0	0	0	0
ENSG00000168631	0	0	0	0
ENSG00000168646	42	55	22	39
ENSG00000168653	5289	5470	4350	4726
ENSG00000168658	0	0	0	0
ENSG00000168661	100	45	73	37
ENSG00000168671	0	5	5	0
ENSG00000168672	66	21	116	30
ENSG00000168675	2631	2372	1970	1782
ENSG00000168676	3	3	4	1
ENSG00000168679	6	11	6	3
ENSG00000168685	25	72	36	61
ENSG00000168701	937	1043	808	906
ENSG00000168702	3	3	0	0
ENSG00000168710	5965	5894	5256	5268
ENSG00000168724	3378	3658	3077	2859
ENSG00000168734	72	120	68	155
ENSG00000168743	1	0	0	0
ENSG00000168754	2	0	3	0
ENSG00000168758	1003	687	994	606
ENSG00000168763	1096	1017	986	936
ENSG00000168765	338	416	342	389
ENSG00000168769	1793	2499	1585	2105
ENSG00000168772	79	42	30	9
ENSG00000168778	267	221	232	184
ENSG00000168779	13	4	25	1
ENSG00000168781	1302	1286	1072	1073
ENSG00000168785	1516	649	1349	235
ENSG00000168792	1270	1133	1022	955
ENSG00000168795	645	605	611	482
ENSG00000168802	6053	5726	5148	5254
ENSG00000168803	252	251	307	254
ENSG00000168806	615	546	500	503
ENSG00000168807	764	1004	727	958
ENSG00000168811	129	241	107	254
ENSG00000168813	1329	1515	1231	1088
ENSG00000168818	1089	1067	912	838
ENSG00000168824	43	23	8	15
ENSG00000168826	161	180	138	109
ENSG00000168827	5252	5792	4572	4375
ENSG00000168852	6	0	4	0
ENSG00000168872	3357	3579	2830	2758
ENSG00000168874	1	1	0	8
ENSG00000168876	482	536	415	429
ENSG00000168878	27	5	5	1
ENSG00000168883	3624	4012	3416	3256
ENSG00000168884	3819	3726	3282	3469
ENSG00000168887	1056	935	1036	764
ENSG00000168890	169	187	96	127
ENSG00000168894	1553	1356	1405	1367
ENSG00000168899	2043	1596	1678	1388
ENSG00000168904	545	480	509	450
ENSG00000168906	8783	10735	7983	8335
ENSG00000168907	0	0	0	2
ENSG00000168913	8	0	4	1
ENSG00000168916	0	1	0	0
ENSG00000168917	118	129	124	103
ENSG00000168918	8107	8507	7398	7746
ENSG00000168924	5172	6110	4327	4744
ENSG00000168936	1619	1447	1271	1204
ENSG00000168939	15	24	8	32
ENSG00000168944	1099	1291	972	1042
ENSG00000168952	13	0	4	0
ENSG00000168958	1977	2271	1805	1776
ENSG00000168961	180	268	115	371
ENSG00000168970	55	165	90	153
ENSG00000168993	43	30	28	22
ENSG00000168994	26	45	30	27
ENSG00000168995	0	0	0	1
ENSG00000169016	763	763	667	624
ENSG00000169018	2910	2964	2612	2157
ENSG00000169019	1300	1492	1241	1322
ENSG00000169020	2643	2363	2104	1909
ENSG00000169021	5182	5805	4621	5226
ENSG00000169026	106	74	69	89
ENSG00000169031	1	0	0	1
ENSG00000169032	5386	5576	4940	4928
ENSG00000169035	1	0	0	0
ENSG00000169045	16914	17913	15149	12947
ENSG00000169047	278	392	263	261
ENSG00000169057	3691	4864	3188	4814
ENSG00000169062	1563	2016	1567	1546
ENSG00000169071	1909	1273	1686	1015
ENSG00000169083	2538	400	2811	2814
ENSG00000169084	664	925	650	1019
ENSG00000169085	0	0	0	0
ENSG00000169087	270	272	261	185
ENSG00000169093	4039	4303	3489	4431
ENSG00000169100	29662	34607	24311	33568
ENSG00000169105	1226	1225	1048	971
ENSG00000169116	5830	2803	4772	534
ENSG00000169118	2847	2402	2317	1967
ENSG00000169122	487	458	270	287
ENSG00000169129	3843	1918	4301	1290
ENSG00000169131	149	213	122	115
ENSG00000169136	850	940	690	821
ENSG00000169139	3160	3272	2698	2594
ENSG00000169155	782	802	661	569
ENSG00000169169	0	0	0	0
ENSG00000169174	92	289	17	356
ENSG00000169180	11048	11018	9699	9019
ENSG00000169181	0	5	1	1
ENSG00000169184	11	12	8	7
ENSG00000169188	1923	2976	1656	2944
ENSG00000169189	2435	2135	2155	1628
ENSG00000169193	158	306	178	213
ENSG00000169194	11951	18717	9404	21952
ENSG00000169203	305	350	278	302
ENSG00000169213	9	5	1	7
ENSG00000169217	3620	3560	3002	3061
ENSG00000169220	1199	1358	1365	1264
ENSG00000169221	4120	4021	3819	3481
ENSG00000169223	5685	5568	4969	4702
ENSG00000169228	909	951	790	816
ENSG00000169230	12046	12989	10621	10292
ENSG00000169231	359	314	330	227
ENSG00000169239	393	348	352	415
ENSG00000169241	2211	2257	2020	1944
ENSG00000169242	0	2	1	0
ENSG00000169245	62	86	30	128
ENSG00000169246	386	462	410	388
ENSG00000169247	5	12	6	18
ENSG00000169248	3	10	0	11
ENSG00000169249	519	679	480	672
ENSG00000169251	3878	4100	3394	3138
ENSG00000169252	31	19	59	58
ENSG00000169253	0	1	0	0
ENSG00000169255	24	60	2	3
ENSG00000169258	467	283	482	216
ENSG00000169282	1	1	0	0
ENSG00000169288	1224	1348	1017	926
ENSG00000169291	12	0	7	4
ENSG00000169299	1902	2161	1781	1623
ENSG00000169314	9	10	14	6
ENSG00000169330	49	31	28	19
ENSG00000169340	0	4	1	2
ENSG00000169359	1916	2119	1651	1748
ENSG00000169371	1224	1134	1016	1059
ENSG00000169372	223	254	162	258
ENSG00000169375	5023	4468	4557	3083
ENSG00000169379	1222	1289	1090	1022
ENSG00000169398	127	28	81	25
ENSG00000169402	2	0	2	0
ENSG00000169403	17	5	31	6
ENSG00000169410	3189	3251	2862	3127
ENSG00000169413	83	47	38	19
ENSG00000169418	1	0	0	0
ENSG00000169427	4	0	0	2
ENSG00000169429	2098	2013	3156	1590
ENSG00000169432	15	23	11	14
ENSG00000169439	2	146	0	9
ENSG00000169442	5343	5511	4482	7131
ENSG00000169446	1848	2663	1509	2656
ENSG00000169490	1206	1229	1119	1043
ENSG00000169495	1	0	0	0
ENSG00000169499	5950	6752	5287	6056
ENSG00000169504	1463	2771	858	2396
ENSG00000169507	0	0	0	1
ENSG00000169508	2501	3787	2098	4088
ENSG00000169515	0	0	0	2
ENSG00000169519	1118	1030	957	836
ENSG00000169554	1332	2022	1626	1795
ENSG00000169564	23668	24236	21827	19794
ENSG00000169567	7955	9258	7548	7802
ENSG00000169570	319	364	285	249
ENSG00000169583	93	61	37	105
ENSG00000169592	1888	2329	1726	1812
ENSG00000169598	312	356	282	233
ENSG00000169599	1086	1231	664	985
ENSG00000169604	8	4	0	11
ENSG00000169607	4390	4656	3678	3694
ENSG00000169609	464	569	450	529
ENSG00000169612	970	963	850	769
ENSG00000169618	3	0	3	1
ENSG00000169621	272	335	229	290
ENSG00000169627	1142	1263	1018	1036
ENSG00000169629	571	652	409	460
ENSG00000169635	280	343	262	289
ENSG00000169641	1638	1812	1535	1529
ENSG00000169660	317	496	282	432
ENSG00000169668	5	8	2	12
ENSG00000169679	4873	5091	4753	3840
ENSG00000169682	1408	1361	1223	982
ENSG00000169683	1350	1452	1269	1083
ENSG00000169684	461	579	418	336
ENSG00000169689	1795	2251	1622	2008
ENSG00000169692	1248	1116	1177	993
ENSG00000169696	764	713	609	632
ENSG00000169710	29063	42609	30468	34869
ENSG00000169714	25824	25585	23337	20062
ENSG00000169715	46	173	14	293
ENSG00000169718	4425	4861	3848	3998
ENSG00000169727	4363	4740	3844	3807
ENSG00000169733	864	740	748	750
ENSG00000169738	1666	1519	1286	1483
ENSG00000169740	385	271	229	187
ENSG00000169750	76	62	63	68
ENSG00000169752	0	0	0	0
ENSG00000169756	2654	2974	2454	2434
ENSG00000169758	1	0	0	0
ENSG00000169762	536	626	499	452
ENSG00000169763	0	0	0	0
ENSG00000169764	5099	5662	4448	5206
ENSG00000169783	8	1	7	4
ENSG00000169813	24684	25016	20687	18714
ENSG00000169814	627	544	514	529
ENSG00000169826	1716	1791	1527	1297
ENSG00000169855	0	1	1	0
ENSG00000169857	703	915	695	836
ENSG00000169860	15	31	10	11
ENSG00000169862	0	0	0	0
ENSG00000169871	3885	4014	3652	3396
ENSG00000169877	3	0	0	0
ENSG00000169884	8	13	7	12
ENSG00000169885	1	2	0	0
ENSG00000169891	0	1	1	0
ENSG00000169894	5	2	0	1
ENSG00000169895	2247	3570	1699	3659
ENSG00000169896	1605	1651	1775	1420
ENSG00000169902	112	47	68	37
ENSG00000169905	1785	1808	1528	1462
ENSG00000169908	54	1	5	3
ENSG00000169914	263	513	316	346
ENSG00000169918	5	14	6	13
ENSG00000169919	2737	3172	2720	2970
ENSG00000169925	1691	1261	1528	1130
ENSG00000169926	9163	8011	8858	7017
ENSG00000169933	25	166	4	199
ENSG00000169951	414	408	373	296
ENSG00000169953	4	0	0	0
ENSG00000169955	617	629	596	457
ENSG00000169957	1416	1378	1189	1004
ENSG00000169962	98	70	44	43
ENSG00000169964	374	415	338	314
ENSG00000169967	2744	3327	2442	2690
ENSG00000169972	658	669	553	458
ENSG00000169976	4011	3978	3508	3346
ENSG00000169981	782	823	694	469
ENSG00000169989	36	37	21	40
ENSG00000169991	1996	1907	1746	1677
ENSG00000169992	185	207	129	212
ENSG00000169994	2	1	0	1
ENSG00000170004	9681	10236	9048	8494
ENSG00000170006	4208	4219	3708	2684
ENSG00000170011	2952	5598	2591	4974
ENSG00000170017	2002	2706	1997	1966
ENSG00000170027	15719	17925	13343	14436
ENSG00000170035	1767	1628	1550	1431
ENSG00000170037	2030	1848	1852	1525
ENSG00000170043	5150	4497	4551	3914
ENSG00000170044	13	28	9	103
ENSG00000170049	16	66	29	47
ENSG00000170054	0	0	1	0
ENSG00000170075	0	7	0	2
ENSG00000170085	811	598	832	572
ENSG00000170088	1073	1282	849	972
ENSG00000170089	2153	2093	2117	1848
ENSG00000170092	0	0	0	0
ENSG00000170100	370	299	288	315
ENSG00000170113	1274	2018	1105	1789
ENSG00000170122	3	2	1	4
ENSG00000170128	0	0	0	0
ENSG00000170142	3450	3921	3153	2913
ENSG00000170144	26704	25764	23120	18528
ENSG00000170145	927	1042	865	906
ENSG00000170153	0	0	0	1
ENSG00000170160	46	182	81	76
ENSG00000170161	98	81	80	96
ENSG00000170162	0	0	0	1
ENSG00000170166	1	0	0	0
ENSG00000170175	377	317	323	313
ENSG00000170185	2887	3093	2522	2392
ENSG00000170190	17	54	7	61
ENSG00000170191	261	341	262	305
ENSG00000170209	0	1	0	1
ENSG00000170214	0	3	0	3
ENSG00000170222	182	222	190	170
ENSG00000170231	0	0	0	2
ENSG00000170234	834	903	871	711
ENSG00000170236	1	1	0	0
ENSG00000170242	3550	3944	3242	3252
ENSG00000170248	6492	7773	5703	6468
ENSG00000170260	742	669	595	467
ENSG00000170264	197	208	163	175
ENSG00000170265	4865	5840	3865	4930
ENSG00000170266	5094	3722	4141	2933
ENSG00000170270	703	727	537	565
ENSG00000170271	0	1	0	3
ENSG00000170275	3872	2857	3264	2191
ENSG00000170291	2167	2127	1867	1463
ENSG00000170293	5	3	0	0
ENSG00000170296	4080	3799	3798	3517
ENSG00000170310	812	868	795	686
ENSG00000170312	3004	2660	3189	2049
ENSG00000170315	32578	33404	27828	28817
ENSG00000170322	1550	1735	1360	1358
ENSG00000170324	3	7	0	12
ENSG00000170325	754	672	752	554
ENSG00000170340	1558	1674	1306	1437
ENSG00000170345	59	82	46	35
ENSG00000170348	7152	6374	6498	5078
ENSG00000170356	92	67	118	75
ENSG00000170364	495	603	437	475
ENSG00000170365	7	7	0	1
ENSG00000170373	1	0	0	0
ENSG00000170379	2119	2200	2263	1838
ENSG00000170382	2	0	0	0
ENSG00000170385	949	1170	799	934
ENSG00000170390	2	1	1	9
ENSG00000170409	0	0	0	0
ENSG00000170412	0	0	0	0
ENSG00000170417	104	90	72	90
ENSG00000170421	10	11	1	21
ENSG00000170423	0	0	0	0
ENSG00000170425	5	0	2	1
ENSG00000170430	532	150	280	49
ENSG00000170442	516	359	392	328
ENSG00000170445	4790	4750	4077	3815
ENSG00000170448	436	495	313	347
ENSG00000170456	4	9	3	2
ENSG00000170458	12	45	45	35
ENSG00000170464	2010	1841	1644	1428
ENSG00000170468	1255	1364	1090	1052
ENSG00000170469	104	138	110	145
ENSG00000170471	3107	3272	2885	2727
ENSG00000170473	2135	2016	1974	1529
ENSG00000170476	485	889	399	1063
ENSG00000170482	0	12	4	4
ENSG00000170500	338	792	432	1013
ENSG00000170502	829	855	672	666
ENSG00000170509	0	10	0	5
ENSG00000170515	19756	22861	18698	16939
ENSG00000170522	1822	2178	1860	1773
ENSG00000170523	3	0	1	0
ENSG00000170525	3645	3245	3598	3232
ENSG00000170540	9234	6562	8586	6108
ENSG00000170542	452	636	431	603
ENSG00000170545	64	40	51	39
ENSG00000170558	18	14	23	0
ENSG00000170571	4368	3823	3867	2632
ENSG00000170577	0	0	0	0
ENSG00000170579	52	4	7	0
ENSG00000170581	1290	1334	1255	1335
ENSG00000170584	2118	2125	1755	1660
ENSG00000170604	1590	1416	1324	1086
ENSG00000170606	11488	12316	9744	9376
ENSG00000170608	3	1	2	7
ENSG00000170613	14	15	16	6
ENSG00000170619	1177	1094	983	1002
ENSG00000170627	112	89	105	68
ENSG00000170629	170	219	179	184
ENSG00000170631	192	233	191	155
ENSG00000170632	1735	1942	1514	1502
ENSG00000170633	2797	3231	2467	2485
ENSG00000170634	255	322	214	282
ENSG00000170638	6308	6762	5090	5950
ENSG00000170653	1069	1089	1002	791
ENSG00000170667	892	697	810	494
ENSG00000170677	326	519	253	453
ENSG00000170681	9	16	1	10
ENSG00000170684	191	244	199	160
ENSG00000170689	400	371	359	259
ENSG00000170703	0	0	0	1
ENSG00000170734	1483	1423	1419	1242
ENSG00000170743	3	1	0	1
ENSG00000170745	0	2	0	0
ENSG00000170748	0	0	3	0
ENSG00000170759	9504	10030	8390	7755
ENSG00000170776	7581	6796	7263	5343
ENSG00000170779	2382	2209	2114	1734
ENSG00000170791	658	931	586	793
ENSG00000170801	0	0	0	2
ENSG00000170802	1808	1716	1682	1343
ENSG00000170819	12	23	6	53
ENSG00000170820	0	0	0	0
ENSG00000170827	2	8	1	15
ENSG00000170832	1922	2071	1688	1673
ENSG00000170835	116	259	119	359
ENSG00000170836	862	941	751	796
ENSG00000170837	1178	1325	1036	989
ENSG00000170846	526	566	467	503
ENSG00000170852	1685	1681	1599	1339
ENSG00000170854	7686	8317	7077	5864
ENSG00000170855	1593	1778	1334	1579
ENSG00000170858	5	4	10	1
ENSG00000170860	3414	3585	3314	2877
ENSG00000170871	2001	1759	1715	1423
ENSG00000170873	961	582	1071	353
ENSG00000170876	5924	5008	5078	4031
ENSG00000170881	1304	1390	1303	1091
ENSG00000170889	38135	35001	33356	28537
ENSG00000170891	0	0	3	0
ENSG00000170892	695	771	696	726
ENSG00000170899	32	45	31	67
ENSG00000170903	1401	1559	1156	1016
ENSG00000170906	1015	988	958	908
ENSG00000170909	0	0	3	1
ENSG00000170915	1056	1093	1115	1028
ENSG00000170917	411	404	320	342
ENSG00000170919	117	122	135	100
ENSG00000170921	624	1258	606	923
ENSG00000170946	540	587	487	401
ENSG00000170949	876	837	927	595
ENSG00000170955	1117	669	888	534
ENSG00000170959	1	3	0	5
ENSG00000170961	53	34	35	9
ENSG00000170965	0	7	0	1
ENSG00000170989	3665	5802	2610	4907
ENSG00000171004	1	16	5	4
ENSG00000171017	3	1	0	1
ENSG00000171033	2928	2071	2014	1641
ENSG00000171044	128	127	103	100
ENSG00000171045	244	267	190	197
ENSG00000171055	448	439	304	420
ENSG00000171056	8	9	7	11
ENSG00000171067	837	1036	787	961
ENSG00000171084	87	95	137	64
ENSG00000171094	0	0	1	0
ENSG00000171097	280	384	271	393
ENSG00000171100	1984	2980	1567	3417
ENSG00000171101	1200	1329	1064	1609
ENSG00000171103	466	545	353	389
ENSG00000171105	29	37	30	45
ENSG00000171109	2007	2616	1708	2022
ENSG00000171115	111	86	145	34
ENSG00000171116	7	24	8	17
ENSG00000171119	0	2	1	3
ENSG00000171121	22	18	16	16
ENSG00000171124	0	0	0	0
ENSG00000171126	1	3	0	2
ENSG00000171130	2265	2577	1979	2173
ENSG00000171132	147	159	132	99
ENSG00000171135	2379	2336	2112	1842
ENSG00000171148	7475	7189	6338	6407
ENSG00000171150	572	533	465	449
ENSG00000171155	1066	1524	949	1491
ENSG00000171159	2268	1976	1973	1735
ENSG00000171160	73	91	53	82
ENSG00000171161	2772	2628	2760	2090
ENSG00000171163	433	738	506	558
ENSG00000171169	670	648	634	534
ENSG00000171174	39	58	29	87
ENSG00000171202	929	1056	888	827
ENSG00000171204	1197	1303	1150	963
ENSG00000171206	4450	3970	4164	3387
ENSG00000171208	2883	3824	2466	2925
ENSG00000171219	6	24	4	27
ENSG00000171222	1977	1977	1812	1902
ENSG00000171223	24038	18581	18938	13583
ENSG00000171224	122	89	68	121
ENSG00000171227	0	1	0	0
ENSG00000171236	58	87	88	47
ENSG00000171241	2799	2916	2733	2647
ENSG00000171246	51	12	23	1
ENSG00000171262	3688	3496	3273	2230
ENSG00000171291	0	0	2	0
ENSG00000171295	144	173	87	224
ENSG00000171298	906	1076	973	1057
ENSG00000171302	3460	3177	3018	2682
ENSG00000171307	1848	2016	1480	1684
ENSG00000171310	9707	9506	8425	8205
ENSG00000171311	1103	1101	1020	857
ENSG00000171314	43470	43197	37370	38041
ENSG00000171316	2203	1568	2202	680
ENSG00000171320	1275	1233	1302	1002
ENSG00000171345	0	0	0	4
ENSG00000171346	2	0	0	0
ENSG00000171357	5	4	4	1
ENSG00000171365	275	593	260	468
ENSG00000171368	13	18	5	19
ENSG00000171385	0	5	0	1
ENSG00000171388	0	4	0	10
ENSG00000171403	0	0	0	0
ENSG00000171408	11	41	12	89
ENSG00000171421	1403	1427	1192	1176
ENSG00000171425	814	568	592	474
ENSG00000171428	313	357	319	330
ENSG00000171435	0	0	0	0
ENSG00000171443	605	675	575	714
ENSG00000171444	33	82	27	44
ENSG00000171448	237	303	245	264
ENSG00000171450	0	2	0	0
ENSG00000171451	4	4	9	4
ENSG00000171453	1565	1554	1250	1181
ENSG00000171456	10816	12252	9396	9172
ENSG00000171462	8	12	26	3
ENSG00000171466	790	997	722	842
ENSG00000171467	1616	1722	1413	1351
ENSG00000171469	781	865	771	610
ENSG00000171475	2612	2579	2284	2335
ENSG00000171476	5784	2308	6636	2060
ENSG00000171488	4261	3146	3540	1946
ENSG00000171490	12105	13192	11268	9379
ENSG00000171492	1485	1450	1221	1135
ENSG00000171497	8720	11872	7713	7201
ENSG00000171503	1181	1473	982	1091
ENSG00000171509	351	2927	83	1225
ENSG00000171517	0	0	0	0
ENSG00000171522	4280	5606	3943	5389
ENSG00000171530	3051	4426	3315	3314
ENSG00000171533	104	244	75	254
ENSG00000171540	0	2	0	0
ENSG00000171551	0	0	0	0
ENSG00000171552	11511	10761	8892	10446
ENSG00000171557	0	0	0	0
ENSG00000171566	2599	2881	2188	2124
ENSG00000171570	11	25	42	41
ENSG00000171574	507	483	410	385
ENSG00000171595	0	3	1	15
ENSG00000171596	20	30	30	44
ENSG00000171603	5009	5165	4499	5056
ENSG00000171604	2062	1664	1589	1615
ENSG00000171606	739	785	676	668
ENSG00000171608	17780	13466	17433	11621
ENSG00000171612	914	1187	782	929
ENSG00000171617	487	420	229	294
ENSG00000171621	393	335	453	300
ENSG00000171631	0	2	0	0
ENSG00000171634	5397	5326	5287	4211
ENSG00000171643	41	36	19	22
ENSG00000171649	71	193	23	127
ENSG00000171657	19	10	22	3
ENSG00000171659	10	10	6	3
ENSG00000171680	6	1	5	3
ENSG00000171681	2478	2504	2320	1874
ENSG00000171695	17	0	7	0
ENSG00000171700	2406	2245	2219	2133
ENSG00000171703	981	1059	1074	1027
ENSG00000171720	3064	3455	2700	3015
ENSG00000171723	1596	1430	1466	1087
ENSG00000171724	3	0	0	4
ENSG00000171729	3	3	1	0
ENSG00000171735	913	1063	880	820
ENSG00000171747	6	6	0	1
ENSG00000171757	35	122	73	64
ENSG00000171759	2	0	2	0
ENSG00000171763	593	777	540	585
ENSG00000171766	40	30	6	19
ENSG00000171777	387	496	189	511
ENSG00000171786	5	9	2	5
ENSG00000171790	4	6	1	2
ENSG00000171791	7079	4673	5957	3267
ENSG00000171792	2377	1899	2071	1518
ENSG00000171793	5569	7278	4761	6057
ENSG00000171794	0	0	0	0
ENSG00000171798	21	8	16	7
ENSG00000171806	261	251	272	195
ENSG00000171811	0	3	0	0
ENSG00000171812	31	12	30	11
ENSG00000171813	351	392	474	431
ENSG00000171817	1	10	6	4
ENSG00000171823	898	948	848	813
ENSG00000171824	3971	4197	3590	3183
ENSG00000171827	258	225	279	208
ENSG00000171840	418	323	471	329
ENSG00000171843	3962	2477	3409	1538
ENSG00000171847	0	0	2	0
ENSG00000171848	13248	14407	13223	11569
ENSG00000171853	1788	1875	1618	1496
ENSG00000171855	3	0	1	0
ENSG00000171858	10712	11252	10958	9086
ENSG00000171860	95	206	139	251
ENSG00000171861	1118	1086	1072	921
ENSG00000171862	6944	6545	5989	5305
ENSG00000171863	25945	27146	24080	21920
ENSG00000171864	0	1	0	1
ENSG00000171865	1455	1848	1164	1365
ENSG00000171867	8180	10642	6637	11240
ENSG00000171877	4	1	0	1
ENSG00000171885	0	0	0	0
ENSG00000171903	0	0	0	0
ENSG00000171914	34	30	29	24
ENSG00000171916	3	15	2	11
ENSG00000171928	1074	1187	919	1084
ENSG00000171940	3844	3186	3374	2526
ENSG00000171943	1445	1670	1417	1388
ENSG00000171951	0	0	1	0
ENSG00000171953	533	526	495	423
ENSG00000171954	63	44	56	77
ENSG00000171956	334	265	348	217
ENSG00000171960	1321	1356	1228	1093
ENSG00000171962	0	0	5	2
ENSG00000171970	97	91	93	59
ENSG00000171984	419	304	308	286
ENSG00000171988	1531	1460	1379	1100
ENSG00000171992	26	46	8	17
ENSG00000171999	0	0	1	0
ENSG00000172000	0	0	3	0
ENSG00000172005	6050	4055	5248	3685
ENSG00000172006	83	64	90	62
ENSG00000172007	377	454	379	380
ENSG00000172009	5735	6496	4897	5292
ENSG00000172014	0	0	4	0
ENSG00000172020	8	5	3	0
ENSG00000172031	0	3	0	0
ENSG00000172037	3	0	3	1
ENSG00000172046	4439	4383	3957	3460
ENSG00000172053	11824	11470	10385	9495
ENSG00000172057	3422	3220	2605	3495
ENSG00000172058	11	43	57	52
ENSG00000172059	904	831	934	615
ENSG00000172061	0	3	0	1
ENSG00000172062	2492	3228	2371	2343
ENSG00000172071	1245	1130	923	841
ENSG00000172081	7592	8561	7114	8322
ENSG00000172086	1080	1235	1022	860
ENSG00000172113	2175	2249	1888	1834
ENSG00000172115	12066	14076	10811	10536
ENSG00000172116	0	17	0	7
ENSG00000172123	458	389	359	336
ENSG00000172137	0	0	0	0
ENSG00000172159	10	8	4	1
ENSG00000172164	2241	1462	1901	398
ENSG00000172167	490	526	471	360
ENSG00000172171	337	317	280	225
ENSG00000172172	1704	1968	1682	1505
ENSG00000172175	1452	1687	1294	1335
ENSG00000172183	397	418	415	314
ENSG00000172186	0	0	0	0
ENSG00000172197	307	386	277	330
ENSG00000172209	0	0	0	0
ENSG00000172215	0	1	0	1
ENSG00000172216	1023	1152	987	938
ENSG00000172236	2	36	2	30
ENSG00000172238	8	34	0	12
ENSG00000172239	2303	2637	2022	2295
ENSG00000172244	148	176	146	122
ENSG00000172247	4	5	0	0
ENSG00000172260	0	0	0	0
ENSG00000172262	1215	1274	1051	817
ENSG00000172264	0	0	0	0
ENSG00000172269	2121	2015	1806	1784
ENSG00000172270	12739	14161	10989	13539
ENSG00000172273	665	699	573	488
ENSG00000172292	2940	2738	2653	1865
ENSG00000172296	0	0	0	0
ENSG00000172301	1908	1559	1510	1157
ENSG00000172315	1459	1499	1317	1166
ENSG00000172322	1	0	5	0
ENSG00000172331	1167	1151	1061	1084
ENSG00000172336	1379	1564	1195	1120
ENSG00000172339	318	296	227	219
ENSG00000172340	4860	5008	4305	3917
ENSG00000172345	247	301	133	371
ENSG00000172348	271	1139	124	447
ENSG00000172349	7373	4510	6942	3538
ENSG00000172350	0	1	1	2
ENSG00000172354	11106	11736	9987	10448
ENSG00000172361	4	2	7	7
ENSG00000172366	1246	1616	1084	1234
ENSG00000172367	0	1	0	1
ENSG00000172375	1737	2103	1580	1888
ENSG00000172379	2	7	0	0
ENSG00000172380	255	269	137	123
ENSG00000172382	43	34	29	25
ENSG00000172403	10	15	17	14
ENSG00000172409	899	865	753	650
ENSG00000172421	1	0	0	0
ENSG00000172425	0	3	4	4
ENSG00000172426	2	3	3	0
ENSG00000172428	1623	1640	1394	1245
ENSG00000172432	1549	1571	1445	1329
ENSG00000172456	298	354	278	267
ENSG00000172458	28	9	38	18
ENSG00000172460	327	580	296	711
ENSG00000172465	3	0	0	0
ENSG00000172466	3690	3403	3221	2757
ENSG00000172469	1428	1619	1325	1385
ENSG00000172478	0	0	0	0
ENSG00000172493	1594	1991	1556	1615
ENSG00000172497	0	2	0	0
ENSG00000172500	2677	2738	2245	2382
ENSG00000172508	61	52	68	63
ENSG00000172530	722	589	646	421
ENSG00000172531	11763	11802	10689	10047
ENSG00000172534	11321	11255	11101	8725
ENSG00000172538	10	17	9	8
ENSG00000172543	18913	13900	18998	15792
ENSG00000172548	27	17	24	11
ENSG00000172551	0	0	0	2
ENSG00000172568	683	234	291	72
ENSG00000172575	7610	7488	7344	7077
ENSG00000172578	5150	4388	3584	3028
ENSG00000172586	1472	1620	1356	1366
ENSG00000172590	1497	1910	1299	1692
ENSG00000172594	101	199	58	234
ENSG00000172602	48	37	47	43
ENSG00000172613	492	573	464	465
ENSG00000172638	17	60	37	55
ENSG00000172650	77	149	113	95
ENSG00000172661	2337	2245	2036	1571
ENSG00000172663	707	639	668	550
ENSG00000172667	2246	1916	1740	2020
ENSG00000172671	521	422	460	325
ENSG00000172673	0	0	0	1
ENSG00000172687	209	252	203	266
ENSG00000172716	3879	4296	3512	3076
ENSG00000172717	12	10	11	7
ENSG00000172724	0	0	0	0
ENSG00000172725	689	605	506	353
ENSG00000172728	599	574	515	404
ENSG00000172731	946	1168	785	1121
ENSG00000172732	1723	1952	1527	1718
ENSG00000172733	0	1	0	0
ENSG00000172738	111	88	101	60
ENSG00000172746	1	0	0	0
ENSG00000172748	9	17	8	10
ENSG00000172752	55	38	1	27
ENSG00000172757	45910	45353	40258	38905
ENSG00000172765	1143	1163	1077	948
ENSG00000172766	538	742	524	530
ENSG00000172771	1	7	7	9
ENSG00000172775	3120	3412	2805	2739
ENSG00000172780	2797	2450	2911	2074
ENSG00000172785	2217	2439	1806	1923
ENSG00000172789	16	25	15	33
ENSG00000172794	3103	2494	2916	2803
ENSG00000172795	2593	2568	2651	2220
ENSG00000172799	0	0	0	0
ENSG00000172803	29	10	19	5
ENSG00000172809	12331	12675	10779	10299
ENSG00000172817	378	1088	242	918
ENSG00000172818	0	0	0	0
ENSG00000172819	1098	920	1113	825
ENSG00000172824	20	45	4	192
ENSG00000172828	56	63	71	97
ENSG00000172830	1029	691	899	665
ENSG00000172831	2489	2233	2177	1825
ENSG00000172840	1559	1677	1408	1264
ENSG00000172845	3660	3708	3314	2725
ENSG00000172869	1680	1913	1741	1521
ENSG00000172878	201	203	177	142
ENSG00000172888	1520	1539	1447	1213
ENSG00000172889	8	8	17	10
ENSG00000172890	2923	3429	2602	3132
ENSG00000172893	6901	7431	6223	5656
ENSG00000172901	5	5	2	10
ENSG00000172915	210	157	183	103
ENSG00000172922	1449	1527	1541	1213
ENSG00000172927	0	0	0	1
ENSG00000172932	1587	1711	1475	1483
ENSG00000172935	0	0	0	1
ENSG00000172936	5914	5640	5113	4932
ENSG00000172939	7748	7923	6857	6332
ENSG00000172940	4	0	1	0
ENSG00000172943	3209	4058	2569	3774
ENSG00000172954	956	820	818	549
ENSG00000172965	1483	1545	1522	1318
ENSG00000172969	0	0	0	0
ENSG00000172974	82	62	68	58
ENSG00000172977	1815	1779	1627	1417
ENSG00000172986	3	0	0	0
ENSG00000172992	865	900	758	791
ENSG00000173011	1258	1156	1022	967
ENSG00000173013	16	24	24	17
ENSG00000173020	32466	29628	27582	24706
ENSG00000173039	3612	3327	3154	2888
ENSG00000173040	559	398	436	249
ENSG00000173041	210	239	196	210
ENSG00000173064	1813	1911	1902	1703
ENSG00000173065	869	803	749	690
ENSG00000173077	1	1	3	1
ENSG00000173080	0	0	0	1
ENSG00000173083	49	38	93	46
ENSG00000173085	168	291	224	221
ENSG00000173110	6	23	6	24
ENSG00000173113	6429	6241	5634	5033
ENSG00000173114	138	359	65	1119
ENSG00000173120	6954	7221	6194	6030
ENSG00000173124	0	0	0	1
ENSG00000173137	288	300	217	218
ENSG00000173141	2156	2095	1918	1605
ENSG00000173145	3607	3043	2985	1749
ENSG00000173153	2465	2725	2062	2473
ENSG00000173156	0	1	0	0
ENSG00000173163	1068	951	861	728
ENSG00000173166	179	175	117	154
ENSG00000173171	1469	1353	1413	1117
ENSG00000173175	3	3	0	2
ENSG00000173193	3996	4366	3850	3617
ENSG00000173198	102	173	222	87
ENSG00000173200	151	155	167	24
ENSG00000173207	3060	2870	3090	2244
ENSG00000173208	986	1060	1119	1017
ENSG00000173209	259	908	546	712
ENSG00000173210	0	1	0	0
ENSG00000173214	125	197	152	132
ENSG00000173218	1511	1195	1593	1144
ENSG00000173221	1968	2029	1629	1817
ENSG00000173226	2544	3120	2285	2130
ENSG00000173227	13	3	13	0
ENSG00000173230	5874	6150	5509	5095
ENSG00000173237	0	0	0	0
ENSG00000173253	4554	5205	4091	4246
ENSG00000173258	9	7	15	2
ENSG00000173261	2	0	0	0
ENSG00000173262	0	0	2	0
ENSG00000173264	846	664	744	524
ENSG00000173267	3	0	0	0
ENSG00000173269	3	3	7	1
ENSG00000173272	3328	3352	3144	2886
ENSG00000173273	1329	1315	1215	947
ENSG00000173275	78	169	70	166
ENSG00000173276	1201	1090	1064	840
ENSG00000173281	413	517	346	481
ENSG00000173295	62	89	59	67
ENSG00000173302	0	2	0	0
ENSG00000173320	0	0	0	0
ENSG00000173327	5004	4465	4520	3540
ENSG00000173334	2160	3503	1955	3052
ENSG00000173338	6	4	1	2
ENSG00000173349	402	363	364	306
ENSG00000173366	9	0	14	9
ENSG00000173376	5	1	3	0
ENSG00000173402	1431	1742	1291	1495
ENSG00000173409	587	617	531	519
ENSG00000173418	2445	2988	2079	2362
ENSG00000173436	3225	3876	2784	3019
ENSG00000173442	7742	7768	7116	6464
ENSG00000173451	422	370	296	345
ENSG00000173456	2942	2148	2537	1694
ENSG00000173457	6193	6393	4962	4556
ENSG00000173465	988	974	858	718
ENSG00000173473	13761	13623	12152	10452
ENSG00000173480	254	254	246	220
ENSG00000173482	847	1765	930	1696
ENSG00000173486	1679	1748	1355	1383
ENSG00000173511	1447	1336	1273	1043
ENSG00000173517	1006	447	810	504
ENSG00000173530	59	96	60	74
ENSG00000173531	76	148	97	109
ENSG00000173535	0	0	0	0
ENSG00000173540	3343	3596	3096	2807
ENSG00000173542	1230	1414	1074	1125
ENSG00000173545	2074	2361	1741	1905
ENSG00000173546	129	94	66	136
ENSG00000173548	598	494	501	482
ENSG00000173559	450	532	456	382
ENSG00000173567	28	48	46	64
ENSG00000173575	4993	5176	4961	3979
ENSG00000173581	71	68	63	61
ENSG00000173588	525	648	533	463
ENSG00000173598	3867	4910	3402	3517
ENSG00000173599	546	670	468	744
ENSG00000173611	440	399	404	374
ENSG00000173614	426	376	354	364
ENSG00000173621	1704	1993	1605	1186
ENSG00000173638	2135	2359	1960	1516
ENSG00000173653	652	680	534	476
ENSG00000173660	4354	4536	4011	3827
ENSG00000173662	1	5	0	0
ENSG00000173674	7223	11107	5893	9951
ENSG00000173681	202	329	194	330
ENSG00000173692	7881	9878	7436	8237
ENSG00000173699	3	4	1	24
ENSG00000173706	3185	1589	3302	1388
ENSG00000173714	0	0	0	0
ENSG00000173715	252	291	218	243
ENSG00000173726	8282	8635	6897	7005
ENSG00000173727	60	73	61	73
ENSG00000173744	5263	4417	3820	3337
ENSG00000173757	11293	9984	9405	7652
ENSG00000173762	18	72	96	80
ENSG00000173786	3338	3316	2852	2794
ENSG00000173801	179	564	48	1264
ENSG00000173809	3	0	1	2
ENSG00000173812	25390	27597	22630	22363
ENSG00000173818	244	220	234	206
ENSG00000173821	24370	42591	29749	45320
ENSG00000173825	26	27	33	20
ENSG00000173838	1	1	0	2
ENSG00000173846	1499	1423	1198	1367
ENSG00000173848	5009	8487	4677	8431
ENSG00000173852	1199	1303	1163	1108
ENSG00000173867	9	31	32	51
ENSG00000173868	45	3	40	1
ENSG00000173875	798	750	709	595
ENSG00000173889	2961	3424	2882	2865
ENSG00000173890	555	843	526	773
ENSG00000173894	890	1337	796	1369
ENSG00000173898	130	158	44	121
ENSG00000173905	3378	3328	2748	2679
ENSG00000173914	626	605	575	453
ENSG00000173915	2904	3152	2602	2337
ENSG00000173917	6	7	2	7
ENSG00000173918	27	19	4	23
ENSG00000173926	5	12	4	8
ENSG00000173928	127	114	132	92
ENSG00000173930	5	8	9	11
ENSG00000173933	3928	3833	3426	3170
ENSG00000173950	908	744	881	654
ENSG00000173960	963	1200	930	965
ENSG00000173988	0	2	2	5
ENSG00000173991	10	21	17	15
ENSG00000173992	644	629	543	538
ENSG00000174004	3517	4158	3307	3892
ENSG00000174007	621	529	524	512
ENSG00000174010	558	860	469	894
ENSG00000174013	3145	3888	2762	3014
ENSG00000174015	3	1	0	2
ENSG00000174021	3089	3151	2635	2552
ENSG00000174028	170	317	224	136
ENSG00000174032	1315	1530	1176	1350
ENSG00000174059	1	1	0	0
ENSG00000174080	146	137	95	104
ENSG00000174099	0	8	0	6
ENSG00000174106	1618	1506	1541	1216
ENSG00000174109	587	689	549	521
ENSG00000174125	77	69	121	39
ENSG00000174130	6	6	2	1
ENSG00000174132	332	421	255	414
ENSG00000174136	401	317	231	181
ENSG00000174137	11	38	16	36
ENSG00000174145	0	0	0	0
ENSG00000174151	468	492	402	432
ENSG00000174165	1512	1334	1279	1174
ENSG00000174171	30	90	59	36
ENSG00000174173	2491	2934	2254	2084
ENSG00000174177	1066	1381	989	1003
ENSG00000174197	2053	2082	2078	1619
ENSG00000174206	518	600	405	452
ENSG00000174226	0	0	0	0
ENSG00000174227	951	1051	886	903
ENSG00000174231	21309	25514	20777	21001
ENSG00000174233	34	32	11	67
ENSG00000174236	2	0	1	1
ENSG00000174238	3316	3742	2692	2935
ENSG00000174243	6274	6440	5751	5461
ENSG00000174255	0	0	0	1
ENSG00000174276	514	466	476	333
ENSG00000174282	2817	3222	2567	3012
ENSG00000174292	17	8	13	20
ENSG00000174306	545	709	478	560
ENSG00000174307	1163	2009	893	2348
ENSG00000174326	23	100	31	110
ENSG00000174327	508	538	620	434
ENSG00000174332	0	0	0	0
ENSG00000174343	0	0	0	5
ENSG00000174353	621	757	545	473
ENSG00000174358	0	0	0	0
ENSG00000174365	148	187	121	133
ENSG00000174370	54	10	30	20
ENSG00000174371	1235	1629	1314	1128
ENSG00000174373	1965	1751	1784	1266
ENSG00000174384	75	28	54	37
ENSG00000174403	0	0	0	0
ENSG00000174405	707	928	579	707
ENSG00000174428	301	261	296	343
ENSG00000174437	20693	27252	17092	22726
ENSG00000174442	1790	2304	1733	1713
ENSG00000174444	84762	78030	74048	59509
ENSG00000174446	778	769	816	651
ENSG00000174448	0	1	1	2
ENSG00000174456	383	375	331	333
ENSG00000174460	1	0	0	1
ENSG00000174483	308	300	356	287
ENSG00000174485	5185	6936	4446	4966
ENSG00000174500	222	327	275	272
ENSG00000174501	312	300	376	258
ENSG00000174514	25	30	25	29
ENSG00000174516	379	391	267	267
ENSG00000174521	0	0	0	0
ENSG00000174529	41	42	43	50
ENSG00000174547	2277	2227	2049	1724
ENSG00000174564	11	23	11	11
ENSG00000174574	3636	3907	3202	2984
ENSG00000174576	1	7	0	4
ENSG00000174579	3581	3511	3280	2632
ENSG00000174586	36	12	29	12
ENSG00000174599	0	1	0	0
ENSG00000174600	6	4	4	8
ENSG00000174606	1113	1375	1036	1056
ENSG00000174607	0	0	1	0
ENSG00000174628	27	17	24	11
ENSG00000174652	934	1045	897	857
ENSG00000174669	220	202	212	111
ENSG00000174672	36	11	22	21
ENSG00000174684	781	799	733	692
ENSG00000174695	2423	2729	2165	2323
ENSG00000174705	16	12	9	12
ENSG00000174718	4204	2789	3581	2375
ENSG00000174720	2072	2458	2179	1859
ENSG00000174721	54	83	64	36
ENSG00000174738	829	937	649	841
ENSG00000174744	2387	2416	1959	1994
ENSG00000174748	70486	71286	62149	59077
ENSG00000174749	1727	1571	1281	1157
ENSG00000174775	1294	1904	1113	1773
ENSG00000174776	0	0	0	0
ENSG00000174780	8646	9638	8158	7157
ENSG00000174788	7	1	2	0
ENSG00000174791	14	28	21	49
ENSG00000174792	462	579	358	417
ENSG00000174796	601	606	558	527
ENSG00000174799	2026	1671	1790	1094
ENSG00000174804	16	14	13	6
ENSG00000174827	1	3	0	1
ENSG00000174837	0	1	2	0
ENSG00000174839	1208	1379	1016	1079
ENSG00000174840	2955	3406	2733	2770
ENSG00000174842	459	624	476	436
ENSG00000174844	0	0	0	0
ENSG00000174851	2700	2796	2335	2227
ENSG00000174871	1	6	8	5
ENSG00000174885	1	3	4	2
ENSG00000174886	3332	3286	3072	3156
ENSG00000174891	2444	2732	2521	1926
ENSG00000174898	0	0	0	0
ENSG00000174903	9940	9705	9083	8803
ENSG00000174912	22	25	11	9
ENSG00000174915	809	945	675	772
ENSG00000174917	1413	1368	1254	1096
ENSG00000174928	99	107	62	89
ENSG00000174938	25	19	14	20
ENSG00000174939	133	117	110	77
ENSG00000174943	829	1072	748	780
ENSG00000174944	23	6	50	17
ENSG00000174945	11	25	15	3
ENSG00000174946	4552	3670	3864	3379
ENSG00000174951	12	28	26	45
ENSG00000174953	4922	5414	4630	4240
ENSG00000174977	9	8	6	15
ENSG00000174989	781	768	591	597
ENSG00000174996	2134	2563	1835	2108
ENSG00000175003	1	3	2	6
ENSG00000175029	7	6	32	6
ENSG00000175040	8006	5585	6983	2374
ENSG00000175048	1784	1680	1806	1330
ENSG00000175054	3543	4270	3033	3038
ENSG00000175061	8210	8618	7203	6099
ENSG00000175063	2519	1927	2506	1585
ENSG00000175065	0	0	2	0
ENSG00000175066	822	1106	674	949
ENSG00000175073	1735	1839	1694	1481
ENSG00000175077	0	0	0	2
ENSG00000175084	1	11	0	12
ENSG00000175087	610	752	608	476
ENSG00000175093	2	0	0	0
ENSG00000175104	473	437	366	311
ENSG00000175105	1781	1799	1738	1508
ENSG00000175106	80	118	60	96
ENSG00000175110	1985	2143	1744	1707
ENSG00000175115	5121	4084	4680	3713
ENSG00000175121	0	0	1	2
ENSG00000175130	1045	920	834	846
ENSG00000175137	1881	1547	1636	1397
ENSG00000175155	2436	1516	1732	1088
ENSG00000175161	20	7	19	5
ENSG00000175166	17762	20938	15021	17969
ENSG00000175170	0	0	0	0
ENSG00000175175	1	3	0	4
ENSG00000175182	722	746	565	781
ENSG00000175183	13	2	2	5
ENSG00000175189	0	1	2	1
ENSG00000175193	3487	3475	2915	2525
ENSG00000175197	335	515	267	373
ENSG00000175198	541	392	413	270
ENSG00000175202	1	0	0	0
ENSG00000175203	5413	5600	4513	4501
ENSG00000175213	470	470	440	342
ENSG00000175215	5482	5235	5134	4592
ENSG00000175216	7866	8330	8195	6663
ENSG00000175220	3856	3310	3417	2875
ENSG00000175221	2816	2366	2453	2001
ENSG00000175224	2909	2638	2573	2152
ENSG00000175264	40	3	20	2
ENSG00000175265	767	2241	1153	1616
ENSG00000175274	687	130	507	120
ENSG00000175279	404	477	409	404
ENSG00000175283	556	533	511	531
ENSG00000175287	0	7	1	0
ENSG00000175294	51	67	43	79
ENSG00000175305	528	763	575	615
ENSG00000175309	950	1033	944	883
ENSG00000175315	9	6	2	2
ENSG00000175322	193	197	200	141
ENSG00000175324	1383	1489	1201	1182
ENSG00000175329	0	0	0	1
ENSG00000175334	7879	7317	6765	6192
ENSG00000175344	0	0	0	0
ENSG00000175348	1735	1731	1373	1445
ENSG00000175352	91	61	46	128
ENSG00000175354	2474	2551	2232	1767
ENSG00000175356	19	1	7	0
ENSG00000175376	1019	1058	934	941
ENSG00000175387	4111	4206	3515	3258
ENSG00000175390	9604	8568	8512	7260
ENSG00000175395	339	353	273	377
ENSG00000175414	937	605	791	459
ENSG00000175416	2557	2859	2143	2615
ENSG00000175449	84	69	79	39
ENSG00000175455	989	1352	959	1071
ENSG00000175463	2639	2806	2398	2419
ENSG00000175467	6616	6330	5815	5173
ENSG00000175470	1448	1542	1231	1259
ENSG00000175471	1	6	0	0
ENSG00000175482	1519	1338	1206	1352
ENSG00000175489	0	0	0	3
ENSG00000175505	57	109	48	136
ENSG00000175518	1	0	1	0
ENSG00000175536	60	64	62	59
ENSG00000175544	0	0	2	2
ENSG00000175548	557	617	517	513
ENSG00000175550	5392	5109	4474	4419
ENSG00000175564	585	207	364	111
ENSG00000175567	28690	17549	25052	13441
ENSG00000175573	1102	820	900	853
ENSG00000175575	871	979	838	798
ENSG00000175581	1053	1149	1018	931
ENSG00000175582	4744	5195	3963	4603
ENSG00000175591	2	36	1	40
ENSG00000175592	172	422	87	449
ENSG00000175595	958	1027	931	817
ENSG00000175600	0	3	0	6
ENSG00000175602	7213	7120	6152	5628
ENSG00000175606	1410	1711	1231	1428
ENSG00000175611	109	109	107	85
ENSG00000175634	2381	2679	1980	2372
ENSG00000175643	807	761	822	702
ENSG00000175658	0	0	0	1
ENSG00000175662	1276	1272	1104	1141
ENSG00000175676	0	0	0	0
ENSG00000175691	115	85	106	81
ENSG00000175697	0	1	0	0
ENSG00000175699	0	0	0	0
ENSG00000175701	728	736	676	708
ENSG00000175711	267	386	296	337
ENSG00000175727	2871	2132	2420	1600
ENSG00000175728	0	0	0	0
ENSG00000175730	2	6	3	6
ENSG00000175741	30	52	51	34
ENSG00000175745	0	0	0	0
ENSG00000175746	0	1	2	1
ENSG00000175756	3963	4316	3571	3566
ENSG00000175764	144	145	116	95
ENSG00000175768	2980	3562	2772	2648
ENSG00000175772	25	64	16	27
ENSG00000175773	1	0	0	0
ENSG00000175779	425	455	327	478
ENSG00000175782	386	464	331	418
ENSG00000175785	5	11	3	1
ENSG00000175787	82	88	85	80
ENSG00000175792	9356	10203	7620	7654
ENSG00000175793	5	4	0	1
ENSG00000175806	562	612	524	523
ENSG00000175820	14	10	8	9
ENSG00000175826	6613	6169	5812	4762
ENSG00000175832	443	512	321	368
ENSG00000175841	5	3	11	5
ENSG00000175854	377	421	336	329
ENSG00000175866	91	96	121	118
ENSG00000175868	0	0	1	0
ENSG00000175874	4	8	0	4
ENSG00000175877	0	2	0	0
ENSG00000175879	0	1	0	0
ENSG00000175886	10	10	5	5
ENSG00000175893	747	1019	739	712
ENSG00000175895	592	502	443	319
ENSG00000175906	68	63	87	59
ENSG00000175920	165	25	195	26
ENSG00000175931	3044	3088	2672	2355
ENSG00000175938	1122	1363	924	1637
ENSG00000175946	0	0	0	1
ENSG00000175970	2306	2449	1951	1919
ENSG00000175984	2	6	4	2
ENSG00000175985	3	0	0	1
ENSG00000176014	4654	8520	3819	8459
ENSG00000176018	1069	1415	937	1103
ENSG00000176020	126	64	54	120
ENSG00000176022	2136	1929	1840	1651
ENSG00000176024	235	174	157	160
ENSG00000176049	277	373	214	330
ENSG00000176054	1	6	1	2
ENSG00000176055	451	471	329	337
ENSG00000176058	811	912	711	701
ENSG00000176076	18	13	14	34
ENSG00000176083	1392	1030	944	1767
ENSG00000176087	4389	4489	3969	3938
ENSG00000176092	46	34	30	46
ENSG00000176095	4289	4151	3875	3618
ENSG00000176101	3557	3516	2979	2971
ENSG00000176102	1946	2055	1691	1542
ENSG00000176105	763	879	810	573
ENSG00000176108	1466	1310	1327	1223
ENSG00000176124	257	305	234	229
ENSG00000176125	85	87	57	51
ENSG00000176136	2	1	1	1
ENSG00000176142	1669	1839	1360	1465
ENSG00000176148	556	527	531	484
ENSG00000176155	662	970	644	814
ENSG00000176160	3	0	0	0
ENSG00000176170	71	117	50	90
ENSG00000176171	2086	2467	2092	2234
ENSG00000176177	0	0	0	2
ENSG00000176182	501	508	364	455
ENSG00000176208	933	1260	1057	865
ENSG00000176209	876	962	836	937
ENSG00000176222	0	3	1	2
ENSG00000176225	782	974	892	805
ENSG00000176236	2	2	1	1
ENSG00000176244	99	66	63	61
ENSG00000176248	1876	2014	1640	1634
ENSG00000176261	702	726	618	574
ENSG00000176268	7	0	0	0
ENSG00000176273	217	282	170	172
ENSG00000176289	2	0	0	1
ENSG00000176340	6113	6689	5338	6603
ENSG00000176343	0	2	0	0
ENSG00000176349	0	0	1	0
ENSG00000176371	898	848	667	812
ENSG00000176381	0	0	5	0
ENSG00000176383	5	5	0	5
ENSG00000176386	1247	1284	1044	1112
ENSG00000176387	7	14	5	16
ENSG00000176390	2424	2455	2215	1999
ENSG00000176393	2867	3623	2238	3658
ENSG00000176396	718	837	680	756
ENSG00000176399	0	0	0	0
ENSG00000176401	103	131	96	147
ENSG00000176402	2	0	2	5
ENSG00000176406	58	31	57	37
ENSG00000176407	2841	3029	2605	2531
ENSG00000176410	722	724	701	655
ENSG00000176422	265	364	237	288
ENSG00000176428	1	1	4	4
ENSG00000176438	5896	5867	5610	4749
ENSG00000176444	1740	1821	1736	1400
ENSG00000176454	2579	2718	2215	2472
ENSG00000176463	445	429	391	330
ENSG00000176472	101	89	84	80
ENSG00000176473	285	246	260	210
ENSG00000176476	431	502	453	463
ENSG00000176485	2096	1394	1750	1115
ENSG00000176490	4	4	0	1
ENSG00000176531	214	163	188	160
ENSG00000176533	0	10	2	20
ENSG00000176542	1923	1795	1802	1356
ENSG00000176563	1	12	3	4
ENSG00000176593	9	3	14	7
ENSG00000176595	154	407	155	386
ENSG00000176597	40	27	31	18
ENSG00000176619	13526	14275	12123	11189
ENSG00000176623	1323	1625	1111	1218
ENSG00000176624	3499	3757	3044	2356
ENSG00000176635	0	0	0	1
ENSG00000176658	44	67	27	60
ENSG00000176659	129	262	167	223
ENSG00000176678	0	0	6	1
ENSG00000176681	140	107	113	106
ENSG00000176700	229	267	251	245
ENSG00000176714	42	29	28	27
ENSG00000176715	1104	1088	920	797
ENSG00000176720	12	0	9	0
ENSG00000176723	8	5	5	4
ENSG00000176728	43	20	13	33
ENSG00000176731	967	1127	910	880
ENSG00000176732	8	10	1	13
ENSG00000176749	35	38	42	57
ENSG00000176753	0	0	0	0
ENSG00000176783	2190	2125	1861	1739
ENSG00000176788	3162	4351	1458	4588
ENSG00000176809	69	63	54	43
ENSG00000176826	3	4	7	1
ENSG00000176834	151	139	168	104
ENSG00000176842	416	296	394	355
ENSG00000176845	351	555	361	620
ENSG00000176853	3865	4951	3491	4278
ENSG00000176868	5	4	5	5
ENSG00000176871	2118	1918	1987	1654
ENSG00000176884	3	1	8	0
ENSG00000176887	1	0	0	0
ENSG00000176890	10481	12076	10506	9497
ENSG00000176894	343	434	340	334
ENSG00000176896	58	139	74	114
ENSG00000176903	3246	3953	2806	3461
ENSG00000176909	24	32	26	25
ENSG00000176912	80	117	92	103
ENSG00000176915	3906	4125	3436	3165
ENSG00000176919	0	2	0	1
ENSG00000176927	2	5	6	12
ENSG00000176928	36	14	33	8
ENSG00000176933	3	6	4	0
ENSG00000176945	26	35	19	36
ENSG00000176946	2505	3040	1991	2574
ENSG00000176953	1871	1962	1867	1695
ENSG00000176973	1252	947	1120	906
ENSG00000176974	1317	1593	1198	1507
ENSG00000176978	4394	4542	4187	3527
ENSG00000176986	8211	8164	7102	6784
ENSG00000176994	2669	2417	2509	1879
ENSG00000176998	6	6	4	14
ENSG00000177000	1208	879	1009	700
ENSG00000177025	0	0	1	0
ENSG00000177030	1572	1645	1421	1319
ENSG00000177034	758	1145	852	827
ENSG00000177042	227	256	249	235
ENSG00000177045	368	363	299	323
ENSG00000177047	0	0	0	0
ENSG00000177051	1105	1307	985	967
ENSG00000177054	617	758	603	601
ENSG00000177058	431	443	383	317
ENSG00000177076	71	69	43	74
ENSG00000177082	536	566	477	373
ENSG00000177084	3001	4109	3334	3356
ENSG00000177096	0	4	1	4
ENSG00000177098	39	18	17	20
ENSG00000177103	12	24	11	21
ENSG00000177105	5330	5570	4690	4737
ENSG00000177106	375	201	404	235
ENSG00000177108	0	0	2	0
ENSG00000177119	2766	3142	2435	2628
ENSG00000177125	253	293	264	249
ENSG00000177144	76	22	34	24
ENSG00000177150	1349	1557	1220	1192
ENSG00000177156	9184	9656	8171	8524
ENSG00000177169	1368	1397	1228	1210
ENSG00000177173	9	16	10	9
ENSG00000177181	313	411	189	404
ENSG00000177189	5164	6746	4374	6274
ENSG00000177191	97	166	95	163
ENSG00000177192	2908	3184	2387	2286
ENSG00000177197	3	1	2	1
ENSG00000177200	1822	1769	1528	1562
ENSG00000177225	970	1270	931	986
ENSG00000177234	1	0	0	0
ENSG00000177239	1802	1619	1490	1388
ENSG00000177272	2033	1626	1958	1295
ENSG00000177283	22	9	12	17
ENSG00000177294	3	0	0	3
ENSG00000177301	265	232	291	289
ENSG00000177302	1853	2097	1760	1549
ENSG00000177303	38	12	13	17
ENSG00000177311	1993	1752	1651	1415
ENSG00000177335	61	88	77	61
ENSG00000177337	131	119	159	99
ENSG00000177338	0	0	1	0
ENSG00000177340	22	6	31	3
ENSG00000177350	0	0	1	0
ENSG00000177352	2198	1948	1967	1574
ENSG00000177359	0	3	0	0
ENSG00000177363	3	0	0	0
ENSG00000177370	1424	1398	1307	1135
ENSG00000177374	205	84	344	158
ENSG00000177380	269	267	252	202
ENSG00000177383	2116	1917	1628	1564
ENSG00000177398	3	3	1	4
ENSG00000177406	215	176	156	139
ENSG00000177409	2228	2913	1832	3025
ENSG00000177410	2612	2538	2243	1813
ENSG00000177418	0	0	1	0
ENSG00000177425	269	8	172	8
ENSG00000177426	423	254	422	149
ENSG00000177427	184	228	258	196
ENSG00000177432	429	506	391	365
ENSG00000177453	17	14	10	12
ENSG00000177463	3254	3041	3045	2426
ENSG00000177464	1	0	0	0
ENSG00000177465	83	149	29	165
ENSG00000177468	10	42	3	19
ENSG00000177469	52	26	7	32
ENSG00000177479	6739	7789	5663	6184
ENSG00000177483	2	12	6	8
ENSG00000177485	1879	2802	1560	2359
ENSG00000177494	30839	15521	23268	6117
ENSG00000177508	2242	1945	2472	1344
ENSG00000177511	0	0	0	0
ENSG00000177542	2556	2891	2246	2132
ENSG00000177548	913	995	804	816
ENSG00000177556	678	788	542	620
ENSG00000177565	6105	5332	6096	4236
ENSG00000177570	0	2	1	0
ENSG00000177576	858	933	737	831
ENSG00000177595	920	1175	800	1205
ENSG00000177599	0	0	0	1
ENSG00000177600	19997	19461	17940	15561
ENSG00000177602	516	561	566	388
ENSG00000177606	8873	7739	7660	6147
ENSG00000177613	2301	2247	2161	1722
ENSG00000177614	0	1	0	1
ENSG00000177627	0	0	0	1
ENSG00000177628	1464	1337	1335	1252
ENSG00000177640	6	7	3	3
ENSG00000177646	3224	3406	2867	2724
ENSG00000177663	1455	1264	1526	1094
ENSG00000177666	2608	2609	2442	2351
ENSG00000177674	379	451	461	485
ENSG00000177679	4	1	0	1
ENSG00000177683	940	1217	953	937
ENSG00000177685	228	380	210	313
ENSG00000177688	7	13	11	8
ENSG00000177692	17	8	3	6
ENSG00000177697	3123	2873	2571	2672
ENSG00000177700	2506	2541	1989	2452
ENSG00000177706	6	0	3	2
ENSG00000177707	178	288	298	177
ENSG00000177710	4	2	0	0
ENSG00000177721	136	175	133	146
ENSG00000177725	1	1	7	4
ENSG00000177728	2340	2255	2064	2074
ENSG00000177731	11932	11380	10493	9242
ENSG00000177732	1538	1516	1378	1120
ENSG00000177733	13487	12029	12099	8612
ENSG00000177736	0	0	1	0
ENSG00000177738	191	247	193	177
ENSG00000177788	4	1	1	0
ENSG00000177807	1	0	4	2
ENSG00000177822	31	75	6	27
ENSG00000177830	2277	2415	2094	1991
ENSG00000177839	6	0	1	0
ENSG00000177842	218	197	218	116
ENSG00000177853	853	860	689	605
ENSG00000177854	426	529	277	614
ENSG00000177855	32	22	36	21
ENSG00000177868	259	276	203	252
ENSG00000177873	373	279	387	235
ENSG00000177875	129	79	65	68
ENSG00000177879	3848	4043	3189	3602
ENSG00000177885	7429	7510	6751	6136
ENSG00000177888	477	527	429	490
ENSG00000177889	9010	9986	7626	7446
ENSG00000177910	1	1	0	1
ENSG00000177917	1535	1771	1401	1559
ENSG00000177932	2	0	1	0
ENSG00000177943	143	297	188	226
ENSG00000177946	240	225	194	142
ENSG00000177951	1752	1687	1380	1418
ENSG00000177954	22507	20309	20612	17295
ENSG00000177963	5034	4444	4499	3462
ENSG00000177971	3302	3149	2977	2501
ENSG00000177981	1373	1388	1310	1137
ENSG00000177984	1	2	1	1
ENSG00000177989	74	57	39	77
ENSG00000177990	10	17	4	15
ENSG00000178015	9	1	3	7
ENSG00000178026	174	221	172	227
ENSG00000178028	1045	1201	955	1010
ENSG00000178031	2	0	0	0
ENSG00000178035	19275	19316	16693	14396
ENSG00000178038	0	1	3	1
ENSG00000178053	0	0	0	0
ENSG00000178057	4442	4504	4027	3806
ENSG00000178074	1155	1289	1067	1116
ENSG00000178075	22	7	11	6
ENSG00000178078	86	135	55	86
ENSG00000178081	0	0	0	4
ENSG00000178082	2	11	0	4
ENSG00000178084	0	0	0	0
ENSG00000178093	59	55	66	57
ENSG00000178096	426	406	412	352
ENSG00000178104	1310	1241	1140	700
ENSG00000178105	2069	2380	1827	1841
ENSG00000178115	92	86	112	290
ENSG00000178127	4557	5348	4177	4521
ENSG00000178146	26	42	42	26
ENSG00000178149	1632	1403	1462	1060
ENSG00000178150	10	8	3	6
ENSG00000178162	40	249	4	213
ENSG00000178163	957	817	830	617
ENSG00000178177	621	678	726	661
ENSG00000178184	10	43	5	50
ENSG00000178188	831	1128	793	905
ENSG00000178199	1413	929	1060	704
ENSG00000178201	0	0	1	0
ENSG00000178202	1310	1209	1180	981
ENSG00000178209	22057	20711	22066	17634
ENSG00000178217	0	0	0	0
ENSG00000178226	3	6	7	7
ENSG00000178229	245	192	147	146
ENSG00000178233	0	2	0	0
ENSG00000178234	1190	1374	1001	1306
ENSG00000178235	0	0	0	0
ENSG00000178252	9660	8811	8859	6847
ENSG00000178295	935	1012	840	712
ENSG00000178297	0	3	0	0
ENSG00000178301	45	71	47	53
ENSG00000178307	980	1116	898	902
ENSG00000178338	45	72	36	79
ENSG00000178342	0	0	1	1
ENSG00000178343	2	4	2	3
ENSG00000178381	314	299	266	246
ENSG00000178385	621	536	531	435
ENSG00000178397	494	559	494	503
ENSG00000178401	5	7	5	4
ENSG00000178403	1	2	5	2
ENSG00000178409	403	461	418	393
ENSG00000178412	4	2	0	0
ENSG00000178425	1405	1704	1210	1557
ENSG00000178429	24	25	18	17
ENSG00000178440	0	2	3	2
ENSG00000178445	1	7	1	3
ENSG00000178449	1239	1353	935	1159
ENSG00000178458	2	1	2	5
ENSG00000178462	3	11	7	13
ENSG00000178464	172	193	162	195
ENSG00000178467	1352	1551	1272	1342
ENSG00000178498	635	237	296	97
ENSG00000178502	97	142	95	99
ENSG00000178531	159	88	99	63
ENSG00000178537	1196	1252	958	1054
ENSG00000178562	1352	683	1366	153
ENSG00000178567	1253	1669	1468	1488
ENSG00000178573	2620	3326	2315	3696
ENSG00000178585	206	289	202	384
ENSG00000178605	3568	4568	3025	4177
ENSG00000178607	566	567	451	442
ENSG00000178623	217	105	156	81
ENSG00000178631	5	3	2	6
ENSG00000178654	0	1	0	1
ENSG00000178660	2	3	1	1
ENSG00000178665	58	39	50	30
ENSG00000178685	3104	3325	3102	2946
ENSG00000178691	5033	5337	4858	4270
ENSG00000178694	948	1110	728	824
ENSG00000178695	485	451	337	233
ENSG00000178700	1218	998	971	704
ENSG00000178715	6	6	7	1
ENSG00000178718	780	694	679	413
ENSG00000178719	6377	5472	5580	4484
ENSG00000178726	11	7	1	5
ENSG00000178732	124	249	81	91
ENSG00000178741	6352	6806	5817	5838
ENSG00000178750	2	0	1	0
ENSG00000178752	7	0	1	3
ENSG00000178761	782	1157	832	926
ENSG00000178764	284	219	267	144
ENSG00000178773	113	126	143	73
ENSG00000178789	5	7	3	3
ENSG00000178802	2203	2233	2115	2085
ENSG00000178803	0	0	0	1
ENSG00000178809	16	15	15	20
ENSG00000178814	158	177	176	149
ENSG00000178821	4	28	9	6
ENSG00000178826	6	6	11	4
ENSG00000178852	14	9	33	7
ENSG00000178860	2456	2224	2418	1562
ENSG00000178878	244	178	243	164
ENSG00000178896	1267	1318	1075	1045
ENSG00000178904	589	807	592	643
ENSG00000178913	3254	3733	2738	3202
ENSG00000178917	110	108	75	85
ENSG00000178919	5	2	0	0
ENSG00000178921	4474	5754	4748	4475
ENSG00000178922	528	530	391	329
ENSG00000178927	5587	5410	4956	4880
ENSG00000178935	239	227	217	155
ENSG00000178947	3	2	0	0
ENSG00000178950	5273	5235	4582	4531
ENSG00000178951	5934	5986	5624	5623
ENSG00000178952	13419	13953	11230	10658
ENSG00000178966	1029	1315	969	1005
ENSG00000178971	1589	1636	1504	1356
ENSG00000178974	947	1085	901	858
ENSG00000178977	179	119	187	141
ENSG00000178980	1652	1652	1530	1382
ENSG00000178982	7300	6643	6164	5697
ENSG00000178988	3020	2831	2621	2327
ENSG00000178996	670	593	769	511
ENSG00000178999	2647	2492	2754	1940
ENSG00000179010	10219	10318	8642	8336
ENSG00000179021	1571	1375	1317	1055
ENSG00000179023	0	0	0	1
ENSG00000179029	441	347	406	219
ENSG00000179041	2838	3439	2527	2709
ENSG00000179044	3	1	4	0
ENSG00000179046	0	3	1	0
ENSG00000179051	11867	11037	10883	9035
ENSG00000179057	0	0	0	0
ENSG00000179059	0	1	0	0
ENSG00000179082	0	0	0	2
ENSG00000179085	1251	1212	1156	1125
ENSG00000179088	30	24	25	13
ENSG00000179091	6363	6593	5809	5081
ENSG00000179094	1471	1419	1367	868
ENSG00000179101	0	0	4	2
ENSG00000179104	21	17	32	5
ENSG00000179111	18	33	14	18
ENSG00000179115	6764	7152	6043	5889
ENSG00000179119	1706	1852	1637	1907
ENSG00000179133	0	0	0	0
ENSG00000179134	2419	2632	2222	2180
ENSG00000179141	0	0	0	0
ENSG00000179144	359	117	338	40
ENSG00000179148	6	4	3	8
ENSG00000179151	2897	2679	2639	2327
ENSG00000179152	1111	970	950	868
ENSG00000179163	350	714	272	1088
ENSG00000179165	0	1	0	0
ENSG00000179168	0	6	4	5
ENSG00000179172	0	0	0	0
ENSG00000179195	3939	4114	3403	3249
ENSG00000179213	0	2	0	7
ENSG00000179218	50773	52495	42706	43271
ENSG00000179222	2193	2502	2015	1936
ENSG00000179240	29	64	26	18
ENSG00000179241	4	2	4	2
ENSG00000179262	8716	9368	8016	8143
ENSG00000179271	3234	3381	2718	2514
ENSG00000179284	0	1	0	1
ENSG00000179295	10903	11412	9424	8708
ENSG00000179299	0	0	2	1
ENSG00000179300	12	10	16	10
ENSG00000179304	258	1030	318	651
ENSG00000179331	2	1	1	0
ENSG00000179335	2867	3106	2599	2743
ENSG00000179342	0	0	1	0
ENSG00000179344	10081	7989	9839	6326
ENSG00000179348	155	602	51	1041
ENSG00000179361	2714	2457	2348	2105
ENSG00000179362	9	12	10	8
ENSG00000179363	0	1	2	0
ENSG00000179364	944	1043	927	849
ENSG00000179387	862	853	787	784
ENSG00000179388	1072	390	1072	322
ENSG00000179397	7	3	2	1
ENSG00000179399	10	15	1	3
ENSG00000179403	28	17	25	19
ENSG00000179406	90	117	74	78
ENSG00000179409	2963	3208	2783	2370
ENSG00000179428	0	7	1	5
ENSG00000179431	1	3	0	3
ENSG00000179454	604	576	639	455
ENSG00000179456	372	264	252	173
ENSG00000179468	0	0	0	0
ENSG00000179476	112	156	123	126
ENSG00000179477	26	21	26	26
ENSG00000179523	171	179	138	130
ENSG00000179526	1255	1202	1202	1041
ENSG00000179528	43	25	18	32
ENSG00000179532	271	436	302	340
ENSG00000179562	1905	1862	1601	1505
ENSG00000179564	4	1	0	0
ENSG00000179580	0	0	0	1
ENSG00000179583	9066	8618	8731	6675
ENSG00000179588	749	626	647	583
ENSG00000179593	2	0	0	0
ENSG00000179598	1488	1281	1279	1016
ENSG00000179604	423	482	364	546
ENSG00000179611	59	67	47	41
ENSG00000179626	2	0	0	0
ENSG00000179627	151	128	147	98
ENSG00000179630	87	84	94	14
ENSG00000179632	5854	5175	5015	4052
ENSG00000179673	0	0	0	0
ENSG00000179674	0	0	0	1
ENSG00000179698	6	14	8	17
ENSG00000179715	906	512	719	404
ENSG00000179743	90	108	90	81
ENSG00000179750	1459	1460	1743	1593
ENSG00000179761	22	30	21	13
ENSG00000179766	1	1	0	3
ENSG00000179799	0	2	0	2
ENSG00000179818	373	345	364	285
ENSG00000179820	2120	1990	2061	1719
ENSG00000179832	684	653	638	504
ENSG00000179833	1968	2416	1733	1827
ENSG00000179840	30	42	38	33
ENSG00000179841	680	516	611	569
ENSG00000179846	10	5	12	9
ENSG00000179855	29	4	30	5
ENSG00000179859	96	91	92	103
ENSG00000179862	238	160	174	150
ENSG00000179869	0	0	0	0
ENSG00000179873	0	1	4	2
ENSG00000179886	761	672	647	617
ENSG00000179889	3103	3436	2485	2964
ENSG00000179899	63	61	45	53
ENSG00000179909	0	0	1	1
ENSG00000179912	1622	1910	1522	1572
ENSG00000179914	0	0	0	1
ENSG00000179918	5509	5584	4746	4546
ENSG00000179921	0	6	4	4
ENSG00000179922	195	241	164	169
ENSG00000179933	2028	2156	1818	1798
ENSG00000179934	3099	1843	2502	961
ENSG00000179935	0	0	2	0
ENSG00000179938	2	0	0	1
ENSG00000179941	264	347	260	281
ENSG00000179943	809	713	763	501
ENSG00000179950	7465	7030	6777	5213
ENSG00000179954	5	5	1	4
ENSG00000179958	5390	5703	4721	4628
ENSG00000179965	168	173	159	119
ENSG00000179967	135	116	113	115
ENSG00000179978	17	24	30	49
ENSG00000179981	1337	1681	1282	1205
ENSG00000179988	74	80	67	50
ENSG00000179994	1	0	0	0
ENSG00000180008	1824	2347	1709	1759
ENSG00000180011	2343	2518	2147	1787
ENSG00000180015	3	7	1	1
ENSG00000180035	1375	1097	1031	847
ENSG00000180044	525	307	374	191
ENSG00000180053	1	0	1	0
ENSG00000180061	18	12	11	17
ENSG00000180066	7	10	14	13
ENSG00000180071	0	7	0	2
ENSG00000180089	97	129	116	147
ENSG00000180096	7581	6292	6667	5317
ENSG00000180098	771	763	704	631
ENSG00000180104	3077	3132	2712	2420
ENSG00000180116	2	0	0	0
ENSG00000180139	8	9	3	4
ENSG00000180155	9	17	4	22
ENSG00000180172	0	0	1	0
ENSG00000180182	2528	4068	1970	3920
ENSG00000180185	1017	1004	846	859
ENSG00000180190	0	0	0	0
ENSG00000180198	5370	5790	4748	4061
ENSG00000180209	11	8	19	7
ENSG00000180211	2	2	1	1
ENSG00000180221	0	0	0	1
ENSG00000180228	1702	1994	1555	1490
ENSG00000180229	5	34	15	21
ENSG00000180233	772	816	748	641
ENSG00000180245	0	0	2	0
ENSG00000180257	280	249	202	234
ENSG00000180263	23	43	17	51
ENSG00000180279	32	21	19	14
ENSG00000180304	2592	2704	2093	2412
ENSG00000180316	2	7	0	3
ENSG00000180329	1347	1325	1219	1058
ENSG00000180336	2	1	0	0
ENSG00000180340	15	12	4	3
ENSG00000180346	199	208	187	138
ENSG00000180353	27952	25434	21947	21412
ENSG00000180354	853	772	734	690
ENSG00000180357	4127	4002	3779	3157
ENSG00000180370	12076	12329	11189	10319
ENSG00000180376	649	841	762	580
ENSG00000180385	358	417	384	339
ENSG00000180389	0	0	1	0
ENSG00000180398	2861	3394	2328	2870
ENSG00000180423	124	156	126	123
ENSG00000180425	250	272	217	240
ENSG00000180447	24	30	8	17
ENSG00000180448	12495	11514	11377	9618
ENSG00000180479	17	17	23	16
ENSG00000180481	3	3	2	1
ENSG00000180488	471	420	396	411
ENSG00000180509	2	0	0	3
ENSG00000180530	132	57	75	59
ENSG00000180535	7	7	6	4
ENSG00000180539	23	41	22	32
ENSG00000180543	0	3	0	0
ENSG00000180549	6977	4620	4555	3496
ENSG00000180573	359	376	312	403
ENSG00000180574	10	23	13	33
ENSG00000180581	64	30	43	49
ENSG00000180592	4	5	0	1
ENSG00000180596	39	65	49	47
ENSG00000180611	5960	5217	5411	4129
ENSG00000180616	9	9	5	8
ENSG00000180626	180	198	151	156
ENSG00000180628	2391	2486	2022	2092
ENSG00000180644	14403	12789	14192	14538
ENSG00000180660	5	0	3	0
ENSG00000180667	560	613	565	430
ENSG00000180673	4	5	4	1
ENSG00000180694	2090	2005	1904	1763
ENSG00000180712	2	0	0	0
ENSG00000180720	4	0	4	2
ENSG00000180730	36	9	2	6
ENSG00000180739	0	0	0	2
ENSG00000180747	471	628	508	561
ENSG00000180758	64	98	75	135
ENSG00000180764	26	22	22	19
ENSG00000180773	749	908	676	650
ENSG00000180776	5341	5207	4690	4137
ENSG00000180806	13	23	8	33
ENSG00000180815	4	7	4	12
ENSG00000180817	10086	11610	8481	8756
ENSG00000180818	1	3	0	6
ENSG00000180822	449	677	412	563
ENSG00000180828	2114	4902	1377	4783
ENSG00000180834	75	95	86	70
ENSG00000180855	19	36	19	4
ENSG00000180867	295	309	277	260
ENSG00000180871	11	22	12	40
ENSG00000180875	0	9	0	9
ENSG00000180879	3844	5829	3028	6191
ENSG00000180881	4	9	1	4
ENSG00000180884	604	569	457	485
ENSG00000180891	11	17	6	20
ENSG00000180900	6502	6892	5762	5368
ENSG00000180901	1279	1248	1166	1124
ENSG00000180902	449	452	302	362
ENSG00000180914	65	101	52	119
ENSG00000180917	1280	1351	1116	1068
ENSG00000180921	771	521	706	434
ENSG00000180953	60	95	75	62
ENSG00000180957	6533	6074	5673	4434
ENSG00000180964	1407	2241	1200	2050
ENSG00000180979	661	669	551	542
ENSG00000180988	0	0	0	0
ENSG00000180992	1680	1961	1473	1634
ENSG00000180998	11	7	9	11
ENSG00000181004	285	296	232	279
ENSG00000181007	53	17	78	2
ENSG00000181016	3	12	4	2
ENSG00000181019	1465	1862	1477	1759
ENSG00000181026	2074	2829	1636	2547
ENSG00000181027	705	694	586	559
ENSG00000181029	1632	1684	1411	1418
ENSG00000181031	132	67	96	57
ENSG00000181035	605	554	538	488
ENSG00000181036	0	0	0	2
ENSG00000181038	914	811	929	659
ENSG00000181045	67	202	63	210
ENSG00000181061	7888	9872	6512	9748
ENSG00000181072	0	0	0	5
ENSG00000181074	0	0	0	0
ENSG00000181085	2	0	0	0
ENSG00000181090	3603	3346	3044	2752
ENSG00000181097	4	13	30	9
ENSG00000181101	0	0	0	0
ENSG00000181104	6188	6588	6282	6116
ENSG00000181126	0	0	0	0
ENSG00000181135	504	487	494	365
ENSG00000181163	78874	86329	67328	62322
ENSG00000181191	1793	2387	1363	2459
ENSG00000181192	1307	1337	1091	1168
ENSG00000181201	2	2	4	0
ENSG00000181215	327	209	313	96
ENSG00000181218	440	468	364	485
ENSG00000181220	1192	1261	1125	1104
ENSG00000181222	14084	14803	13673	12013
ENSG00000181227	1	4	1	1
ENSG00000181240	1	3	4	8
ENSG00000181260	1	2	0	0
ENSG00000181264	0	0	0	1
ENSG00000181274	675	695	545	561
ENSG00000181284	996	1027	904	861
ENSG00000181291	6	11	8	10
ENSG00000181315	686	653	649	579
ENSG00000181322	0	1	0	0
ENSG00000181350	83	85	70	70
ENSG00000181355	0	0	0	0
ENSG00000181381	300	392	234	343
ENSG00000181392	9	9	9	8
ENSG00000181396	1575	1677	1458	1427
ENSG00000181404	324	446	328	352
ENSG00000181408	23	116	6	87
ENSG00000181409	0	0	3	1
ENSG00000181418	19	52	18	96
ENSG00000181444	10	2	4	1
ENSG00000181449	4	0	0	0
ENSG00000181450	88	62	85	50
ENSG00000181458	193	152	137	101
ENSG00000181467	3933	4530	3445	4604
ENSG00000181472	1347	1302	1191	997
ENSG00000181481	553	536	533	537
ENSG00000181513	498	461	374	377
ENSG00000181523	633	657	492	610
ENSG00000181524	91	50	83	80
ENSG00000181544	186	358	183	290
ENSG00000181552	0	0	0	0
ENSG00000181555	5017	5239	4511	4033
ENSG00000181577	2419	2467	2174	2287
ENSG00000181585	2	0	3	1
ENSG00000181588	465	554	469	573
ENSG00000181610	2444	2656	2173	1931
ENSG00000181617	0	0	0	20
ENSG00000181619	53	50	57	43
ENSG00000181625	2232	1886	1783	1702
ENSG00000181626	1	0	0	0
ENSG00000181634	0	0	0	0
ENSG00000181638	409	451	388	276
ENSG00000181649	710	845	477	799
ENSG00000181652	32	13	52	6
ENSG00000181666	316	313	282	234
ENSG00000181690	3	22	11	25
ENSG00000181704	1024	2085	851	2086
ENSG00000181722	159	76	122	65
ENSG00000181744	1498	1600	1405	1317
ENSG00000181751	1107	1066	834	720
ENSG00000181754	7	13	14	12
ENSG00000181773	20	45	40	35
ENSG00000181781	4	1	0	0
ENSG00000181788	4460	3990	3966	2732
ENSG00000181789	10001	11509	8661	9857
ENSG00000181790	6	5	15	4
ENSG00000181798	8	9	11	2
ENSG00000181803	0	1	0	0
ENSG00000181804	1834	1046	1343	706
ENSG00000181817	1838	2025	1527	1634
ENSG00000181819	3	2	0	2
ENSG00000181826	197	192	174	124
ENSG00000181827	2442	2341	2247	1892
ENSG00000181830	2133	1901	1847	1577
ENSG00000181847	18956	12670	17457	8811
ENSG00000181852	1682	1723	1514	1423
ENSG00000181856	3	8	3	3
ENSG00000181873	454	459	407	370
ENSG00000181885	7	11	8	12
ENSG00000181894	222	217	179	128
ENSG00000181896	1317	1133	1208	862
ENSG00000181904	819	1002	832	763
ENSG00000181915	2797	1733	2362	1258
ENSG00000181924	2756	3186	2341	2573
ENSG00000181929	3141	3040	2632	2516
ENSG00000181938	1045	1276	1061	1005
ENSG00000181984	0	0	0	0
ENSG00000181991	1477	1555	1310	1298
ENSG00000182000	0	0	0	0
ENSG00000182004	3353	3355	2988	2406
ENSG00000182010	3784	4701	3620	3815
ENSG00000182022	4	0	1	2
ENSG00000182040	1	1	2	1
ENSG00000182054	1015	1389	1059	1389
ENSG00000182057	48	23	23	32
ENSG00000182087	4430	5183	4259	4279
ENSG00000182093	894	1004	720	870
ENSG00000182095	5164	5748	4740	4865
ENSG00000182107	44	65	30	41
ENSG00000182108	1234	1380	1020	1175
ENSG00000182117	2503	2681	2338	2413
ENSG00000182118	400	447	266	375
ENSG00000182134	1290	1104	1003	756
ENSG00000182141	296	291	296	250
ENSG00000182149	4243	4001	3687	3413
ENSG00000182150	868	920	741	695
ENSG00000182154	2093	2386	1804	2048
ENSG00000182156	1	6	6	3
ENSG00000182158	2697	2486	2272	1825
ENSG00000182162	10408	10586	8695	8794
ENSG00000182165	326	448	301	438
ENSG00000182173	1711	1648	1587	1548
ENSG00000182175	12	0	13	3
ENSG00000182179	3952	4050	3957	3593
ENSG00000182180	3993	4412	3738	3412
ENSG00000182183	4	3	9	5
ENSG00000182185	340	320	371	267
ENSG00000182195	469	255	404	86
ENSG00000182196	6574	7221	5782	5862
ENSG00000182197	1249	1501	983	1266
ENSG00000182199	19252	18841	18385	13135
ENSG00000182208	1502	1010	1176	871
ENSG00000182218	2	2	1	2
ENSG00000182220	3302	4692	2759	4920
ENSG00000182224	351	322	363	170
ENSG00000182240	392	1690	214	2391
ENSG00000182247	4	6	2	3
ENSG00000182253	11	15	1	20
ENSG00000182257	30	21	22	30
ENSG00000182261	0	0	0	0
ENSG00000182272	9	9	4	6
ENSG00000182287	1399	1851	1241	1747
ENSG00000182307	1985	2325	1906	1713
ENSG00000182308	3	18	2	7
ENSG00000182310	9	11	1	4
ENSG00000182318	278	281	240	165
ENSG00000182324	22	19	25	15
ENSG00000182325	1546	1399	1258	1086
ENSG00000182326	5	8	12	7
ENSG00000182327	0	3	0	0
ENSG00000182329	3	0	1	0
ENSG00000182330	1	0	0	0
ENSG00000182333	0	0	0	0
ENSG00000182352	93	105	74	198
ENSG00000182359	154	154	120	121
ENSG00000182362	321	253	279	186
ENSG00000182372	310	416	346	308
ENSG00000182376	0	0	0	0
ENSG00000182378	1018	1591	992	1405
ENSG00000182379	55	43	33	24
ENSG00000182389	16	40	10	5
ENSG00000182393	1	3	1	7
ENSG00000182397	12	13	2	0
ENSG00000182400	721	864	632	791
ENSG00000182405	129	176	115	140
ENSG00000182446	6937	7438	5895	6395
ENSG00000182450	0	0	3	0
ENSG00000182459	4	19	1	10
ENSG00000182463	1017	206	583	83
ENSG00000182472	143	204	88	333
ENSG00000182473	4561	4556	3862	3784
ENSG00000182481	12339	10568	11532	8171
ENSG00000182484	441	681	495	596
ENSG00000182487	1	8	7	8
ENSG00000182489	6	12	1	5
ENSG00000182492	0	2	0	1
ENSG00000182504	1200	1240	1217	1027
ENSG00000182508	0	1	0	0
ENSG00000182511	147	143	179	141
ENSG00000182512	2620	2805	2365	2151
ENSG00000182518	208	427	166	376
ENSG00000182533	0	0	0	1
ENSG00000182534	627	481	421	467
ENSG00000182541	724	1146	665	935
ENSG00000182544	1016	959	1014	921
ENSG00000182551	1250	1676	1152	1469
ENSG00000182552	1275	1541	1130	1112
ENSG00000182557	191	201	204	151
ENSG00000182568	732	3199	1226	2439
ENSG00000182574	0	0	0	0
ENSG00000182575	12	18	7	23
ENSG00000182578	104	52	69	39
ENSG00000182580	0	2	0	0
ENSG00000182584	203	179	167	145
ENSG00000182600	8	11	15	10
ENSG00000182606	2874	2979	2511	2551
ENSG00000182612	31	35	26	18
ENSG00000182621	0	0	0	0
ENSG00000182628	2240	2153	1986	1843
ENSG00000182648	227	172	173	175
ENSG00000182667	1	0	0	0
ENSG00000182670	4387	4948	4028	4244
ENSG00000182685	50	152	62	111
ENSG00000182687	9	14	5	9
ENSG00000182700	175	137	136	121
ENSG00000182704	1443	1242	1081	927
ENSG00000182712	291	657	305	535
ENSG00000182718	14449	17013	11769	16206
ENSG00000182732	50	65	39	43
ENSG00000182742	323	387	304	366
ENSG00000182747	444	1013	304	1570
ENSG00000182749	585	644	484	628
ENSG00000182759	0	1	0	2
ENSG00000182768	2372	2125	2013	1951
ENSG00000182774	29268	30622	26732	24057
ENSG00000182782	1	0	0	1
ENSG00000182791	24	7	5	9
ENSG00000182795	0	0	0	0
ENSG00000182796	185	212	152	187
ENSG00000182809	111	73	97	71
ENSG00000182810	1229	1272	1214	977
ENSG00000182816	0	0	4	0
ENSG00000182827	2028	2090	1817	1844
ENSG00000182831	4884	5443	4638	4196
ENSG00000182841	342	510	379	319
ENSG00000182853	3	15	0	9
ENSG00000182858	774	795	759	705
ENSG00000182866	12569	11091	11116	9714
ENSG00000182871	39	38	33	30
ENSG00000182872	5018	6290	4631	5424
ENSG00000182873	10	6	7	1
ENSG00000182885	10	25	0	20
ENSG00000182890	37	24	24	10
ENSG00000182896	2	2	0	1
ENSG00000182899	28273	27069	25225	20964
ENSG00000182903	725	771	709	616
ENSG00000182916	0	0	0	0
ENSG00000182919	968	882	776	714
ENSG00000182923	1471	1922	1319	1464
ENSG00000182934	11332	11747	9652	9564
ENSG00000182944	19103	21148	16717	17058
ENSG00000182950	8	5	7	6
ENSG00000182952	3517	3586	2969	3325
ENSG00000182957	4682	5179	4111	4199
ENSG00000182963	555	406	431	379
ENSG00000182973	2286	2449	2012	1851
ENSG00000182979	4798	5073	4364	3734
ENSG00000182983	4	17	0	15
ENSG00000182985	3302	5101	3335	4210
ENSG00000182986	5	3	2	1
ENSG00000182993	55	64	71	52
ENSG00000183010	4331	3389	3626	2068
ENSG00000183011	1415	1568	1197	1102
ENSG00000183018	4	18	5	15
ENSG00000183019	0	1	0	0
ENSG00000183020	2049	2410	1725	2137
ENSG00000183022	0	0	2	0
ENSG00000183023	75	98	109	22
ENSG00000183032	12	22	29	40
ENSG00000183044	882	423	538	262
ENSG00000183048	1129	1203	1005	1144
ENSG00000183049	2158	2481	1878	2317
ENSG00000183054	297	649	9	508
ENSG00000183055	0	0	1	0
ENSG00000183060	190	176	177	135
ENSG00000183066	27	29	20	35
ENSG00000183072	6	6	2	49
ENSG00000183077	531	473	421	434
ENSG00000183087	34	49	12	115
ENSG00000183091	0	6	4	0
ENSG00000183092	116	72	103	111
ENSG00000183098	0	0	0	0
ENSG00000183111	14	4	2	21
ENSG00000183128	9	12	8	14
ENSG00000183134	23	120	9	65
ENSG00000183137	450	466	417	410
ENSG00000183148	0	9	6	4
ENSG00000183150	139	163	140	114
ENSG00000183153	1	1	3	3
ENSG00000183154	16	22	9	17
ENSG00000183155	771	796	671	702
ENSG00000183160	22	34	9	46
ENSG00000183161	744	708	725	568
ENSG00000183171	0	3	0	0
ENSG00000183172	1400	1591	1274	1365
ENSG00000183185	1	1	1	1
ENSG00000183186	4	13	1	7
ENSG00000183196	4	5	4	6
ENSG00000183199	26	37	32	22
ENSG00000183207	6870	7337	6122	5784
ENSG00000183208	122	124	114	95
ENSG00000183230	0	0	2	2
ENSG00000183242	0	3	0	4
ENSG00000183246	64	49	79	43
ENSG00000183248	50	26	42	17
ENSG00000183250	161	118	115	115
ENSG00000183255	3503	3443	2919	3343
ENSG00000183258	4162	3840	3718	3055
ENSG00000183260	6	0	0	0
ENSG00000183281	7	6	7	9
ENSG00000183283	8403	8100	7725	7098
ENSG00000183287	3	2	0	1
ENSG00000183291	5349	5173	4569	4382
ENSG00000183292	0	0	0	2
ENSG00000183298	15	10	11	12
ENSG00000183307	1	6	0	7
ENSG00000183308	7	9	3	17
ENSG00000183309	936	848	862	633
ENSG00000183317	7	0	4	0
ENSG00000183323	427	502	342	387
ENSG00000183336	734	591	703	660
ENSG00000183337	4683	5099	4199	4739
ENSG00000183340	344	361	264	319
ENSG00000183347	3	6	2	8
ENSG00000183354	1500	1369	1388	1197
ENSG00000183379	0	1	0	0
ENSG00000183386	880	523	549	419
ENSG00000183395	11	10	14	9
ENSG00000183397	1	0	1	0
ENSG00000183401	171	155	149	120
ENSG00000183421	1	2	0	11
ENSG00000183423	1	3	2	0
ENSG00000183426	732	1174	823	762
ENSG00000183431	6312	6886	5816	5236
ENSG00000183444	177	227	183	199
ENSG00000183454	69	73	38	34
ENSG00000183458	604	645	559	528
ENSG00000183470	0	0	0	0
ENSG00000183474	1534	1800	1316	1263
ENSG00000183475	1181	1168	1176	902
ENSG00000183476	15	8	12	8
ENSG00000183479	22	17	10	16
ENSG00000183484	4151	4212	3289	3770
ENSG00000183486	108	151	119	176
ENSG00000183495	4523	4944	4885	3695
ENSG00000183496	53	58	63	55
ENSG00000183506	242	395	267	311
ENSG00000183508	1702	1854	1874	1533
ENSG00000183513	559	809	611	600
ENSG00000183520	1945	2403	1995	1794
ENSG00000183527	2080	2741	1706	1838
ENSG00000183530	1717	2113	1731	1684
ENSG00000183542	0	0	0	0
ENSG00000183549	6	6	14	7
ENSG00000183562	0	0	2	0
ENSG00000183569	15	24	21	14
ENSG00000183570	180	57	119	37
ENSG00000183576	3110	3419	2757	2848
ENSG00000183578	1	2	4	5
ENSG00000183579	4	8	2	24
ENSG00000183597	931	952	796	930
ENSG00000183598	0	0	0	0
ENSG00000183604	403	395	398	392
ENSG00000183605	1042	1280	921	905
ENSG00000183615	14	8	1	13
ENSG00000183617	2086	2120	1925	1785
ENSG00000183621	1623	2271	1390	2034
ENSG00000183624	3582	3330	3099	2575
ENSG00000183625	126	727	78	567
ENSG00000183628	33	7	18	14
ENSG00000183629	5	0	4	0
ENSG00000183631	0	0	0	0
ENSG00000183638	4	0	6	0
ENSG00000183647	130	187	163	134
ENSG00000183648	1145	1338	1068	1227
ENSG00000183654	0	0	0	1
ENSG00000183655	445	326	290	233
ENSG00000183665	574	468	508	425
ENSG00000183666	265	358	134	570
ENSG00000183671	2	10	1	4
ENSG00000183674	0	0	0	0
ENSG00000183682	0	1	0	0
ENSG00000183684	6053	5905	5252	4742
ENSG00000183688	4323	4768	4486	4887
ENSG00000183691	0	0	0	0
ENSG00000183696	1787	1613	1995	1358
ENSG00000183718	379	443	359	398
ENSG00000183722	1557	893	1112	478
ENSG00000183723	88	155	62	170
ENSG00000183726	5632	5949	4773	5225
ENSG00000183734	2	6	1	0
ENSG00000183735	2158	2331	1783	1724
ENSG00000183741	10759	11243	9544	8998
ENSG00000183742	34	239	25	343
ENSG00000183747	3	21	6	15
ENSG00000183751	3317	3301	3028	2672
ENSG00000183762	171	423	201	402
ENSG00000183763	625	540	632	469
ENSG00000183765	499	461	465	393
ENSG00000183770	4	32	7	8
ENSG00000183773	4	8	3	39
ENSG00000183775	0	0	0	1
ENSG00000183778	2	0	0	1
ENSG00000183779	5	21	0	10
ENSG00000183780	3716	3715	3321	2739
ENSG00000183784	74	71	67	43
ENSG00000183785	27	18	18	19
ENSG00000183793	92	96	87	140
ENSG00000183798	0	2	0	0
ENSG00000183808	1076	1174	1037	909
ENSG00000183813	31307	24742	21373	14461
ENSG00000183814	471	456	417	363
ENSG00000183822	0	1	1	0
ENSG00000183826	1147	1018	990	830
ENSG00000183828	120	137	113	188
ENSG00000183831	0	1	1	0
ENSG00000183833	2	10	0	3
ENSG00000183837	13	2	12	8
ENSG00000183850	3	10	0	0
ENSG00000183856	393	643	489	565
ENSG00000183864	2573	2454	2358	1821
ENSG00000183873	147	302	14	406
ENSG00000183878	592	663	624	560
ENSG00000183889	961	1434	1070	863
ENSG00000183891	487	539	452	413
ENSG00000183918	4644	7351	4082	7425
ENSG00000183921	2	0	3	1
ENSG00000183929	7	18	7	26
ENSG00000183935	18	31	17	15
ENSG00000183943	6008	9064	5115	9095
ENSG00000183955	2273	2369	2019	1844
ENSG00000183960	0	4	0	0
ENSG00000183963	711	612	638	519
ENSG00000183971	49	57	35	39
ENSG00000183978	1312	1213	1114	1049
ENSG00000183979	3	1	6	1
ENSG00000184005	0	0	0	0
ENSG00000184007	9977	11344	10053	9589
ENSG00000184009	190954	208767	159618	183447
ENSG00000184012	26	62	8	242
ENSG00000184014	1238	909	835	631
ENSG00000184047	1892	1738	1603	1511
ENSG00000184056	1074	990	816	854
ENSG00000184058	5	5	11	14
ENSG00000184060	0	5	2	2
ENSG00000184068	12	17	12	17
ENSG00000184076	2088	2226	1778	2000
ENSG00000184083	445	782	340	797
ENSG00000184100	9	9	12	15
ENSG00000184110	18630	19670	16238	15322
ENSG00000184113	7	4	4	2
ENSG00000184117	6190	4842	5094	3789
ENSG00000184154	128	95	131	69
ENSG00000184156	117	30	105	11
ENSG00000184160	0	0	1	0
ENSG00000184162	931	1048	781	984
ENSG00000184163	13	10	4	7
ENSG00000184164	1426	1445	1126	1252
ENSG00000184178	1604	1742	1360	1395
ENSG00000184182	1160	1435	1039	1054
ENSG00000184185	15	25	8	25
ENSG00000184203	2910	2720	2509	2608
ENSG00000184205	786	1184	674	1042
ENSG00000184206	28	39	41	17
ENSG00000184207	2124	2216	1993	1793
ENSG00000184208	1209	1290	1089	972
ENSG00000184209	973	888	791	737
ENSG00000184210	59	55	16	32
ENSG00000184216	8122	14770	6500	13365
ENSG00000184220	2385	3194	2322	2309
ENSG00000184221	0	0	0	0
ENSG00000184224	3	3	1	0
ENSG00000184226	0	0	2	0
ENSG00000184227	186	245	121	247
ENSG00000184232	184	170	95	171
ENSG00000184254	4	0	0	0
ENSG00000184260	18	17	13	16
ENSG00000184261	3	2	9	8
ENSG00000184270	1	0	0	0
ENSG00000184271	31	30	21	31
ENSG00000184277	912	881	753	833
ENSG00000184281	1616	1551	1300	1321
ENSG00000184293	1068	910	1067	586
ENSG00000184303	0	0	0	1
ENSG00000184304	0	0	2	0
ENSG00000184307	194	96	157	53
ENSG00000184313	6	0	0	2
ENSG00000184319	465	548	448	436
ENSG00000184349	15	7	5	3
ENSG00000184351	0	0	0	0
ENSG00000184357	6	1	7	2
ENSG00000184361	2	0	0	1
ENSG00000184363	6	16	8	9
ENSG00000184368	0	4	0	4
ENSG00000184371	15943	9313	13557	10140
ENSG00000184378	49	37	40	43
ENSG00000184381	188	252	175	189
ENSG00000184384	1763	1453	1575	986
ENSG00000184388	2	0	0	0
ENSG00000184402	328	426	330	408
ENSG00000184414	4	2	2	4
ENSG00000184428	1091	1044	962	728
ENSG00000184432	11716	12206	9337	10509
ENSG00000184436	833	899	866	710
ENSG00000184441	98	122	97	92
ENSG00000184445	1726	2348	1973	1848
ENSG00000184451	825	103	230	83
ENSG00000184465	173	288	174	169
ENSG00000184470	846	945	804	859
ENSG00000184481	503	828	447	884
ENSG00000184486	0	1	1	4
ENSG00000184489	4106	4132	3700	3980
ENSG00000184492	2	5	0	1
ENSG00000184497	48	98	47	86
ENSG00000184500	236	363	226	440
ENSG00000184507	0	0	0	1
ENSG00000184508	1473	1222	1309	958
ENSG00000184515	249	381	253	396
ENSG00000184517	625	509	548	470
ENSG00000184523	0	3	3	2
ENSG00000184524	1118	990	841	901
ENSG00000184530	1	0	0	0
ENSG00000184545	212	294	179	212
ENSG00000184557	295	673	226	649
ENSG00000184560	0	2	0	0
ENSG00000184574	522	596	529	611
ENSG00000184575	10845	11941	9497	8319
ENSG00000184584	8975	9668	7704	9590
ENSG00000184588	2977	3317	2672	2568
ENSG00000184602	170	130	143	113
ENSG00000184613	18	5	49	6
ENSG00000184616	0	0	1	0
ENSG00000184619	40	34	48	46
ENSG00000184634	2913	4070	3037	3963
ENSG00000184635	45	4	63	8
ENSG00000184640	33087	27227	28059	22363
ENSG00000184647	2	2	0	3
ENSG00000184661	1212	1120	1147	861
ENSG00000184675	964	947	766	805
ENSG00000184677	1313	1476	1250	1217
ENSG00000184678	85	93	69	86
ENSG00000184697	2	0	0	0
ENSG00000184702	15	12	32	22
ENSG00000184708	1380	1498	1331	1130
ENSG00000184709	20	60	9	65
ENSG00000184716	2	0	0	1
ENSG00000184719	12	24	4	20
ENSG00000184730	2260	1424	1883	1337
ENSG00000184731	1	33	0	0
ENSG00000184735	0	0	0	0
ENSG00000184743	1142	1642	1001	1390
ENSG00000184752	2361	2460	2118	1958
ENSG00000184774	1	1	1	2
ENSG00000184785	108	142	87	181
ENSG00000184786	13	56	15	46
ENSG00000184787	3957	4441	3611	3258
ENSG00000184788	0	4	0	1
ENSG00000184792	247	741	145	638
ENSG00000184811	8	11	13	7
ENSG00000184828	638	296	659	196
ENSG00000184831	576	1052	473	930
ENSG00000184838	0	0	0	0
ENSG00000184840	5496	5178	4451	4293
ENSG00000184844	0	0	0	1
ENSG00000184857	457	492	413	323
ENSG00000184860	0	0	0	0
ENSG00000184863	2796	2973	2547	2426
ENSG00000184867	3	3	0	1
ENSG00000184887	1878	1840	1707	1544
ENSG00000184897	11759	10550	11563	8801
ENSG00000184898	279	324	355	250
ENSG00000184900	6647	6277	5764	5148
ENSG00000184903	227	191	221	158
ENSG00000184916	39	40	11	38
ENSG00000184922	15068	15199	14322	13603
ENSG00000184923	15	59	95	30
ENSG00000184924	822	611	863	581
ENSG00000184925	2	7	0	1
ENSG00000184933	1	2	2	0
ENSG00000184937	4	2	0	19
ENSG00000184939	490	488	458	430
ENSG00000184949	8	11	10	7
ENSG00000184961	2	0	0	0
ENSG00000184967	1710	1827	1436	1579
ENSG00000184979	138	138	103	121
ENSG00000184983	4083	4411	3462	3702
ENSG00000184984	0	0	0	1
ENSG00000184985	110	237	11	633
ENSG00000184986	120	71	106	41
ENSG00000184988	192	186	203	208
ENSG00000184990	2406	2561	2316	2283
ENSG00000184992	2896	3833	2795	3140
ENSG00000185000	800	746	814	855
ENSG00000185009	3494	3430	3218	2626
ENSG00000185010	687	1121	575	1198
ENSG00000185015	21	9	12	12
ENSG00000185019	579	531	460	490
ENSG00000185022	517	596	413	678
ENSG00000185024	1089	1229	1197	970
ENSG00000185033	684	901	655	1005
ENSG00000185038	0	0	0	0
ENSG00000185040	2	0	3	5
ENSG00000185043	3073	3738	2696	3736
ENSG00000185046	43	66	54	33
ENSG00000185049	2021	1883	1761	1504
ENSG00000185055	0	0	0	1
ENSG00000185065	18	26	20	12
ENSG00000185085	2266	2205	1989	1876
ENSG00000185088	2783	3465	2555	3068
ENSG00000185090	626	690	686	605
ENSG00000185100	71	54	57	25
ENSG00000185101	117	177	104	204
ENSG00000185104	1975	2506	1914	2161
ENSG00000185112	1942	1192	1302	830
ENSG00000185115	1208	1345	1221	1126
ENSG00000185122	4309	4488	3933	3716
ENSG00000185127	1045	1246	904	1100
ENSG00000185129	1982	2208	1800	1811
ENSG00000185130	21	15	14	5
ENSG00000185133	4	0	1	1
ENSG00000185155	3	13	1	5
ENSG00000185156	0	0	0	0
ENSG00000185158	262	320	238	254
ENSG00000185163	1211	1414	1025	1076
ENSG00000185164	7458	12072	6937	12365
ENSG00000185168	0	0	0	2
ENSG00000185182	2	2	0	2
ENSG00000185186	0	0	1	0
ENSG00000185187	1028	992	956	905
ENSG00000185189	96	132	110	81
ENSG00000185198	120	266	42	635
ENSG00000185201	797	553	616	436
ENSG00000185203	0	3	0	0
ENSG00000185215	1816	2927	1517	3208
ENSG00000185219	1368	1429	1287	1047
ENSG00000185220	247	276	206	219
ENSG00000185222	5	2	2	5
ENSG00000185236	4368	4201	3947	3464
ENSG00000185238	1749	2194	1598	1559
ENSG00000185246	752	1108	724	835
ENSG00000185247	0	0	0	0
ENSG00000185250	5	2	2	1
ENSG00000185252	542	547	550	421
ENSG00000185261	124	53	121	39
ENSG00000185262	6042	5170	5431	4156
ENSG00000185267	11	7	11	8
ENSG00000185269	12	4	4	1
ENSG00000185271	1	1	0	0
ENSG00000185278	338	437	327	291
ENSG00000185291	1178	1627	998	2129
ENSG00000185298	1680	2211	1561	1821
ENSG00000185303	2	0	0	1
ENSG00000185304	65	71	68	42
ENSG00000185305	254	266	199	194
ENSG00000185324	879	933	843	819
ENSG00000185332	0	1	0	0
ENSG00000185338	5136	5310	4229	5209
ENSG00000185339	77	104	20	162
ENSG00000185340	446	511	393	559
ENSG00000185344	2823	2815	2492	1689
ENSG00000185345	5	1	0	0
ENSG00000185347	1251	1120	1275	883
ENSG00000185352	0	2	0	0
ENSG00000185359	2425	2914	2106	2264
ENSG00000185361	1921	1676	1687	1623
ENSG00000185379	1641	1913	1494	1408
ENSG00000185386	1060	761	971	369
ENSG00000185404	1188	1410	1078	1045
ENSG00000185414	1778	1880	1420	1512
ENSG00000185418	522	678	547	532
ENSG00000185420	673	679	626	610
ENSG00000185432	429	703	500	1152
ENSG00000185433	0	4	0	4
ENSG00000185436	30	40	33	77
ENSG00000185437	25	17	24	23
ENSG00000185442	4	3	8	3
ENSG00000185453	983	874	973	747
ENSG00000185475	863	833	814	794
ENSG00000185477	7688	6570	7530	4380
ENSG00000185480	806	1001	765	687
ENSG00000185482	149	232	152	244
ENSG00000185485	347	534	317	382
ENSG00000185495	37	35	22	39
ENSG00000185499	194	287	214	284
ENSG00000185504	1868	1791	1502	1408
ENSG00000185507	487	485	387	438
ENSG00000185513	54	118	73	80
ENSG00000185515	1861	2715	1491	2439
ENSG00000185518	0	0	0	0
ENSG00000185519	138	44	136	36
ENSG00000185522	73	55	74	80
ENSG00000185523	0	2	0	0
ENSG00000185527	35	139	23	53
ENSG00000185551	0	1	0	0
ENSG00000185559	0	2	0	0
ENSG00000185561	25	76	27	64
ENSG00000185567	0	0	0	0
ENSG00000185585	2	12	8	8
ENSG00000185591	3457	3369	3204	2571
ENSG00000185596	698	1023	732	820
ENSG00000185608	1217	1049	926	979
ENSG00000185614	181	223	160	207
ENSG00000185619	1450	1745	1155	1552
ENSG00000185621	398	443	360	311
ENSG00000185624	20939	22038	18561	19247
ENSG00000185627	7200	7078	6377	5679
ENSG00000185630	0	2	0	0
ENSG00000185631	1	0	0	0
ENSG00000185633	56	49	48	47
ENSG00000185634	146	346	108	215
ENSG00000185640	3	0	2	1
ENSG00000185641	109	92	112	83
ENSG00000185650	5115	3668	4976	2686
ENSG00000185651	6687	7156	5932	6108
ENSG00000185658	1540	1727	1436	1418
ENSG00000185664	3	10	5	8
ENSG00000185668	821	657	499	425
ENSG00000185669	88	179	72	245
ENSG00000185670	129	110	128	117
ENSG00000185684	450	614	440	411
ENSG00000185697	295	411	231	373
ENSG00000185710	106	182	122	85
ENSG00000185716	223	302	222	218
ENSG00000185721	2772	3069	2402	2606
ENSG00000185722	1871	2131	1934	1724
ENSG00000185728	2672	2859	2406	2353
ENSG00000185730	383	355	338	229
ENSG00000185736	76	26	58	13
ENSG00000185745	29	47	19	39
ENSG00000185753	2113	3178	1718	3409
ENSG00000185760	1624	1459	1217	955
ENSG00000185761	57	47	69	28
ENSG00000185775	1	0	0	0
ENSG00000185787	11949	11767	10286	9118
ENSG00000185798	683	663	544	488
ENSG00000185800	2025	1929	1752	1423
ENSG00000185803	2106	2100	1770	2019
ENSG00000185808	433	479	400	471
ENSG00000185811	19563	16872	18066	12416
ENSG00000185813	2749	2860	2561	2052
ENSG00000185818	279	491	173	161
ENSG00000185825	7372	10449	5732	11302
ENSG00000185829	209	270	204	216
ENSG00000185834	29	23	25	16
ENSG00000185838	818	955	624	838
ENSG00000185839	15	14	23	15
ENSG00000185842	5	80	1	81
ENSG00000185862	4677	3302	3926	2928
ENSG00000185864	248	360	293	284
ENSG00000185869	177	218	120	98
ENSG00000185873	8	83	8	206
ENSG00000185875	510	362	341	202
ENSG00000185880	2880	3190	2415	2981
ENSG00000185883	5207	5350	4354	4439
ENSG00000185885	4262	5131	4302	3284
ENSG00000185888	0	0	0	3
ENSG00000185896	5466	4717	4902	3923
ENSG00000185897	3	0	0	1
ENSG00000185900	84	107	72	69
ENSG00000185905	1655	1335	1657	1219
ENSG00000185909	49	47	22	52
ENSG00000185917	330	381	312	285
ENSG00000185920	18	14	9	8
ENSG00000185924	0	2	0	0
ENSG00000185933	70	30	54	68
ENSG00000185946	230	303	247	291
ENSG00000185947	1841	1650	1461	1262
ENSG00000185950	494	695	325	123
ENSG00000185955	19	31	14	24
ENSG00000185958	0	2	0	0
ENSG00000185962	0	4	0	0
ENSG00000185963	3026	3406	2503	2921
ENSG00000185966	6	0	0	0
ENSG00000185972	0	0	0	0
ENSG00000185973	293	441	234	485
ENSG00000185974	2	2	0	2
ENSG00000185986	35	53	36	30
ENSG00000185988	0	0	0	1
ENSG00000185989	3006	2802	2771	2584
ENSG00000186001	3239	2874	2770	2188
ENSG00000186007	0	0	1	0
ENSG00000186010	5470	5395	4440	4943
ENSG00000186017	205	182	243	167
ENSG00000186019	12	19	8	10
ENSG00000186020	228	253	257	154
ENSG00000186026	22	3	12	11
ENSG00000186038	0	6	0	0
ENSG00000186051	0	1	0	0
ENSG00000186056	48	59	62	51
ENSG00000186063	3967	4007	3346	3219
ENSG00000186073	210	121	194	86
ENSG00000186075	0	0	1	0
ENSG00000186076	221	202	195	175
ENSG00000186081	0	0	0	0
ENSG00000186088	56	72	78	117
ENSG00000186104	201	172	226	97
ENSG00000186105	6	9	9	6
ENSG00000186106	426	413	361	328
ENSG00000186111	6373	5702	6387	4550
ENSG00000186115	0	1	0	4
ENSG00000186118	1	0	0	1
ENSG00000186130	922	893	893	756
ENSG00000186132	174	184	171	143
ENSG00000186141	913	1012	759	740
ENSG00000186150	0	1	0	0
ENSG00000186152	10	3	14	0
ENSG00000186153	457	784	327	804
ENSG00000186162	230	243	213	174
ENSG00000186166	184	213	167	190
ENSG00000186174	3432	2681	3021	2628
ENSG00000186184	4822	5243	4210	4144
ENSG00000186185	1264	1124	1284	818
ENSG00000186187	1194	995	965	906
ENSG00000186193	2473	2074	2390	1256
ENSG00000186197	2105	1633	1740	1203
ENSG00000186205	3	8	0	10
ENSG00000186222	1048	955	912	808
ENSG00000186226	0	0	0	0
ENSG00000186230	312	364	294	271
ENSG00000186231	3	1	0	2
ENSG00000186235	43	42	30	36
ENSG00000186244	1	0	2	0
ENSG00000186260	598	599	563	423
ENSG00000186265	2	2	0	7
ENSG00000186272	232	198	253	177
ENSG00000186280	51	24	33	19
ENSG00000186281	3273	3385	3354	2475
ENSG00000186283	3224	3337	2616	2307
ENSG00000186298	11109	11940	9702	9313
ENSG00000186300	41	45	34	27
ENSG00000186301	0	5	1	7
ENSG00000186310	54	47	57	13
ENSG00000186312	379	597	281	566
ENSG00000186314	123	119	100	144
ENSG00000186318	17	27	15	37
ENSG00000186326	21	22	25	9
ENSG00000186350	7471	5977	7116	5348
ENSG00000186352	361	447	383	354
ENSG00000186364	32	30	30	11
ENSG00000186367	1	0	0	0
ENSG00000186376	274	376	264	457
ENSG00000186377	0	4	0	5
ENSG00000186395	885	1048	732	862
ENSG00000186399	40	71	89	437
ENSG00000186409	19	10	18	14
ENSG00000186416	1856	2968	1617	2652
ENSG00000186417	0	1	0	0
ENSG00000186431	0	0	1	0
ENSG00000186432	6428	7425	5630	5917
ENSG00000186439	9	10	1	32
ENSG00000186446	1	0	1	0
ENSG00000186448	974	592	900	379
ENSG00000186451	50	160	3	314
ENSG00000186453	2	1	1	0
ENSG00000186462	267	383	275	276
ENSG00000186468	34120	31773	29985	24384
ENSG00000186469	13038	11645	10734	10380
ENSG00000186470	3085	3187	2757	3015
ENSG00000186471	5	1	4	3
ENSG00000186472	0	0	3	2
ENSG00000186480	7808	9086	7290	7479
ENSG00000186481	137	301	145	331
ENSG00000186496	4	5	13	6
ENSG00000186501	1332	1411	1148	1269
ENSG00000186510	0	0	0	0
ENSG00000186517	19467	18323	17128	14743
ENSG00000186522	2	0	1	2
ENSG00000186523	112	109	122	75
ENSG00000186529	1	7	2	5
ENSG00000186532	513	555	487	503
ENSG00000186564	21	38	22	32
ENSG00000186566	3742	3925	3475	2893
ENSG00000186567	3	14	5	7
ENSG00000186575	2492	2512	2452	2095
ENSG00000186577	809	803	720	700
ENSG00000186583	160	102	127	65
ENSG00000186591	3870	3632	3334	3146
ENSG00000186594	48	41	35	48
ENSG00000186603	214	153	249	128
ENSG00000186615	44	54	33	50
ENSG00000186625	902	941	800	665
ENSG00000186635	7078	5885	6092	5081
ENSG00000186638	455	462	491	355
ENSG00000186642	9	33	2	19
ENSG00000186648	269	146	213	76
ENSG00000186652	0	0	0	1
ENSG00000186654	1152	1216	944	1265
ENSG00000186660	5737	6259	5055	4930
ENSG00000186665	906	992	740	768
ENSG00000186666	350	356	326	243
ENSG00000186675	0	3	0	0
ENSG00000186676	1	0	0	0
ENSG00000186684	0	1	0	0
ENSG00000186687	1699	1743	1479	1254
ENSG00000186704	0	0	8	8
ENSG00000186710	3	0	1	5
ENSG00000186714	8	2	6	7
ENSG00000186715	1	4	2	8
ENSG00000186716	1540	2274	1475	1727
ENSG00000186765	2	10	1	1
ENSG00000186767	533	715	537	704
ENSG00000186787	150	215	107	263
ENSG00000186790	0	0	0	1
ENSG00000186792	1572	1539	1353	1185
ENSG00000186806	164	238	164	191
ENSG00000186810	2271	2347	1980	2709
ENSG00000186812	315	412	372	303
ENSG00000186814	241	218	159	133
ENSG00000186815	259	318	312	291
ENSG00000186818	0	0	1	3
ENSG00000186827	3221	2988	3026	2639
ENSG00000186831	0	3	0	0
ENSG00000186832	0	0	0	0
ENSG00000186834	3245	3319	2910	2883
ENSG00000186847	0	1	0	0
ENSG00000186854	478	638	487	601
ENSG00000186862	15	12	1	17
ENSG00000186866	556	566	488	502
ENSG00000186868	991	98	574	31
ENSG00000186871	991	1670	836	1529
ENSG00000186889	8	14	23	3
ENSG00000186891	4824	4682	4482	5189
ENSG00000186897	0	2	0	3
ENSG00000186907	7	5	10	2
ENSG00000186908	556	654	576	569
ENSG00000186912	0	0	0	0
ENSG00000186918	2103	1554	2165	1606
ENSG00000186919	4	4	5	9
ENSG00000186940	1	2	0	0
ENSG00000186951	1338	1262	1138	1010
ENSG00000186952	10	5	7	9
ENSG00000186976	1	1	3	1
ENSG00000186994	130	49	109	28
ENSG00000186998	3	11	1	14
ENSG00000187013	0	0	0	0
ENSG00000187017	23	11	14	11
ENSG00000187024	636	626	625	457
ENSG00000187026	0	0	0	0
ENSG00000187037	311	147	236	35
ENSG00000187045	371	700	294	752
ENSG00000187049	494	467	505	401
ENSG00000187051	2392	2864	1958	2377
ENSG00000187066	1	2	2	4
ENSG00000187068	0	0	0	0
ENSG00000187079	330	605	255	501
ENSG00000187080	0	0	0	1
ENSG00000187091	871	801	777	668
ENSG00000187097	498	622	437	471
ENSG00000187098	1	2	1	2
ENSG00000187109	27182	29780	25584	22588
ENSG00000187118	1597	1901	1473	1627
ENSG00000187122	6	4	8	7
ENSG00000187134	10	14	20	22
ENSG00000187135	0	1	0	0
ENSG00000187140	39	19	21	23
ENSG00000187144	1	7	9	8
ENSG00000187147	3029	2851	2671	2027
ENSG00000187164	1	2	7	6
ENSG00000187185	0	2	0	0
ENSG00000187186	35	95	43	54
ENSG00000187187	92	81	105	79
ENSG00000187189	1288	1237	1219	962
ENSG00000187193	323	350	315	304
ENSG00000187210	528	544	258	546
ENSG00000187231	122	153	101	116
ENSG00000187239	19049	19247	16617	15795
ENSG00000187240	131	199	183	270
ENSG00000187243	29	18	6	4
ENSG00000187244	0	1	0	0
ENSG00000187257	1906	1807	1921	1611
ENSG00000187266	360	210	260	156
ENSG00000187268	0	1	0	0
ENSG00000187288	2	0	1	2
ENSG00000187325	1191	1638	843	1379
ENSG00000187372	2	1	0	0
ENSG00000187391	4	5	8	2
ENSG00000187416	0	1	4	0
ENSG00000187446	3988	4208	3501	3598
ENSG00000187479	5	20	4	1
ENSG00000187486	6	15	3	8
ENSG00000187498	10	9	45	4
ENSG00000187504	0	1	0	0
ENSG00000187510	2	2	0	0
ENSG00000187514	87979	100472	92630	72873
ENSG00000187522	1044	1337	882	1124
ENSG00000187527	0	0	0	1
ENSG00000187531	973	1123	891	968
ENSG00000187534	49	46	46	48
ENSG00000187535	258	261	185	213
ENSG00000187550	0	0	2	0
ENSG00000187554	2	0	0	0
ENSG00000187555	9681	9970	8596	7235
ENSG00000187556	21	18	22	12
ENSG00000187566	3	0	1	0
ENSG00000187583	35	50	42	37
ENSG00000187595	4	37	4	15
ENSG00000187601	608	790	408	1047
ENSG00000187605	2541	1592	2157	1095
ENSG00000187607	573	435	519	349
ENSG00000187608	785	875	637	752
ENSG00000187609	236	202	179	219
ENSG00000187624	19	21	24	17
ENSG00000187626	257	249	220	183
ENSG00000187627	32	17	0	54
ENSG00000187630	588	520	498	527
ENSG00000187634	1	2	5	1
ENSG00000187650	97	88	79	89
ENSG00000187653	0	0	0	1
ENSG00000187672	103	355	59	303
ENSG00000187676	294	402	262	290
ENSG00000187678	16	22	3	10
ENSG00000187682	3	0	0	0
ENSG00000187686	4	0	2	0
ENSG00000187688	3887	4101	3638	3842
ENSG00000187690	0	0	0	1
ENSG00000187699	0	0	0	2
ENSG00000187713	1773	1640	1464	1342
ENSG00000187720	74	25	11	21
ENSG00000187726	0	0	0	0
ENSG00000187735	7063	7715	6332	5943
ENSG00000187736	613	740	560	526
ENSG00000187741	1161	1598	1268	1434
ENSG00000187742	1083	1240	885	969
ENSG00000187753	1	2	0	1
ENSG00000187764	17790	17880	15373	15224
ENSG00000187775	1	2	1	0
ENSG00000187778	2406	2534	2252	1992
ENSG00000187790	636	699	590	534
ENSG00000187792	150	99	109	67
ENSG00000187796	61	21	137	34
ENSG00000187800	0	0	0	0
ENSG00000187801	148	181	145	89
ENSG00000187808	27	33	21	42
ENSG00000187815	120	65	73	31
ENSG00000187824	4	9	5	1
ENSG00000187833	0	2	0	2
ENSG00000187837	397	511	342	491
ENSG00000187838	3900	3108	3430	2397
ENSG00000187840	2021	2241	1667	1415
ENSG00000187860	105	125	98	79
ENSG00000187862	158	199	212	108
ENSG00000187866	1059	1247	1011	1014
ENSG00000187867	3	0	6	0
ENSG00000187870	2	1	2	0
ENSG00000187902	0	0	0	2
ENSG00000187904	0	1	0	0
ENSG00000187908	0	3	0	0
ENSG00000187912	0	0	0	0
ENSG00000187922	204	293	188	281
ENSG00000187942	1	3	2	2
ENSG00000187944	2	4	0	1
ENSG00000187951	487	527	486	315
ENSG00000187952	3	1	3	8
ENSG00000187953	523	582	515	401
ENSG00000187954	1362	1365	1241	1235
ENSG00000187955	0	0	0	0
ENSG00000187957	0	0	0	0
ENSG00000187961	140	196	194	121
ENSG00000187980	0	2	0	0
ENSG00000187984	9	13	12	7
ENSG00000187987	0	3	0	3
ENSG00000187994	2481	2691	2166	2322
ENSG00000187999	0	0	1	0
ENSG00000188000	0	0	2	1
ENSG00000188001	21	38	15	17
ENSG00000188002	231	246	219	196
ENSG00000188004	4	6	10	4
ENSG00000188010	80	73	88	55
ENSG00000188015	2	9	3	22
ENSG00000188021	3210	4566	2786	4431
ENSG00000188026	229	259	153	213
ENSG00000188033	217	186	167	202
ENSG00000188037	0	1	0	0
ENSG00000188038	0	2	1	2
ENSG00000188042	15728	14668	16572	11803
ENSG00000188051	0	2	5	0
ENSG00000188060	0	3	0	0
ENSG00000188064	3	0	0	0
ENSG00000188070	459	507	409	354
ENSG00000188089	0	0	0	2
ENSG00000188092	292	369	356	337
ENSG00000188095	19	10	9	3
ENSG00000188100	0	0	0	0
ENSG00000188107	0	0	0	0
ENSG00000188112	17	30	4	23
ENSG00000188124	22	17	29	8
ENSG00000188130	507	634	640	409
ENSG00000188153	13	12	5	7
ENSG00000188157	2166	1196	1719	841
ENSG00000188158	18	0	32	1
ENSG00000188162	3	0	4	0
ENSG00000188167	177	143	146	81
ENSG00000188171	1	0	0	6
ENSG00000188176	1	0	0	0
ENSG00000188177	534	511	495	472
ENSG00000188185	229	216	136	145
ENSG00000188186	1887	2008	1735	1673
ENSG00000188191	1476	1453	1208	1135
ENSG00000188199	43	40	42	17
ENSG00000188211	23	18	25	25
ENSG00000188215	739	1111	676	1069
ENSG00000188219	6	1	2	4
ENSG00000188223	67	121	130	71
ENSG00000188227	4	2	3	2
ENSG00000188229	16252	16041	15196	13317
ENSG00000188234	116	200	99	124
ENSG00000188242	335	355	295	267
ENSG00000188243	1693	1823	1491	1589
ENSG00000188257	1	2	0	1
ENSG00000188263	1	0	0	0
ENSG00000188266	39	56	25	43
ENSG00000188277	9	15	20	11
ENSG00000188282	0	2	0	2
ENSG00000188283	280	236	224	221
ENSG00000188290	102	20	44	6
ENSG00000188295	177	189	156	150
ENSG00000188305	12	46	12	50
ENSG00000188306	1	5	0	0
ENSG00000188312	729	687	614	601
ENSG00000188313	1150	1224	956	861
ENSG00000188315	328	341	304	258
ENSG00000188321	220	228	176	171
ENSG00000188322	371	219	397	270
ENSG00000188338	35	11	6	26
ENSG00000188342	1597	1711	1338	1292
ENSG00000188343	198	229	173	155
ENSG00000188352	3218	3253	3175	2563
ENSG00000188368	35	65	42	38
ENSG00000188372	30	26	24	25
ENSG00000188375	0	2	1	0
ENSG00000188383	0	0	1	0
ENSG00000188385	84	70	90	35
ENSG00000188388	0	5	6	7
ENSG00000188389	3	0	5	4
ENSG00000188396	0	8	1	2
ENSG00000188404	1599	2491	1417	1596
ENSG00000188419	930	1355	761	1243
ENSG00000188425	0	0	0	0
ENSG00000188428	1262	1245	1060	1032
ENSG00000188452	26	19	29	20
ENSG00000188459	2	2	1	3
ENSG00000188460	0	0	0	0
ENSG00000188467	0	0	0	2
ENSG00000188483	141	131	179	143
ENSG00000188486	9280	7781	9055	6260
ENSG00000188487	1	0	0	0
ENSG00000188493	649	634	574	559
ENSG00000188501	0	1	0	0
ENSG00000188511	300	207	290	154
ENSG00000188512	0	1	0	2
ENSG00000188517	5	0	0	0
ENSG00000188522	1257	1152	921	917
ENSG00000188523	0	0	0	0
ENSG00000188529	6272	6584	5615	5151
ENSG00000188536	48	6	14	0
ENSG00000188542	156	209	187	219
ENSG00000188549	7	5	4	5
ENSG00000188554	4615	3993	3960	3466
ENSG00000188559	436	553	382	497
ENSG00000188566	999	1155	934	897
ENSG00000188573	8	11	1	5
ENSG00000188582	4	6	0	4
ENSG00000188596	11	8	4	12
ENSG00000188599	69	122	124	117
ENSG00000188603	1035	1069	1001	895
ENSG00000188610	1451	1330	1217	944
ENSG00000188611	24	31	14	19
ENSG00000188612	11422	12000	10054	9778
ENSG00000188613	3	10	8	2
ENSG00000188620	3	10	0	1
ENSG00000188626	1	7	3	6
ENSG00000188629	9	9	11	8
ENSG00000188636	1040	878	926	744
ENSG00000188641	1633	1116	1518	858
ENSG00000188647	894	1387	1078	1035
ENSG00000188649	23	11	10	14
ENSG00000188659	9	11	2	5
ENSG00000188662	0	0	0	0
ENSG00000188672	1	5	2	0
ENSG00000188677	5841	5701	4660	4712
ENSG00000188687	94	27	59	22
ENSG00000188690	2255	2642	2080	2136
ENSG00000188693	0	1	0	4
ENSG00000188706	591	937	498	1032
ENSG00000188707	315	453	123	354
ENSG00000188725	2330	2365	2043	1712
ENSG00000188729	0	1	3	0
ENSG00000188732	35	20	26	28
ENSG00000188735	612	559	495	465
ENSG00000188739	2333	2730	1971	2021
ENSG00000188747	0	4	0	2
ENSG00000188755	0	0	0	2
ENSG00000188760	84	118	78	73
ENSG00000188761	1	6	5	9
ENSG00000188763	0	12	0	9
ENSG00000188765	0	1	1	0
ENSG00000188766	11	14	22	31
ENSG00000188779	14	10	8	9
ENSG00000188782	0	0	0	1
ENSG00000188785	242	264	273	225
ENSG00000188786	1374	1576	1153	1287
ENSG00000188807	1394	1870	1199	1576
ENSG00000188811	1296	1397	1185	1054
ENSG00000188816	0	4	0	0
ENSG00000188818	7	20	8	16
ENSG00000188820	43	29	108	59
ENSG00000188822	0	1	0	2
ENSG00000188825	43	54	43	46
ENSG00000188827	942	1078	954	903
ENSG00000188846	46991	47623	43868	36794
ENSG00000188848	54	37	73	17
ENSG00000188856	2	0	1	1
ENSG00000188859	237	195	76	52
ENSG00000188868	22	14	0	2
ENSG00000188869	0	2	0	0
ENSG00000188873	0	1	0	3
ENSG00000188878	472	453	402	375
ENSG00000188883	10	12	1	0
ENSG00000188886	4	4	4	0
ENSG00000188895	3573	3789	3139	2887
ENSG00000188897	11	11	16	10
ENSG00000188909	0	0	0	0
ENSG00000188917	962	1345	726	1429
ENSG00000188921	1447	1381	1246	1158
ENSG00000188933	107	245	121	191
ENSG00000188938	2796	2809	2401	2254
ENSG00000188958	42	146	60	22
ENSG00000188959	0	2	0	0
ENSG00000188976	7787	8786	6685	7030
ENSG00000188981	3	2	2	3
ENSG00000188985	304	309	276	294
ENSG00000188986	4984	4677	4537	3848
ENSG00000188993	2	5	4	3
ENSG00000188994	2716	2641	2929	2092
ENSG00000188996	3	16	12	4
ENSG00000188997	447	422	389	356
ENSG00000189001	0	0	0	0
ENSG00000189007	401	516	427	277
ENSG00000189013	4	7	0	0
ENSG00000189030	0	0	0	0
ENSG00000189042	223	200	167	182
ENSG00000189043	3839	4209	3588	3791
ENSG00000189045	4	5	3	0
ENSG00000189046	651	674	580	408
ENSG00000189050	581	532	469	464
ENSG00000189056	1	0	0	0
ENSG00000189057	1715	2402	1605	1834
ENSG00000189058	2	2	3	3
ENSG00000189060	869	1176	565	1139
ENSG00000189067	9054	8359	8121	7366
ENSG00000189077	1245	958	1011	846
ENSG00000189079	1628	1399	1636	1163
ENSG00000189091	13264	15210	12265	12181
ENSG00000189114	512	527	457	425
ENSG00000189120	5	1	4	5
ENSG00000189136	10	16	11	17
ENSG00000189143	1	3	6	14
ENSG00000189144	10	4	10	0
ENSG00000189149	4	1	6	4
ENSG00000189152	1	4	0	7
ENSG00000189157	0	0	1	0
ENSG00000189159	6491	7705	5609	6769
ENSG00000189164	165	177	130	119
ENSG00000189167	1	1	0	0
ENSG00000189171	28	58	24	42
ENSG00000189180	1055	1122	919	791
ENSG00000189184	32	46	21	12
ENSG00000189190	179	172	165	79
ENSG00000189195	14	7	6	3
ENSG00000189221	1428	11967	803	15915
ENSG00000189223	772	674	677	532
ENSG00000189227	145	221	123	179
ENSG00000189233	540	482	426	366
ENSG00000189238	0	0	0	0
ENSG00000189241	3716	3724	3060	3017
ENSG00000189252	0	0	0	1
ENSG00000189266	6759	6284	5678	4835
ENSG00000189283	6	4	1	1
ENSG00000189292	31	29	12	1
ENSG00000189298	200	187	188	159
ENSG00000189306	4302	4204	3706	3180
ENSG00000189308	879	874	855	736
ENSG00000189319	3162	2025	2854	2052
ENSG00000189325	2	0	0	1
ENSG00000189334	0	2	0	0
ENSG00000189337	107	340	65	282
ENSG00000189339	2741	2345	2295	2182
ENSG00000189343	169	142	137	130
ENSG00000189350	414	359	422	226
ENSG00000189362	557	435	462	391
ENSG00000189366	8	2	6	13
ENSG00000189367	550	965	484	663
ENSG00000189369	127	564	64	645
ENSG00000189376	948	1058	774	993
ENSG00000189377	2	1	1	2
ENSG00000189403	28215	30680	27054	23273
ENSG00000189409	1	5	0	0
ENSG00000189410	0	4	2	2
ENSG00000189420	267	236	215	179
ENSG00000189423	1	1	0	5
ENSG00000189430	68	23	70	19
ENSG00000189431	17	89	3	129
ENSG00000196072	1921	1907	1566	1657
ENSG00000196074	1	8	0	1
ENSG00000196081	108	91	69	86
ENSG00000196083	2120	2456	1965	1824
ENSG00000196092	10	7	0	7
ENSG00000196110	89	117	74	77
ENSG00000196114	0	5	0	0
ENSG00000196116	1043	1207	841	1041
ENSG00000196118	80	75	52	61
ENSG00000196123	426	616	445	471
ENSG00000196126	20608	19119	19041	17971
ENSG00000196132	1	0	0	2
ENSG00000196139	905	461	936	374
ENSG00000196141	2813	3624	2793	3309
ENSG00000196150	185	172	177	117
ENSG00000196151	194	206	201	114
ENSG00000196152	316	356	272	284
ENSG00000196154	14472	17251	12474	17552
ENSG00000196155	450	338	378	229
ENSG00000196159	15	7	21	106
ENSG00000196169	0	1	1	0
ENSG00000196172	20	13	21	7
ENSG00000196177	1177	1462	951	1102
ENSG00000196182	4982	4597	3945	3927
ENSG00000196187	924	1163	559	1055
ENSG00000196188	0	0	0	0
ENSG00000196189	3454	1660	2930	934
ENSG00000196199	3171	3733	3226	2913
ENSG00000196204	776	847	662	666
ENSG00000196205	3999	2659	2786	2116
ENSG00000196208	70	80	56	31
ENSG00000196209	0	0	0	0
ENSG00000196214	814	764	704	641
ENSG00000196218	401	629	303	746
ENSG00000196220	90	44	93	71
ENSG00000196227	1470	1476	1274	1075
ENSG00000196230	104235	95158	99248	73530
ENSG00000196233	1072	1311	1029	1079
ENSG00000196235	8401	8222	7256	6624
ENSG00000196236	473	586	461	408
ENSG00000196247	474	533	434	422
ENSG00000196262	73419	75557	65539	62562
ENSG00000196267	120	107	119	61
ENSG00000196268	49	44	39	78
ENSG00000196274	0	0	1	0
ENSG00000196275	109	137	122	83
ENSG00000196284	270	206	243	155
ENSG00000196290	1055	1082	1001	874
ENSG00000196295	185	237	225	201
ENSG00000196296	35	50	36	22
ENSG00000196302	3	3	6	4
ENSG00000196305	15148	17329	13610	12283
ENSG00000196312	686	799	663	596
ENSG00000196313	8177	8231	7360	6295
ENSG00000196323	2547	2664	2484	1971
ENSG00000196329	664	247	668	62
ENSG00000196337	2	1	1	0
ENSG00000196338	23	30	28	32
ENSG00000196345	1	6	0	5
ENSG00000196352	2250	1742	1932	1067
ENSG00000196357	59	33	38	39
ENSG00000196358	32	51	17	69
ENSG00000196363	3191	3485	2802	2621
ENSG00000196364	1	0	0	0
ENSG00000196365	11543	12430	10153	8998
ENSG00000196366	0	5	1	4
ENSG00000196367	5851	5684	6266	4930
ENSG00000196368	265	981	70	746
ENSG00000196369	1178	1128	1132	1057
ENSG00000196371	609	729	538	575
ENSG00000196372	447	628	342	446
ENSG00000196376	0	0	0	0
ENSG00000196378	148	122	136	111
ENSG00000196387	556	528	436	417
ENSG00000196388	5	4	5	7
ENSG00000196391	48	46	31	35
ENSG00000196396	4695	5417	4370	4548
ENSG00000196405	10402	7838	9892	6991
ENSG00000196407	2	0	1	1
ENSG00000196408	5	6	7	2
ENSG00000196411	17	55	31	29
ENSG00000196417	465	499	386	361
ENSG00000196418	171	187	167	132
ENSG00000196419	27049	29790	24685	23532
ENSG00000196420	42	21	28	10
ENSG00000196421	81	183	95	129
ENSG00000196422	1064	1918	949	1527
ENSG00000196428	1600	1414	1376	1043
ENSG00000196431	0	2	0	2
ENSG00000196433	7	49	2	39
ENSG00000196436	8	15	12	17
ENSG00000196437	283	314	268	254
ENSG00000196440	1132	1804	768	1411
ENSG00000196449	1910	2098	1538	1714
ENSG00000196453	1305	1289	1198	1028
ENSG00000196455	2730	2806	2578	2289
ENSG00000196456	366	340	349	304
ENSG00000196458	166	200	130	139
ENSG00000196459	490	700	446	705
ENSG00000196460	1	0	1	1
ENSG00000196465	1478	1375	1368	1266
ENSG00000196466	88	81	46	28
ENSG00000196470	576	567	549	486
ENSG00000196476	121	135	120	89
ENSG00000196482	2	3	1	3
ENSG00000196497	5358	5748	4548	4083
ENSG00000196498	10160	9211	8849	7085
ENSG00000196502	24	72	3	38
ENSG00000196503	1	0	1	0
ENSG00000196504	7872	8869	7340	7074
ENSG00000196505	684	709	610	539
ENSG00000196507	2	0	0	0
ENSG00000196510	2374	2790	2208	2181
ENSG00000196511	495	378	419	380
ENSG00000196517	18	13	8	16
ENSG00000196526	6221	2986	4376	1690
ENSG00000196531	28970	30411	25051	22856
ENSG00000196535	5637	6131	5241	5209
ENSG00000196544	1673	1465	1369	1443
ENSG00000196547	2383	2648	2435	2163
ENSG00000196550	1088	1027	1059	706
ENSG00000196557	0	1	0	1
ENSG00000196562	657	739	605	675
ENSG00000196569	14	8	11	8
ENSG00000196576	10269	9991	10110	8936
ENSG00000196584	545	780	539	488
ENSG00000196586	1553	579	882	402
ENSG00000196588	2969	3000	2614	2605
ENSG00000196591	5400	6063	4788	4896
ENSG00000196597	129	139	116	120
ENSG00000196605	76	58	49	36
ENSG00000196628	10786	11093	11735	9298
ENSG00000196632	0	0	0	0
ENSG00000196636	648	739	650	624
ENSG00000196639	272	776	71	1209
ENSG00000196642	6999	8055	6883	6435
ENSG00000196646	294	227	281	154
ENSG00000196652	810	848	807	683
ENSG00000196653	24	18	0	8
ENSG00000196655	2004	1952	1543	1716
ENSG00000196656	4612	4069	3648	3260
ENSG00000196659	113	118	91	74
ENSG00000196663	1148	922	959	781
ENSG00000196664	378	1017	108	1052
ENSG00000196668	5	0	4	4
ENSG00000196670	528	570	518	403
ENSG00000196678	470	526	380	413
ENSG00000196683	3572	3439	3374	2961
ENSG00000196684	1516	2288	1544	2646
ENSG00000196689	66	63	52	35
ENSG00000196693	323	398	338	266
ENSG00000196696	39	113	44	105
ENSG00000196700	1524	1595	1376	1133
ENSG00000196704	3898	5162	3378	4317
ENSG00000196705	308	353	300	315
ENSG00000196712	2390	2820	2235	2606
ENSG00000196715	2880	3528	2544	2744
ENSG00000196724	0	19	1	9
ENSG00000196730	405	327	509	184
ENSG00000196734	0	2	0	2
ENSG00000196735	19554	16357	19022	13604
ENSG00000196739	132	21	32	24
ENSG00000196741	48	50	40	50
ENSG00000196743	1828	2332	1332	1768
ENSG00000196747	34	17	20	20
ENSG00000196754	62	42	27	37
ENSG00000196756	591	715	457	534
ENSG00000196757	306	449	336	321
ENSG00000196776	6234	6094	5559	4704
ENSG00000196781	0	3	2	12
ENSG00000196782	169	322	209	265
ENSG00000196787	81	118	78	77
ENSG00000196792	1050	1130	914	885
ENSG00000196793	0	0	0	2
ENSG00000196796	0	1	1	0
ENSG00000196810	588	690	597	504
ENSG00000196812	179	161	142	127
ENSG00000196814	9	16	8	27
ENSG00000196821	8020	7845	7099	6662
ENSG00000196826	0	3	0	0
ENSG00000196834	0	2	0	0
ENSG00000196839	1789	2974	1363	3232
ENSG00000196843	4673	4903	3424	3706
ENSG00000196850	2729	3086	2427	2376
ENSG00000196860	0	0	4	1
ENSG00000196862	0	0	0	0
ENSG00000196865	1087	1334	987	1118
ENSG00000196866	2	0	0	0
ENSG00000196867	98	212	29	176
ENSG00000196873	1024	1103	896	679
ENSG00000196876	107	164	69	36
ENSG00000196878	179	191	121	301
ENSG00000196890	11	13	15	22
ENSG00000196911	167	139	141	118
ENSG00000196912	163	310	229	242
ENSG00000196914	1501	1979	1357	1758
ENSG00000196917	3	5	2	2
ENSG00000196922	378	300	231	273
ENSG00000196923	1359	1366	1183	1108
ENSG00000196924	186181	257434	161185	261588
ENSG00000196933	0	0	0	3
ENSG00000196935	52	77	43	73
ENSG00000196937	4003	3835	3925	3510
ENSG00000196943	4699	4479	3949	3663
ENSG00000196950	1261	1089	1167	742
ENSG00000196951	20	11	12	19
ENSG00000196954	2303	2691	2224	2287
ENSG00000196961	5711	5951	4858	5112
ENSG00000196967	54	126	34	156
ENSG00000196968	1269	1400	1390	1156
ENSG00000196972	3	4	4	3
ENSG00000196975	2536	2713	2054	2531
ENSG00000196976	1188	1606	915	1404
ENSG00000196981	253	290	210	215
ENSG00000196993	16	13	3	18
ENSG00000196998	1198	1435	903	1502
ENSG00000197006	4483	5552	3833	4895
ENSG00000197008	210	223	180	214
ENSG00000197013	67	82	57	60
ENSG00000197016	206	183	228	121
ENSG00000197019	486	465	408	516
ENSG00000197020	358	355	311	361
ENSG00000197021	2023	2150	1635	2087
ENSG00000197024	690	782	551	549
ENSG00000197037	812	836	816	705
ENSG00000197043	35459	33315	30408	29407
ENSG00000197044	142	178	131	132
ENSG00000197045	2306	2616	2098	2203
ENSG00000197050	231	271	245	207
ENSG00000197054	16	0	8	3
ENSG00000197056	190	171	184	151
ENSG00000197057	0	4	2	2
ENSG00000197061	15	8	22	22
ENSG00000197062	321	368	310	247
ENSG00000197063	2057	2457	1744	1905
ENSG00000197070	1086	1131	1038	964
ENSG00000197077	596	1470	235	1564
ENSG00000197081	13092	12972	12673	10790
ENSG00000197083	0	1	0	0
ENSG00000197084	1	1	3	4
ENSG00000197093	8	9	4	16
ENSG00000197099	4	8	9	4
ENSG00000197102	12936	18032	15818	16579
ENSG00000197106	0	0	1	0
ENSG00000197111	23804	23818	20571	18882
ENSG00000197114	1439	1436	1304	1151
ENSG00000197119	586	849	521	697
ENSG00000197121	929	1234	912	1001
ENSG00000197122	93	75	105	67
ENSG00000197128	95	74	84	68
ENSG00000197134	10	43	8	31
ENSG00000197136	3294	3472	3029	2926
ENSG00000197140	0	0	0	0
ENSG00000197142	4480	5129	3999	4426
ENSG00000197147	1059	900	894	763
ENSG00000197149	0	0	0	2
ENSG00000197150	1381	1388	1451	1072
ENSG00000197153	0	1	3	0
ENSG00000197157	13030	14270	10904	11211
ENSG00000197162	283	321	270	219
ENSG00000197165	0	1	0	0
ENSG00000197170	3877	4450	3376	3266
ENSG00000197180	41	98	41	74
ENSG00000197181	11	5	3	6
ENSG00000197182	7	10	5	13
ENSG00000197183	666	814	833	831
ENSG00000197191	47	71	44	49
ENSG00000197208	19	7	7	8
ENSG00000197213	3	0	2	0
ENSG00000197217	1786	1954	1503	1556
ENSG00000197223	1161	1347	1049	985
ENSG00000197226	3670	4411	3320	3931
ENSG00000197238	109	80	62	48
ENSG00000197245	2	0	0	2
ENSG00000197249	7	26	16	10
ENSG00000197253	10	35	2	22
ENSG00000197256	240	381	254	523
ENSG00000197258	305	227	229	129
ENSG00000197261	0	0	0	0
ENSG00000197265	3002	3002	2651	2194
ENSG00000197275	555	751	607	553
ENSG00000197279	21	26	6	5
ENSG00000197283	668	812	700	528
ENSG00000197291	0	0	1	0
ENSG00000197296	264	302	235	261
ENSG00000197299	2265	2939	2282	2211
ENSG00000197302	501	506	471	416
ENSG00000197308	190	472	156	342
ENSG00000197312	3638	3737	3253	2703
ENSG00000197321	61	133	15	78
ENSG00000197323	2416	2642	2328	2130
ENSG00000197324	8640	8163	7466	7529
ENSG00000197329	1726	1850	1682	1332
ENSG00000197332	0	2	0	2
ENSG00000197334	0	2	0	0
ENSG00000197343	1959	2295	1806	1644
ENSG00000197345	1221	1399	1147	1123
ENSG00000197355	1745	1637	1747	1037
ENSG00000197358	0	3	5	4
ENSG00000197361	14	21	14	9
ENSG00000197362	356	471	353	364
ENSG00000197363	117	139	104	99
ENSG00000197372	251	312	277	271
ENSG00000197375	35	47	30	46
ENSG00000197376	0	4	0	5
ENSG00000197380	292	66	245	83
ENSG00000197381	2047	3406	1838	2775
ENSG00000197385	8	23	4	18
ENSG00000197386	5333	5440	5026	4718
ENSG00000197405	4	0	0	0
ENSG00000197409	0	1	2	8
ENSG00000197415	2	0	1	0
ENSG00000197417	1114	1126	913	1001
ENSG00000197421	0	0	0	1
ENSG00000197429	536	488	397	425
ENSG00000197442	1066	1148	1142	1036
ENSG00000197444	91	29	42	5
ENSG00000197448	6269	6999	5709	6000
ENSG00000197451	20672	23236	18008	18194
ENSG00000197457	455	412	439	288
ENSG00000197461	65	45	61	41
ENSG00000197471	18502	16892	16846	15419
ENSG00000197472	27	16	36	13
ENSG00000197483	543	504	544	435
ENSG00000197496	0	0	0	0
ENSG00000197497	40	12	34	52
ENSG00000197498	1993	2345	1704	1722
ENSG00000197506	0	0	0	0
ENSG00000197530	523	552	423	661
ENSG00000197535	2804	4158	2366	4018
ENSG00000197536	213	245	234	190
ENSG00000197540	190	703	350	669
ENSG00000197548	2022	2474	1774	2130
ENSG00000197550	0	0	0	0
ENSG00000197555	3509	3285	3603	2721
ENSG00000197557	86	68	79	40
ENSG00000197558	5	5	3	0
ENSG00000197562	622	620	647	519
ENSG00000197563	1051	1168	1035	1110
ENSG00000197565	22	38	6	28
ENSG00000197566	179	127	139	123
ENSG00000197568	123	173	126	121
ENSG00000197579	1272	1311	1086	1054
ENSG00000197580	2	0	2	2
ENSG00000197582	77	102	55	81
ENSG00000197586	1379	1566	1099	1298
ENSG00000197587	2	1	0	5
ENSG00000197594	1	0	0	1
ENSG00000197599	3	5	5	5
ENSG00000197601	2083	2732	1845	2018
ENSG00000197603	414	346	380	357
ENSG00000197608	92	147	90	114
ENSG00000197614	0	0	0	0
ENSG00000197616	1390	271	886	138
ENSG00000197619	250	275	227	226
ENSG00000197620	1624	1632	1471	1684
ENSG00000197622	9431	9559	8696	8253
ENSG00000197632	0	3	0	33
ENSG00000197635	6667	4101	8137	988
ENSG00000197646	65	45	64	55
ENSG00000197647	0	0	0	1
ENSG00000197653	4	5	6	7
ENSG00000197694	16214	15432	15765	12495
ENSG00000197696	234	205	148	130
ENSG00000197705	101	56	29	0
ENSG00000197712	1	0	0	0
ENSG00000197713	1781	2090	1553	1662
ENSG00000197714	86	98	72	54
ENSG00000197721	0	3	0	0
ENSG00000197724	2241	2177	2066	1684
ENSG00000197728	10046	9685	9530	7477
ENSG00000197744	58	49	62	63
ENSG00000197746	11828	11771	10050	12346
ENSG00000197747	2007	2735	2115	2898
ENSG00000197748	0	0	0	0
ENSG00000197753	2	0	2	0
ENSG00000197756	32282	32949	29381	26516
ENSG00000197757	22	17	30	20
ENSG00000197763	30	3	20	7
ENSG00000197766	52	148	20	109
ENSG00000197771	5409	6873	5282	5422
ENSG00000197774	187	312	225	238
ENSG00000197776	27	34	24	52
ENSG00000197779	234	367	208	297
ENSG00000197780	628	664	510	492
ENSG00000197782	504	542	608	457
ENSG00000197785	4186	5030	3662	3815
ENSG00000197798	687	714	596	598
ENSG00000197808	127	148	116	123
ENSG00000197813	8	8	6	3
ENSG00000197816	30	33	41	69
ENSG00000197818	1195	1206	1128	1142
ENSG00000197822	32	28	31	22
ENSG00000197826	0	0	0	0
ENSG00000197837	19	7	9	9
ENSG00000197841	123	111	123	106
ENSG00000197847	48	102	56	71
ENSG00000197852	188	169	185	184
ENSG00000197857	199	203	139	106
ENSG00000197858	3649	3855	3494	3733
ENSG00000197859	1	1	0	1
ENSG00000197860	692	721	583	587
ENSG00000197863	122	99	79	70
ENSG00000197872	84	42	11	35
ENSG00000197879	4510	4960	3550	4524
ENSG00000197880	1	0	0	0
ENSG00000197885	205	299	148	227
ENSG00000197889	13	20	6	18
ENSG00000197892	1658	1945	1543	1933
ENSG00000197893	0	0	0	0
ENSG00000197894	4764	4606	4153	3776
ENSG00000197903	314	362	259	358
ENSG00000197905	435	268	397	146
ENSG00000197912	1956	1947	1805	1728
ENSG00000197915	0	0	1	0
ENSG00000197921	0	0	3	0
ENSG00000197927	2	6	2	3
ENSG00000197928	51	4	47	4
ENSG00000197930	7782	8439	7193	7149
ENSG00000197933	97	147	60	100
ENSG00000197935	14	2	14	8
ENSG00000197937	70	36	47	28
ENSG00000197943	1576	2940	1305	3063
ENSG00000197948	646	730	635	659
ENSG00000197951	579	633	533	533
ENSG00000197953	0	0	1	0
ENSG00000197956	10878	12520	9431	11975
ENSG00000197958	29852	30739	27817	23967
ENSG00000197959	39	63	44	86
ENSG00000197961	792	1326	866	860
ENSG00000197965	1107	1450	879	1223
ENSG00000197969	2380	3092	2521	2312
ENSG00000197971	5253	3400	4496	2545
ENSG00000197976	4267	5378	4053	4271
ENSG00000197978	78	92	94	92
ENSG00000197980	4	3	3	1
ENSG00000197982	1107	1201	899	1135
ENSG00000197989	280	644	307	470
ENSG00000197993	0	0	0	1
ENSG00000198000	2414	2804	2137	2038
ENSG00000198001	1143	1333	1122	1132
ENSG00000198003	11	10	11	7
ENSG00000198010	1	0	0	0
ENSG00000198015	2765	2915	2381	2233
ENSG00000198018	248	208	231	184
ENSG00000198019	0	1	1	0
ENSG00000198026	1658	1696	1547	1412
ENSG00000198033	19	40	7	17
ENSG00000198034	42138	55053	36654	52429
ENSG00000198039	174	201	172	169
ENSG00000198040	548	525	404	416
ENSG00000198042	2064	2421	1912	1793
ENSG00000198053	1	0	0	0
ENSG00000198055	3260	3457	3231	2684
ENSG00000198056	1027	1337	1159	955
ENSG00000198060	1383	1603	1278	1234
ENSG00000198064	25	40	8	14
ENSG00000198075	0	0	0	0
ENSG00000198081	935	949	876	758
ENSG00000198087	1605	1854	1358	1433
ENSG00000198088	81	106	32	93
ENSG00000198089	2101	1968	2003	1434
ENSG00000198093	228	196	144	183
ENSG00000198105	296	317	281	213
ENSG00000198106	24	38	41	13
ENSG00000198113	1796	1701	1868	1781
ENSG00000198125	131	45	113	17
ENSG00000198130	1019	1163	812	879
ENSG00000198131	830	555	697	485
ENSG00000198133	954	921	778	999
ENSG00000198134	0	0	1	0
ENSG00000198142	1	0	0	1
ENSG00000198146	2189	2214	2128	1627
ENSG00000198155	7	7	1	8
ENSG00000198156	3	0	15	3
ENSG00000198157	257	1043	306	803
ENSG00000198160	2212	2017	1936	1558
ENSG00000198162	2857	3022	2665	2563
ENSG00000198168	1051	1420	1146	1318
ENSG00000198169	122	110	89	98
ENSG00000198171	2397	2545	2093	2075
ENSG00000198176	9373	11252	8756	8890
ENSG00000198182	3	16	0	2
ENSG00000198185	0	2	0	0
ENSG00000198189	919	905	813	774
ENSG00000198198	1457	1487	1494	1367
ENSG00000198205	113	153	104	149
ENSG00000198208	13	21	3	13
ENSG00000198216	55	242	21	339
ENSG00000198217	0	1	0	0
ENSG00000198218	5724	5781	5048	4592
ENSG00000198221	3	2	4	0
ENSG00000198223	17	17	11	27
ENSG00000198225	14	14	4	17
ENSG00000198231	6819	6570	5921	4928
ENSG00000198237	20	41	28	34
ENSG00000198242	21387	21619	19598	16836
ENSG00000198246	252	243	183	193
ENSG00000198252	1357	1282	1150	1038
ENSG00000198258	3685	3804	3300	3453
ENSG00000198265	2842	2547	2741	2096
ENSG00000198270	249	251	251	180
ENSG00000198276	1203	1339	1224	1019
ENSG00000198283	0	0	0	0
ENSG00000198286	11209	8762	8694	8048
ENSG00000198298	37	21	11	6
ENSG00000198301	2593	2736	2305	2052
ENSG00000198312	0	0	0	0
ENSG00000198315	1112	1023	978	773
ENSG00000198324	85	67	49	31
ENSG00000198331	314	293	223	273
ENSG00000198336	0	1	2	1
ENSG00000198346	240	113	225	72
ENSG00000198353	390	469	299	447
ENSG00000198355	4150	4015	3823	3532
ENSG00000198356	3498	3203	3056	2540
ENSG00000198363	10	0	40	1
ENSG00000198369	1188	1204	884	1053
ENSG00000198373	2912	3147	2677	2791
ENSG00000198380	3743	4563	2963	3558
ENSG00000198382	1223	1156	1033	827
ENSG00000198393	456	377	361	366
ENSG00000198399	3874	4195	3573	3378
ENSG00000198400	33	28	37	10
ENSG00000198406	152	284	244	181
ENSG00000198408	5923	6034	5117	4882
ENSG00000198416	0	7	0	1
ENSG00000198417	31	30	36	103
ENSG00000198420	2079	1806	2003	1267
ENSG00000198429	0	0	0	2
ENSG00000198431	6882	7985	6133	5858
ENSG00000198435	429	479	398	238
ENSG00000198440	87	103	94	88
ENSG00000198453	200	194	161	130
ENSG00000198454	0	1	0	0
ENSG00000198455	492	791	484	665
ENSG00000198464	541	513	402	409
ENSG00000198466	652	696	632	498
ENSG00000198467	8	42	16	41
ENSG00000198468	141	174	129	155
ENSG00000198478	6	4	0	3
ENSG00000198482	128	212	166	148
ENSG00000198483	19	34	5	32
ENSG00000198488	0	0	0	1
ENSG00000198492	4759	5152	4289	4068
ENSG00000198496	98	115	101	88
ENSG00000198498	1690	2136	1580	1719
ENSG00000198502	3545	3430	3288	3169
ENSG00000198513	26	9	13	5
ENSG00000198517	2388	2814	1971	2125
ENSG00000198520	36	15	23	13
ENSG00000198521	6	74	11	35
ENSG00000198522	2906	2625	2496	2186
ENSG00000198523	0	0	1	0
ENSG00000198535	1	2	0	0
ENSG00000198538	327	233	218	153
ENSG00000198542	77	70	120	133
ENSG00000198546	1407	1633	1158	1331
ENSG00000198547	2	0	3	3
ENSG00000198551	421	418	407	317
ENSG00000198553	9	28	14	23
ENSG00000198554	2231	2314	1961	1781
ENSG00000198556	149	253	171	169
ENSG00000198561	154	159	185	155
ENSG00000198563	11121	12545	10044	9523
ENSG00000198569	9	11	3	3
ENSG00000198570	0	0	0	0
ENSG00000198574	215	814	58	289
ENSG00000198576	2	0	6	3
ENSG00000198580	2	0	0	0
ENSG00000198585	2348	2587	2087	2083
ENSG00000198586	2269	2397	2057	1853
ENSG00000198589	3987	3094	3803	2304
ENSG00000198590	4	6	1	4
ENSG00000198598	18	14	31	3
ENSG00000198604	5315	6418	5076	5156
ENSG00000198610	0	1	4	1
ENSG00000198612	1967	2200	1809	1732
ENSG00000198618	588	609	493	447
ENSG00000198624	4943	5947	4170	6318
ENSG00000198625	965	1168	1006	899
ENSG00000198626	2	0	24	1
ENSG00000198633	1	1	0	0
ENSG00000198642	1349	1325	1136	1086
ENSG00000198643	1	0	0	0
ENSG00000198646	2388	2592	2219	2023
ENSG00000198648	2088	2458	1956	1885
ENSG00000198658	1	2	2	1
ENSG00000198663	3708	4208	3584	3690
ENSG00000198668	19558	21951	18127	19134
ENSG00000198670	0	0	1	0
ENSG00000198673	4	19	2	7
ENSG00000198677	3518	3837	2939	2886
ENSG00000198680	2	0	0	0
ENSG00000198682	9	13	9	20
ENSG00000198685	0	0	0	0
ENSG00000198689	960	1495	872	1457
ENSG00000198690	293	324	327	378
ENSG00000198692	3399	3864	3011	2979
ENSG00000198695	803	1050	734	882
ENSG00000198700	4358	5039	3947	4114
ENSG00000198707	984	1151	943	840
ENSG00000198711	20	50	27	30
ENSG00000198712	67368	98363	57195	87267
ENSG00000198715	810	538	608	546
ENSG00000198718	458	512	312	360
ENSG00000198719	7	1	3	12
ENSG00000198720	833	720	736	472
ENSG00000198721	1695	2131	1630	1753
ENSG00000198722	0	32	0	19
ENSG00000198723	0	0	0	1
ENSG00000198727	67612	97967	54257	79745
ENSG00000198728	2846	2828	2492	2527
ENSG00000198729	79	94	83	37
ENSG00000198730	4295	4380	3873	3725
ENSG00000198732	1	2	0	3
ENSG00000198734	81	46	37	100
ENSG00000198736	1164	1149	882	1079
ENSG00000198739	95	462	7	136
ENSG00000198740	583	552	664	485
ENSG00000198742	1089	1142	900	958
ENSG00000198743	4020	4514	3578	4540
ENSG00000198744	1	10	3	4
ENSG00000198746	634	538	579	475
ENSG00000198752	2027	1923	1374	1579
ENSG00000198753	13	7	8	10
ENSG00000198754	51	17	80	23
ENSG00000198755	33409	33223	30119	26627
ENSG00000198756	52	11	40	23
ENSG00000198759	0	0	0	0
ENSG00000198763	45872	69280	36116	52397
ENSG00000198771	11009	9401	9835	7782
ENSG00000198780	515	987	190	867
ENSG00000198783	969	989	925	848
ENSG00000198786	73855	96882	58397	76861
ENSG00000198791	4193	4474	3978	3580
ENSG00000198792	2287	2255	2022	1991
ENSG00000198793	4145	4905	3943	3950
ENSG00000198794	153	297	95	348
ENSG00000198796	3	5	0	1
ENSG00000198797	5	1	0	1
ENSG00000198799	541	488	444	395
ENSG00000198804	264554	386328	240590	330841
ENSG00000198805	4372	4775	4008	3626
ENSG00000198807	691	461	710	381
ENSG00000198814	2560	3973	2163	3292
ENSG00000198815	2471	2551	2388	1919
ENSG00000198816	635	729	417	826
ENSG00000198818	1143	1382	1030	1240
ENSG00000198821	4603	3863	4328	3027
ENSG00000198824	1976	2150	1896	1755
ENSG00000198825	977	1018	815	479
ENSG00000198826	5367	5109	4883	3855
ENSG00000198830	19972	21357	19431	17421
ENSG00000198832	71	66	30	58
ENSG00000198833	3644	4210	3242	3443
ENSG00000198835	17	8	4	19
ENSG00000198836	8861	10270	7799	7857
ENSG00000198837	3495	3882	3384	3291
ENSG00000198839	721	663	624	603
ENSG00000198840	16296	24125	13126	20237
ENSG00000198841	905	931	749	730
ENSG00000198843	6037	6032	5381	5223
ENSG00000198846	606	1531	569	1534
ENSG00000198848	2	52	0	17
ENSG00000198851	14445	12549	12478	11634
ENSG00000198853	1	0	0	1
ENSG00000198855	224	275	192	286
ENSG00000198856	2841	2883	2317	2169
ENSG00000198857	0	0	0	1
ENSG00000198858	2686	2598	2347	2402
ENSG00000198860	2386	2398	2181	1758
ENSG00000198862	1921	2616	1836	2110
ENSG00000198863	1101	976	1026	848
ENSG00000198865	0	0	0	1
ENSG00000198870	5	3	10	3
ENSG00000198873	1418	1763	1303	1426
ENSG00000198874	1325	1284	993	1052
ENSG00000198876	3401	3286	3067	2689
ENSG00000198879	810	561	796	354
ENSG00000198881	6	6	3	2
ENSG00000198883	2	14	3	5
ENSG00000198885	1593	1856	1450	1391
ENSG00000198886	126221	178736	100471	146961
ENSG00000198887	2642	3131	2398	2169
ENSG00000198888	43871	66128	34816	49799
ENSG00000198890	1202	1350	1012	1072
ENSG00000198892	20	38	14	72
ENSG00000198894	634	682	554	485
ENSG00000198898	4256	4532	3682	4167
ENSG00000198899	78018	116687	64385	93123
ENSG00000198900	10040	12079	9265	9594
ENSG00000198901	4372	5127	3964	4391
ENSG00000198908	0	0	0	0
ENSG00000198909	1888	2138	1742	1885
ENSG00000198910	842	391	620	391
ENSG00000198911	16906	15613	15199	12164
ENSG00000198912	1315	1444	1324	1030
ENSG00000198915	85	52	68	27
ENSG00000198917	2269	2383	2157	1769
ENSG00000198918	17715	24233	14468	23471
ENSG00000198919	1043	1000	1021	729
ENSG00000198920	707	733	669	509
ENSG00000198924	831	911	832	684
ENSG00000198925	2714	2546	2542	2215
ENSG00000198929	2	0	0	0
ENSG00000198930	0	0	0	2
ENSG00000198931	4890	4694	4278	3964
ENSG00000198933	338	333	468	349
ENSG00000198934	46	249	12	249
ENSG00000198937	1491	1423	1379	1005
ENSG00000198938	84867	141883	79744	113611
ENSG00000198939	0	0	0	0
ENSG00000198944	2	0	7	3
ENSG00000198945	309	420	278	390
ENSG00000198947	6987	7221	4468	5627
ENSG00000198948	0	0	1	0
ENSG00000198951	2793	4202	2401	4115
ENSG00000198952	4661	4819	4163	3800
ENSG00000198954	1121	1406	991	1259
ENSG00000198959	55	26	27	46
ENSG00000198960	1461	2325	1320	2170
ENSG00000198961	6163	5735	5178	4774
ENSG00000198963	1	2	2	0
ENSG00000198964	2330	2266	1889	1494
ENSG00000199218	0	0	2	0
ENSG00000199377	0	0	0	0
ENSG00000199477	0	0	2	0
ENSG00000199631	0	0	1	1
ENSG00000199683	0	0	0	0
ENSG00000199691	0	0	2	0
ENSG00000199753	0	0	0	0
ENSG00000200084	0	1	2	1
ENSG00000200087	2	3	4	3
ENSG00000200259	0	0	3	0
ENSG00000200320	0	0	1	0
ENSG00000200354	2	0	0	0
ENSG00000200623	0	0	1	0
ENSG00000200795	2	0	0	0
ENSG00000200953	0	0	0	1
ENSG00000200959	0	1	0	0
ENSG00000201078	0	0	0	2
ENSG00000201098	1	0	1	0
ENSG00000201302	0	0	2	0
ENSG00000201321	1	0	2	1
ENSG00000201558	0	0	0	0
ENSG00000201581	0	0	1	0
ENSG00000201684	0	1	0	0
ENSG00000201785	0	0	2	0
ENSG00000201998	1	0	0	0
ENSG00000202058	0	2	0	2
ENSG00000202252	2	0	1	0
ENSG00000202347	0	0	0	0
ENSG00000202354	2	0	0	0
ENSG00000202360	1	0	0	0
ENSG00000202415	0	0	0	0
ENSG00000202474	0	0	0	1
ENSG00000202538	1	0	0	0
ENSG00000203279	14	27	13	35
ENSG00000203288	45	41	41	31
ENSG00000203307	8	37	0	11
ENSG00000203321	0	0	0	0
ENSG00000203326	213	90	178	47
ENSG00000203327	0	0	0	0
ENSG00000203334	0	0	0	1
ENSG00000203356	0	0	0	0
ENSG00000203364	2	0	0	0
ENSG00000203392	0	0	0	0
ENSG00000203395	0	1	3	6
ENSG00000203434	0	0	2	0
ENSG00000203441	11	9	15	7
ENSG00000203446	0	0	0	0
ENSG00000203469	0	2	0	0
ENSG00000203485	6929	7578	6133	6342
ENSG00000203497	80	48	56	23
ENSG00000203499	5	3	7	0
ENSG00000203546	30	10	16	12
ENSG00000203581	0	0	0	2
ENSG00000203618	0	2	0	0
ENSG00000203620	0	0	0	0
ENSG00000203644	247	237	221	218
ENSG00000203645	0	0	1	0
ENSG00000203647	0	0	0	0
ENSG00000203661	0	1	0	0
ENSG00000203663	0	0	1	0
ENSG00000203666	74	77	57	68
ENSG00000203667	1232	1559	1098	1265
ENSG00000203668	952	1217	923	767
ENSG00000203684	0	0	0	0
ENSG00000203685	1	0	8	0
ENSG00000203697	0	4	0	0
ENSG00000203705	553	560	458	401
ENSG00000203709	9	39	18	17
ENSG00000203710	15	6	7	7
ENSG00000203711	7	14	2	17
ENSG00000203722	2	2	2	1
ENSG00000203724	85	95	102	78
ENSG00000203734	0	0	1	2
ENSG00000203737	1	0	1	0
ENSG00000203739	22	29	26	19
ENSG00000203747	0	6	5	10
ENSG00000203756	23	32	39	17
ENSG00000203757	0	0	0	1
ENSG00000203760	890	968	732	755
ENSG00000203761	23	69	83	39
ENSG00000203778	21	43	29	11
ENSG00000203780	626	1296	630	660
ENSG00000203782	0	1	2	1
ENSG00000203783	0	0	0	0
ENSG00000203791	768	848	769	678
ENSG00000203797	8	18	2	17
ENSG00000203804	4	0	3	2
ENSG00000203805	0	1	0	3
ENSG00000203811	3	7	4	5
ENSG00000203812	202	63	54	73
ENSG00000203814	23	2	21	6
ENSG00000203837	0	0	0	0
ENSG00000203852	3	7	4	5
ENSG00000203865	21	16	15	20
ENSG00000203867	2	0	2	2
ENSG00000203872	12	5	3	1
ENSG00000203875	962	1164	881	790
ENSG00000203876	0	0	2	3
ENSG00000203879	4507	7134	3646	7616
ENSG00000203880	947	914	921	814
ENSG00000203883	11	22	11	17
ENSG00000203896	875	1054	948	1122
ENSG00000203907	0	0	2	2
ENSG00000203923	0	0	0	1
ENSG00000203930	4	17	1	0
ENSG00000203942	0	0	0	2
ENSG00000203943	3	1	1	0
ENSG00000203950	585	859	538	1015
ENSG00000203965	195	255	200	201
ENSG00000203987	0	0	0	0
ENSG00000203993	402	541	390	405
ENSG00000203995	138	186	85	161
ENSG00000203999	9	18	11	12
ENSG00000204003	35	20	18	40
ENSG00000204010	0	1	0	2
ENSG00000204025	0	0	0	0
ENSG00000204044	11	5	9	2
ENSG00000204049	0	0	0	0
ENSG00000204052	2	1	3	5
ENSG00000204054	1845	1680	1564	1315
ENSG00000204055	0	4	3	3
ENSG00000204060	87	147	82	191
ENSG00000204070	1465	1312	1317	1070
ENSG00000204072	75	0	0	14
ENSG00000204084	1558	1743	1667	1443
ENSG00000204086	1	14	2	2
ENSG00000204091	0	0	0	0
ENSG00000204099	0	0	0	0
ENSG00000204103	9	20	7	1
ENSG00000204104	542	615	475	539
ENSG00000204110	7	11	7	3
ENSG00000204116	504	748	331	795
ENSG00000204120	4346	4590	4053	3425
ENSG00000204128	14	16	29	17
ENSG00000204130	145	205	145	150
ENSG00000204131	121	9	230	40
ENSG00000204136	0	0	0	0
ENSG00000204138	1438	1349	1249	1172
ENSG00000204147	158	241	122	194
ENSG00000204149	155	383	229	260
ENSG00000204152	351	522	319	339
ENSG00000204160	6097	5746	4961	4673
ENSG00000204161	6942	7574	6507	6346
ENSG00000204165	16	20	10	32
ENSG00000204172	9	18	3	17
ENSG00000204176	27	27	37	11
ENSG00000204177	29	52	35	26
ENSG00000204178	1436	1623	1240	1414
ENSG00000204186	969	1599	691	1361
ENSG00000204194	1	0	0	0
ENSG00000204196	74	89	50	62
ENSG00000204209	5051	4707	4632	3691
ENSG00000204217	2245	2104	1650	1877
ENSG00000204219	0	0	1	0
ENSG00000204220	2330	2376	1926	2018
ENSG00000204227	1681	1614	1618	1240
ENSG00000204228	1192	824	1039	692
ENSG00000204231	2237	1967	1907	1740
ENSG00000204237	1253	1383	1196	1025
ENSG00000204241	1	2	3	5
ENSG00000204248	16	26	15	20
ENSG00000204252	8474	7209	7545	5740
ENSG00000204253	80	58	58	38
ENSG00000204256	14092	15319	13426	11553
ENSG00000204257	8289	7006	7601	6237
ENSG00000204261	1480	1679	1525	1423
ENSG00000204262	3674	2686	7237	1252
ENSG00000204264	14109	15266	12701	13628
ENSG00000204267	9347	10524	8095	8851
ENSG00000204271	51	17	13	21
ENSG00000204272	1036	1502	867	1600
ENSG00000204282	280	250	278	229
ENSG00000204283	0	0	0	0
ENSG00000204287	48845	42249	45756	36883
ENSG00000204291	2435	2009	1646	2043
ENSG00000204301	58	61	33	49
ENSG00000204304	2416	2259	2365	1836
ENSG00000204305	83	113	92	139
ENSG00000204308	1950	1648	1747	1394
ENSG00000204310	2147	2488	1899	2141
ENSG00000204311	9	21	15	11
ENSG00000204314	5	9	9	5
ENSG00000204315	258	213	249	194
ENSG00000204316	2794	3231	2604	2619
ENSG00000204334	0	0	0	1
ENSG00000204335	14	33	8	33
ENSG00000204338	0	0	1	0
ENSG00000204344	290	302	270	261
ENSG00000204345	76	136	55	128
ENSG00000204348	337	450	273	329
ENSG00000204351	2428	2398	2175	2165
ENSG00000204352	7	7	10	4
ENSG00000204356	3151	3519	3109	2862
ENSG00000204366	350	343	325	298
ENSG00000204370	3342	3203	2885	2775
ENSG00000204371	4634	4563	4024	3569
ENSG00000204380	0	0	0	6
ENSG00000204381	202	217	107	219
ENSG00000204385	0	0	2	2
ENSG00000204386	1161	1262	931	1162
ENSG00000204387	2468	2223	1884	1662
ENSG00000204388	4294	5115	3336	4627
ENSG00000204389	16302	16849	13963	14306
ENSG00000204390	173	152	163	118
ENSG00000204392	2174	2467	2003	2001
ENSG00000204394	10140	12102	8678	9733
ENSG00000204396	58	89	74	97
ENSG00000204397	724	722	609	646
ENSG00000204406	479	452	461	367
ENSG00000204410	466	416	469	340
ENSG00000204421	0	0	0	0
ENSG00000204427	1377	1638	1264	1382
ENSG00000204428	75	60	53	59
ENSG00000204429	0	0	0	0
ENSG00000204435	4552	4412	4304	3611
ENSG00000204438	971	882	1001	711
ENSG00000204439	1451	1573	1261	1239
ENSG00000204442	0	0	0	0
ENSG00000204444	64	76	70	57
ENSG00000204463	11153	11441	10047	9514
ENSG00000204469	25635	24086	23372	18937
ENSG00000204472	70	10	57	7
ENSG00000204475	2773	2742	2601	2277
ENSG00000204482	2291	1231	2525	700
ENSG00000204498	541	572	522	474
ENSG00000204514	24	55	34	36
ENSG00000204516	792	935	865	758
ENSG00000204519	507	511	423	337
ENSG00000204520	143	226	139	185
ENSG00000204524	117	101	84	95
ENSG00000204525	94509	86831	80848	78757
ENSG00000204531	2	1	3	0
ENSG00000204536	872	913	814	755
ENSG00000204540	0	0	0	0
ENSG00000204556	3	4	1	9
ENSG00000204560	3174	3369	2667	2853
ENSG00000204564	458	522	412	483
ENSG00000204568	2480	2578	2405	2014
ENSG00000204569	3258	3673	3001	3099
ENSG00000204572	0	0	3	0
ENSG00000204574	6512	6664	6167	4874
ENSG00000204576	701	750	717	644
ENSG00000204577	14	21	20	11
ENSG00000204580	101	82	52	110
ENSG00000204584	0	1	1	0
ENSG00000204588	38	82	15	15
ENSG00000204590	2609	2344	2114	1852
ENSG00000204592	33378	30764	27880	28451
ENSG00000204599	567	494	532	376
ENSG00000204604	325	359	276	308
ENSG00000204610	4	19	3	30
ENSG00000204611	319	233	243	192
ENSG00000204613	1	17	3	14
ENSG00000204616	11	12	5	14
ENSG00000204619	1797	1689	1716	1310
ENSG00000204620	6	13	15	17
ENSG00000204622	1	0	0	0
ENSG00000204623	84	115	94	83
ENSG00000204624	6	6	7	6
ENSG00000204628	54998	51868	48228	41367
ENSG00000204632	7	9	11	10
ENSG00000204634	4	5	7	10
ENSG00000204642	9316	7619	7960	6703
ENSG00000204644	561	681	435	600
ENSG00000204650	416	511	502	472
ENSG00000204652	0	0	3	0
ENSG00000204659	0	0	0	1
ENSG00000204661	0	0	0	0
ENSG00000204666	0	1	6	1
ENSG00000204671	8	0	0	1
ENSG00000204673	1460	1667	1240	1197
ENSG00000204677	0	0	0	0
ENSG00000204681	71	148	68	123
ENSG00000204682	4	18	7	5
ENSG00000204685	140	102	111	97
ENSG00000204706	0	0	2	0
ENSG00000204709	0	0	0	0
ENSG00000204710	0	0	0	0
ENSG00000204711	0	0	0	0
ENSG00000204713	3577	3449	3207	2625
ENSG00000204718	0	0	0	0
ENSG00000204740	0	0	0	0
ENSG00000204745	273	248	253	173
ENSG00000204758	4	7	3	6
ENSG00000204778	5	10	20	19
ENSG00000204779	0	0	0	0
ENSG00000204789	0	0	0	0
ENSG00000204791	22	34	19	19
ENSG00000204792	1	0	0	0
ENSG00000204802	83	63	83	46
ENSG00000204814	1	1	0	0
ENSG00000204815	67	63	43	61
ENSG00000204816	0	2	0	5
ENSG00000204822	1633	1677	1497	1436
ENSG00000204837	0	4	0	2
ENSG00000204839	67	80	58	56
ENSG00000204842	1475	1833	1415	1368
ENSG00000204843	11279	10312	9380	8022
ENSG00000204852	130	149	113	187
ENSG00000204856	925	1258	858	898
ENSG00000204859	529	535	476	358
ENSG00000204860	3	1	0	0
ENSG00000204866	0	0	0	1
ENSG00000204876	0	7	0	6
ENSG00000204882	0	1	0	6
ENSG00000204899	1562	1926	1569	1732
ENSG00000204904	0	0	0	0
ENSG00000204913	1	0	0	0
ENSG00000204920	205	261	207	179
ENSG00000204922	582	533	449	581
ENSG00000204923	141	159	168	163
ENSG00000204928	0	0	0	0
ENSG00000204929	0	0	0	1
ENSG00000204934	109	117	111	84
ENSG00000204946	461	524	446	430
ENSG00000204947	87	82	54	77
ENSG00000204950	0	0	0	2
ENSG00000204954	303	375	276	341
ENSG00000204956	1	0	0	0
ENSG00000204959	357	373	157	282
ENSG00000204967	0	0	1	0
ENSG00000204970	10	0	0	12
ENSG00000204977	559	671	578	617
ENSG00000204978	0	3	0	0
ENSG00000204991	8	19	8	8
ENSG00000205002	709	814	521	636
ENSG00000205018	9	1	11	0
ENSG00000205038	0	0	0	0
ENSG00000205041	0	2	7	2
ENSG00000205045	982	1195	992	872
ENSG00000205060	2120	2267	1743	2019
ENSG00000205078	25	34	34	33
ENSG00000205084	243	358	181	305
ENSG00000205085	0	2	0	3
ENSG00000205089	22	35	32	22
ENSG00000205090	1	14	1	3
ENSG00000205097	34	45	4	12
ENSG00000205106	2	0	0	4
ENSG00000205111	3	8	2	1
ENSG00000205116	0	0	2	0
ENSG00000205129	1	2	2	0
ENSG00000205133	218	333	151	180
ENSG00000205138	645	640	586	550
ENSG00000205143	6	10	13	2
ENSG00000205155	908	795	794	712
ENSG00000205176	0	0	0	0
ENSG00000205181	0	0	0	1
ENSG00000205189	212	123	164	79
ENSG00000205208	1712	2239	1586	1599
ENSG00000205209	1	0	0	0
ENSG00000205213	105	224	45	207
ENSG00000205220	5472	5289	4724	4802
ENSG00000205236	0	3	8	0
ENSG00000205250	5338	5273	4660	4234
ENSG00000205268	5061	5737	4409	4474
ENSG00000205269	306	369	202	279
ENSG00000205277	7	16	12	18
ENSG00000205279	0	0	0	0
ENSG00000205302	1781	2019	1471	1714
ENSG00000205307	30	86	54	84
ENSG00000205309	220	237	232	192
ENSG00000205323	3181	3311	2680	2544
ENSG00000205334	0	3	0	0
ENSG00000205336	294	659	102	884
ENSG00000205339	11952	13339	10483	10574
ENSG00000205352	6147	6760	5567	6064
ENSG00000205356	1925	1739	1841	1651
ENSG00000205361	2	0	1	0
ENSG00000205362	0	7	0	13
ENSG00000205396	2	0	0	0
ENSG00000205403	11	162	14	271
ENSG00000205412	0	0	1	0
ENSG00000205413	2652	2694	2354	2710
ENSG00000205423	453	586	452	511
ENSG00000205426	20	41	13	94
ENSG00000205456	1	0	1	2
ENSG00000205464	35	22	41	15
ENSG00000205476	814	951	525	777
ENSG00000205482	5	3	6	8
ENSG00000205485	92	90	67	44
ENSG00000205488	0	1	1	1
ENSG00000205500	0	0	0	1
ENSG00000205502	0	0	0	0
ENSG00000205531	8892	9321	7990	7875
ENSG00000205534	276	330	247	216
ENSG00000205537	11	15	13	5
ENSG00000205542	164345	191905	134138	186134
ENSG00000205544	749	743	729	653
ENSG00000205559	25	20	24	26
ENSG00000205560	450	681	465	629
ENSG00000205571	1947	1940	1644	1468
ENSG00000205572	833	928	667	670
ENSG00000205578	81	61	116	59
ENSG00000205581	14500	16206	13179	12749
ENSG00000205583	114	137	119	102
ENSG00000205593	1179	1353	1024	1433
ENSG00000205609	6059	6814	5420	5259
ENSG00000205611	30	14	15	22
ENSG00000205629	924	848	761	735
ENSG00000205639	0	1	0	0
ENSG00000205643	319	362	306	284
ENSG00000205659	787	808	702	612
ENSG00000205670	317	109	335	42
ENSG00000205683	404	328	529	309
ENSG00000205702	7	21	6	12
ENSG00000205704	23	19	13	6
ENSG00000205707	253	286	215	245
ENSG00000205710	50	28	59	30
ENSG00000205726	613	780	469	761
ENSG00000205730	2930	3089	2235	2364
ENSG00000205740	3	6	4	16
ENSG00000205744	4156	4191	3617	3489
ENSG00000205746	652	914	627	583
ENSG00000205755	71	84	32	217
ENSG00000205758	807	906	724	841
ENSG00000205763	174	244	166	157
ENSG00000205765	1330	1505	1288	1157
ENSG00000205771	28	20	27	25
ENSG00000205784	1	2	3	1
ENSG00000205790	0	0	0	0
ENSG00000205791	9	10	14	8
ENSG00000205795	948	385	611	245
ENSG00000205808	351	380	279	315
ENSG00000205809	1	0	0	0
ENSG00000205822	43	48	35	51
ENSG00000205830	6	3	0	14
ENSG00000205832	0	2	0	2
ENSG00000205838	2	0	0	0
ENSG00000205846	2	2	3	1
ENSG00000205853	5	1	3	5
ENSG00000205861	9	16	8	16
ENSG00000205869	0	0	0	1
ENSG00000205871	2	2	2	0
ENSG00000205885	186	314	270	211
ENSG00000205903	2143	1956	1916	1546
ENSG00000205913	6	5	9	15
ENSG00000205918	5	6	4	9
ENSG00000205923	0	0	0	3
ENSG00000205930	15	7	9	15
ENSG00000205937	10446	11424	9369	8432
ENSG00000205940	3	3	2	1
ENSG00000205959	0	3	3	4
ENSG00000205978	65	25	46	32
ENSG00000205981	1180	1518	1071	1015
ENSG00000206028	6	10	5	8
ENSG00000206053	3731	4298	3432	3393
ENSG00000206066	0	0	0	0
ENSG00000206072	0	0	0	1
ENSG00000206073	2	0	0	0
ENSG00000206077	1	1	0	0
ENSG00000206113	7	3	6	0
ENSG00000206127	236	363	202	463
ENSG00000206140	4	12	23	22
ENSG00000206145	0	0	0	0
ENSG00000206149	110	281	117	174
ENSG00000206150	0	0	2	0
ENSG00000206172	95	0	81	6
ENSG00000206192	0	2	2	3
ENSG00000206203	0	0	1	0
ENSG00000206228	2	0	1	1
ENSG00000206262	0	4	0	0
ENSG00000206337	7120	5539	6113	4723
ENSG00000206341	3523	2808	2989	2716
ENSG00000206344	10	13	16	13
ENSG00000206356	0	0	0	0
ENSG00000206417	73	47	65	49
ENSG00000206418	522	580	429	436
ENSG00000206432	4	0	1	1
ENSG00000206448	0	0	2	0
ENSG00000206503	124636	107972	110466	98437
ENSG00000206527	3423	3938	2926	3186
ENSG00000206530	53	74	48	42
ENSG00000206531	0	0	0	2
ENSG00000206532	0	0	1	0
ENSG00000206535	364	346	350	143
ENSG00000206538	1	93	0	0
ENSG00000206549	0	0	0	0
ENSG00000206557	0	0	0	0
ENSG00000206559	4	2	6	5
ENSG00000206560	5154	3611	4292	2502
ENSG00000206561	17	28	41	25
ENSG00000206562	832	789	703	622
ENSG00000206567	0	2	7	1
ENSG00000206573	242	407	259	311
ENSG00000206585	1	0	1	0
ENSG00000206588	1	0	1	0
ENSG00000206596	1	0	1	0
ENSG00000206597	4	0	0	0
ENSG00000206652	1	0	1	0
ENSG00000206693	0	0	1	0
ENSG00000206702	0	0	1	0
ENSG00000206737	1	0	1	0
ENSG00000206811	0	0	0	1
ENSG00000206828	0	0	0	1
ENSG00000206990	3	1	1	0
ENSG00000207005	1	0	1	0
ENSG00000207051	0	1	0	0
ENSG00000207088	1	0	0	0
ENSG00000207110	0	0	0	0
ENSG00000207112	0	0	1	0
ENSG00000207142	2	0	0	0
ENSG00000207145	0	0	0	5
ENSG00000207166	0	0	1	0
ENSG00000207168	0	0	0	0
ENSG00000207175	0	0	0	0
ENSG00000207205	0	2	1	0
ENSG00000207217	0	0	0	0
ENSG00000207313	0	0	0	1
ENSG00000207344	0	0	0	0
ENSG00000207389	1	0	1	0
ENSG00000207445	1	0	2	1
ENSG00000207493	0	1	0	2
ENSG00000207496	2	0	0	1
ENSG00000207501	0	0	2	0
ENSG00000207513	1	0	1	0
ENSG00000207652	1	0	0	0
ENSG00000207751	7	2	4	1
ENSG00000208772	0	2	0	0
ENSG00000208892	0	0	1	0
ENSG00000209082	1	1	0	0
ENSG00000209582	0	0	0	0
ENSG00000210049	1	0	0	0
ENSG00000210077	0	1	0	0
ENSG00000210082	99879	138896	83954	112571
ENSG00000210107	0	2	0	0
ENSG00000210112	2	1	0	0
ENSG00000210140	0	0	0	0
ENSG00000210151	0	1	0	0
ENSG00000210825	0	0	0	0
ENSG00000211448	1	0	2	0
ENSG00000211450	4734	5002	4192	3813
ENSG00000211451	46	48	49	37
ENSG00000211454	0	3	1	0
ENSG00000211455	931	1178	678	951
ENSG00000211456	3310	3617	3054	2717
ENSG00000211459	15779	23700	15230	20904
ENSG00000211460	4579	4740	3878	3812
ENSG00000211584	650	592	553	591
ENSG00000211591	1	0	0	0
ENSG00000211592	1	4	0	1
ENSG00000211643	6	8	5	4
ENSG00000211644	0	0	0	1
ENSG00000211675	0	0	0	0
ENSG00000211689	118	87	110	96
ENSG00000211695	406	337	355	307
ENSG00000211696	16	10	13	11
ENSG00000211698	1842	1370	1717	1399
ENSG00000211699	87	42	59	44
ENSG00000211701	2	0	2	3
ENSG00000211714	1	0	0	0
ENSG00000211746	0	0	2	1
ENSG00000211747	96	78	97	57
ENSG00000211751	0	1	6	2
ENSG00000211753	7	0	1	1
ENSG00000211772	7443	4899	6484	3969
ENSG00000211798	2	0	0	4
ENSG00000211799	0	1	0	0
ENSG00000211802	13	6	6	5
ENSG00000211803	2	4	0	0
ENSG00000211804	7703	936	6107	1906
ENSG00000211812	4	0	1	3
ENSG00000211813	0	0	0	0
ENSG00000211829	22872	8143	20092	12266
ENSG00000211842	0	0	0	0
ENSG00000211890	20	76	2	86
ENSG00000211891	103	596	5	614
ENSG00000211892	4	31	0	8
ENSG00000211893	17	43	2	46
ENSG00000211895	23	104	7	74
ENSG00000211896	0	2	0	8
ENSG00000211897	5	8	3	0
ENSG00000211898	0	0	3	0
ENSG00000211899	285	718	275	491
ENSG00000211933	0	4	1	2
ENSG00000211934	0	1	0	0
ENSG00000211935	9	3	5	3
ENSG00000212123	47	76	42	46
ENSG00000212124	0	0	2	0
ENSG00000212125	0	0	0	3
ENSG00000212126	0	1	0	0
ENSG00000212127	27	24	15	25
ENSG00000212135	0	0	0	1
ENSG00000212232	5	5	3	2
ENSG00000212238	1	0	0	0
ENSG00000212283	4	0	0	0
ENSG00000212371	0	0	0	1
ENSG00000212443	1	0	3	0
ENSG00000212609	0	0	1	0
ENSG00000212643	1	45	30	6
ENSG00000212657	0	0	0	0
ENSG00000212658	0	3	8	3
ENSG00000212664	24	19	12	21
ENSG00000212694	78	147	81	186
ENSG00000212710	0	0	1	0
ENSG00000212712	0	0	3	0
ENSG00000212719	1021	1208	820	791
ENSG00000212743	0	0	2	1
ENSG00000212747	5	8	0	4
ENSG00000212789	2	1	1	4
ENSG00000212802	236	287	227	204
ENSG00000212807	1	0	5	0
ENSG00000212829	0	0	1	0
ENSG00000212864	738	672	621	554
ENSG00000212907	9890	13887	7979	11709
ENSG00000212916	52	70	48	26
ENSG00000212952	0	2	1	0
ENSG00000212961	0	0	1	2
ENSG00000212978	481	418	386	370
ENSG00000212993	0	0	0	0
ENSG00000212994	0	5	9	0
ENSG00000213015	1680	1671	1412	1336
ENSG00000213020	201	292	234	221
ENSG00000213023	7	0	0	0
ENSG00000213024	8625	7957	8164	6279
ENSG00000213025	1	2	0	5
ENSG00000213033	8	9	0	3
ENSG00000213036	0	0	1	0
ENSG00000213047	1841	2183	1577	1869
ENSG00000213051	1	0	0	1
ENSG00000213057	2	0	0	0
ENSG00000213060	0	0	0	0
ENSG00000213062	11	14	8	12
ENSG00000213064	1344	1293	1275	1316
ENSG00000213066	564	712	531	521
ENSG00000213070	0	1	0	0
ENSG00000213071	1	18	4	16
ENSG00000213073	6	13	12	12
ENSG00000213079	2450	2457	2198	1916
ENSG00000213080	14	13	19	15
ENSG00000213082	0	2	0	0
ENSG00000213085	39	39	36	40
ENSG00000213087	1	0	0	0
ENSG00000213089	3	8	1	2
ENSG00000213090	1	0	0	2
ENSG00000213096	193	83	161	129
ENSG00000213104	0	1	0	0
ENSG00000213109	0	3	0	3
ENSG00000213117	0	1	0	0
ENSG00000213121	0	2	0	0
ENSG00000213123	347	525	329	373
ENSG00000213130	0	1	0	0
ENSG00000213131	0	2	2	6
ENSG00000213139	19	23	15	27
ENSG00000213144	13	11	3	5
ENSG00000213145	11945	8825	9997	7701
ENSG00000213147	7	0	0	0
ENSG00000213149	19	7	7	9
ENSG00000213152	0	2	1	2
ENSG00000213158	0	0	0	7
ENSG00000213160	569	592	443	374
ENSG00000213177	0	3	0	2
ENSG00000213178	2028	2344	1819	1499
ENSG00000213185	79	71	40	42
ENSG00000213186	2646	2353	2496	1724
ENSG00000213188	0	0	3	1
ENSG00000213189	163	191	107	139
ENSG00000213190	480	872	352	1255
ENSG00000213194	1	0	0	0
ENSG00000213197	0	0	0	1
ENSG00000213199	17	12	23	8
ENSG00000213203	508	112	504	51
ENSG00000213204	3	1	0	0
ENSG00000213213	1	6	4	9
ENSG00000213214	561	426	374	345
ENSG00000213221	599	498	483	365
ENSG00000213222	5	4	6	2
ENSG00000213225	2	1	1	0
ENSG00000213228	1	1	0	1
ENSG00000213235	2	0	5	4
ENSG00000213236	4	1	0	1
ENSG00000213240	15	14	33	42
ENSG00000213246	1886	1736	1650	1380
ENSG00000213250	0	0	0	1
ENSG00000213252	1	1	2	1
ENSG00000213253	0	1	1	0
ENSG00000213260	0	1	1	1
ENSG00000213261	24	22	14	11
ENSG00000213279	1	2	1	0
ENSG00000213281	7086	6709	6144	5496
ENSG00000213290	1	2	1	0
ENSG00000213293	2	0	0	0
ENSG00000213297	31	5	70	0
ENSG00000213300	173	117	83	80
ENSG00000213303	0	0	0	1
ENSG00000213304	0	0	0	0
ENSG00000213305	0	0	0	2
ENSG00000213315	0	1	0	1
ENSG00000213316	3	19	5	13
ENSG00000213326	14	12	4	5
ENSG00000213337	659	663	577	648
ENSG00000213339	1458	1503	1327	1137
ENSG00000213341	1740	2293	1568	2050
ENSG00000213347	358	341	380	266
ENSG00000213362	3	0	0	2
ENSG00000213363	2	0	0	1
ENSG00000213366	12	36	8	20
ENSG00000213368	0	0	0	1
ENSG00000213371	0	0	0	0
ENSG00000213380	1492	1636	1390	1363
ENSG00000213385	5	16	10	7
ENSG00000213390	2940	2529	2744	1997
ENSG00000213394	0	0	0	1
ENSG00000213397	1359	2133	1148	1843
ENSG00000213398	102	135	103	145
ENSG00000213399	0	1	0	0
ENSG00000213402	7108	5674	6537	4554
ENSG00000213406	0	0	1	3
ENSG00000213409	0	0	0	0
ENSG00000213412	0	1	0	0
ENSG00000213413	1392	867	1384	468
ENSG00000213420	1	0	0	4
ENSG00000213424	0	0	0	0
ENSG00000213430	21	23	15	18
ENSG00000213433	18	10	7	13
ENSG00000213435	0	0	1	0
ENSG00000213442	408	286	363	280
ENSG00000213443	1351	1397	1264	992
ENSG00000213445	4705	3552	4623	3035
ENSG00000213453	3	4	1	5
ENSG00000213462	48	86	58	66
ENSG00000213463	897	867	763	735
ENSG00000213465	3350	3612	2842	2954
ENSG00000213468	93	147	88	175
ENSG00000213470	0	0	1	0
ENSG00000213471	2	4	0	2
ENSG00000213492	4	7	7	10
ENSG00000213493	1	0	2	0
ENSG00000213512	0	1	1	1
ENSG00000213513	2	7	0	1
ENSG00000213516	1835	2199	1640	1769
ENSG00000213523	1610	2116	1328	1906
ENSG00000213526	0	1	0	0
ENSG00000213533	3369	3271	2576	2304
ENSG00000213542	2	4	3	6
ENSG00000213551	3338	3488	3034	2947
ENSG00000213553	239	199	192	182
ENSG00000213557	0	1	0	0
ENSG00000213563	1024	865	828	582
ENSG00000213569	2	1	3	1
ENSG00000213574	1	0	1	0
ENSG00000213578	0	0	0	0
ENSG00000213585	17454	18856	15264	15493
ENSG00000213588	720	712	561	499
ENSG00000213590	0	3	2	3
ENSG00000213592	0	1	0	0
ENSG00000213593	2988	3226	2660	2792
ENSG00000213598	7	8	7	8
ENSG00000213599	107	655	310	315
ENSG00000213600	0	0	0	1
ENSG00000213609	8	3	3	0
ENSG00000213613	8	4	4	6
ENSG00000213614	1942	1928	1742	1639
ENSG00000213619	2217	2372	1942	2170
ENSG00000213621	11	17	9	10
ENSG00000213625	1721	2491	1684	2129
ENSG00000213626	7490	3929	5920	2370
ENSG00000213638	240	199	173	204
ENSG00000213639	11790	11813	10637	10310
ENSG00000213648	1	24	38	42
ENSG00000213654	6822	6104	6104	5977
ENSG00000213658	5126	5249	4256	5628
ENSG00000213672	1545	1798	1613	1609
ENSG00000213676	4576	4091	4135	3311
ENSG00000213683	3	2	3	1
ENSG00000213684	0	0	2	2
ENSG00000213689	1152	1239	1217	1096
ENSG00000213693	16	34	18	22
ENSG00000213694	0	0	0	0
ENSG00000213695	2	0	0	0
ENSG00000213699	791	834	750	931
ENSG00000213700	2	0	0	2
ENSG00000213706	0	0	1	0
ENSG00000213707	2	0	1	0
ENSG00000213713	0	2	0	0
ENSG00000213714	1	1	1	11
ENSG00000213719	21548	22487	18714	20096
ENSG00000213722	399	332	238	279
ENSG00000213735	0	1	0	0
ENSG00000213740	25	31	8	11
ENSG00000213741	17424	15682	16900	11951
ENSG00000213742	11	10	19	9
ENSG00000213753	1658	1427	1373	1149
ENSG00000213754	5	3	12	3
ENSG00000213757	1	6	3	1
ENSG00000213760	20	35	17	24
ENSG00000213762	881	745	719	627
ENSG00000213763	5	8	5	2
ENSG00000213772	0	0	0	0
ENSG00000213777	0	0	0	0
ENSG00000213780	1140	1138	1112	746
ENSG00000213782	3066	3155	2862	2360
ENSG00000213790	4	7	7	0
ENSG00000213793	53	38	43	29
ENSG00000213799	379	367	369	364
ENSG00000213801	27	50	39	40
ENSG00000213809	2137	474	2829	302
ENSG00000213816	0	0	0	0
ENSG00000213830	0	2	0	4
ENSG00000213839	1	3	2	1
ENSG00000213842	0	0	2	3
ENSG00000213846	532	512	352	373
ENSG00000213853	19	43	4	29
ENSG00000213854	0	1	0	0
ENSG00000213856	3	5	5	2
ENSG00000213857	1	0	1	0
ENSG00000213859	386	343	330	330
ENSG00000213860	24	49	28	18
ENSG00000213862	6	4	2	8
ENSG00000213863	1	0	0	0
ENSG00000213865	56	79	63	59
ENSG00000213866	129	169	136	131
ENSG00000213871	0	0	0	0
ENSG00000213881	21	23	12	10
ENSG00000213885	5	2	4	3
ENSG00000213886	11	36	7	26
ENSG00000213888	70	82	80	49
ENSG00000213889	167	295	195	293
ENSG00000213901	11	8	12	9
ENSG00000213903	414	574	524	432
ENSG00000213904	45	44	32	29
ENSG00000213906	64	132	68	90
ENSG00000213918	318	369	319	333
ENSG00000213920	325	283	297	227
ENSG00000213921	12	11	1	16
ENSG00000213923	4230	4724	3661	3771
ENSG00000213927	2	0	2	0
ENSG00000213928	1186	1249	1109	1248
ENSG00000213930	555	748	541	627
ENSG00000213935	0	1	0	1
ENSG00000213937	4	1	2	1
ENSG00000213938	1	0	0	0
ENSG00000213939	1	0	0	0
ENSG00000213942	0	0	0	1
ENSG00000213943	0	0	0	0
ENSG00000213946	0	1	0	0
ENSG00000213949	1172	152	1123	98
ENSG00000213956	0	0	0	0
ENSG00000213959	0	1	0	0
ENSG00000213963	78	101	57	92
ENSG00000213965	1517	1629	1277	1339
ENSG00000213967	64	79	42	81
ENSG00000213970	1	0	0	0
ENSG00000213976	14	26	23	21
ENSG00000213977	1447	1355	1316	1381
ENSG00000213979	0	0	1	1
ENSG00000213981	0	0	2	0
ENSG00000213983	3185	3510	2762	3110
ENSG00000213985	8	9	5	5
ENSG00000213995	1148	1327	982	1011
ENSG00000213997	0	12	4	13
ENSG00000213999	7	14	29	11
ENSG00000214009	0	1	0	0
ENSG00000214013	606	540	556	485
ENSG00000214015	0	0	0	1
ENSG00000214016	2	3	4	1
ENSG00000214018	1	0	0	1
ENSG00000214019	1	2	0	0
ENSG00000214021	147	471	185	385
ENSG00000214022	4370	4547	3670	3762
ENSG00000214026	2628	3022	2370	2417
ENSG00000214027	0	1	0	0
ENSG00000214029	116	176	115	143
ENSG00000214046	1577	1645	1335	1414
ENSG00000214047	0	0	0	0
ENSG00000214049	0	0	0	5
ENSG00000214050	2	0	0	11
ENSG00000214063	79	170	93	135
ENSG00000214070	0	0	1	1
ENSG00000214076	15	4	16	4
ENSG00000214077	0	0	1	0
ENSG00000214078	7248	7483	6393	6194
ENSG00000214081	2	0	0	0
ENSG00000214087	631	761	641	625
ENSG00000214089	0	0	0	0
ENSG00000214093	1	0	1	1
ENSG00000214097	1	0	4	0
ENSG00000214102	0	0	0	0
ENSG00000214106	206	170	191	122
ENSG00000214108	0	0	1	0
ENSG00000214110	386	367	342	369
ENSG00000214113	2042	1879	1704	1269
ENSG00000214114	1847	1782	1546	1491
ENSG00000214125	0	1	0	0
ENSG00000214128	0	0	0	0
ENSG00000214132	0	2	1	0
ENSG00000214135	142	228	165	197
ENSG00000214144	0	0	0	0
ENSG00000214145	6	6	3	11
ENSG00000214146	0	0	0	0
ENSG00000214160	2724	2787	2389	2343
ENSG00000214174	192	377	239	320
ENSG00000214176	269	403	257	310
ENSG00000214182	156	157	168	125
ENSG00000214184	4	2	1	1
ENSG00000214185	1	1	3	2
ENSG00000214188	4	2	4	2
ENSG00000214189	35	45	17	1
ENSG00000214190	0	1	0	0
ENSG00000214192	2	1	2	2
ENSG00000214193	182	113	186	100
ENSG00000214194	1751	2081	1628	1544
ENSG00000214198	20	20	9	10
ENSG00000214199	15	11	13	5
ENSG00000214203	0	0	1	0
ENSG00000214212	104	144	57	209
ENSG00000214223	75	45	41	44
ENSG00000214226	101	100	101	68
ENSG00000214237	0	0	0	0
ENSG00000214248	4	2	4	4
ENSG00000214249	1	0	1	0
ENSG00000214253	2766	2338	2356	1957
ENSG00000214263	4	3	4	0
ENSG00000214265	0	2	3	1
ENSG00000214273	6	20	18	4
ENSG00000214274	197	220	136	137
ENSG00000214279	260	908	62	476
ENSG00000214293	58	90	59	62
ENSG00000214300	0	2	0	0
ENSG00000214309	93	89	80	77
ENSG00000214322	0	0	1	0
ENSG00000214331	154	170	157	121
ENSG00000214336	0	0	0	1
ENSG00000214338	739	1159	709	846
ENSG00000214347	0	0	0	2
ENSG00000214357	63	109	40	181
ENSG00000214359	0	0	2	1
ENSG00000214367	902	1166	896	913
ENSG00000214389	134	64	128	81
ENSG00000214391	17	32	15	16
ENSG00000214401	89	84	84	64
ENSG00000214402	0	1	0	1
ENSG00000214413	446	564	385	488
ENSG00000214424	0	0	0	0
ENSG00000214425	451	421	421	303
ENSG00000214432	2	6	2	2
ENSG00000214435	0	1	0	7
ENSG00000214439	10	28	14	9
ENSG00000214447	49	26	29	18
ENSG00000214455	74	65	38	20
ENSG00000214460	1	0	0	0
ENSG00000214465	0	0	1	0
ENSG00000214485	254	231	195	142
ENSG00000214491	0	0	2	0
ENSG00000214517	2685	2148	2291	1777
ENSG00000214530	594	432	376	361
ENSG00000214534	1	2	1	0
ENSG00000214535	2	1	3	5
ENSG00000214541	0	0	0	0
ENSG00000214544	1	0	1	2
ENSG00000214546	7	1	1	1
ENSG00000214548	93	17	43	5
ENSG00000214558	11	8	10	7
ENSG00000214559	0	2	0	0
ENSG00000214561	0	0	1	0
ENSG00000214562	101	51	81	65
ENSG00000214575	0	2	0	3
ENSG00000214584	0	0	0	0
ENSG00000214595	10	22	17	6
ENSG00000214612	0	0	1	0
ENSG00000214653	1	0	0	0
ENSG00000214654	121	146	102	95
ENSG00000214655	2216	2026	2059	1738
ENSG00000214688	4	3	4	4
ENSG00000214694	2	0	2	0
ENSG00000214706	6591	7547	6017	5470
ENSG00000214708	5	6	1	11
ENSG00000214711	50	45	54	33
ENSG00000214717	3815	4391	3186	3996
ENSG00000214719	142	152	131	167
ENSG00000214725	2	3	3	1
ENSG00000214736	3547	3917	3118	3125
ENSG00000214745	0	0	0	1
ENSG00000214753	14434	13422	13074	10301
ENSG00000214756	107	129	94	91
ENSG00000214761	1	0	0	1
ENSG00000214765	147	280	154	187
ENSG00000214770	0	13	9	7
ENSG00000214773	0	0	2	5
ENSG00000214776	1	10	15	13
ENSG00000214783	42	43	38	48
ENSG00000214784	32	28	18	14
ENSG00000214796	23	11	6	18
ENSG00000214803	17	8	9	13
ENSG00000214814	21	6	21	9
ENSG00000214820	0	4	2	1
ENSG00000214826	63	137	64	93
ENSG00000214827	231	257	170	313
ENSG00000214832	5	4	2	2
ENSG00000214837	19	44	34	47
ENSG00000214855	1	0	1	0
ENSG00000214860	0	1	0	1
ENSG00000214866	0	0	0	0
ENSG00000214870	0	1	0	0
ENSG00000214875	0	1	1	3
ENSG00000214881	1	2	0	0
ENSG00000214888	1	6	0	6
ENSG00000214889	1	0	0	0
ENSG00000214892	2	2	0	0
ENSG00000214894	4	9	12	8
ENSG00000214896	0	0	0	0
ENSG00000214900	412	500	345	620
ENSG00000214917	0	0	0	0
ENSG00000214922	34	49	50	49
ENSG00000214940	249	430	223	268
ENSG00000214941	211	197	168	184
ENSG00000214944	663	269	391	176
ENSG00000214946	0	0	1	0
ENSG00000214954	7	14	7	9
ENSG00000214955	2	0	1	0
ENSG00000214960	41	31	9	35
ENSG00000214961	0	1	0	0
ENSG00000214967	15	38	28	17
ENSG00000214973	0	1	2	0
ENSG00000214975	8	8	4	5
ENSG00000214980	1	0	0	0
ENSG00000214999	105	100	81	89
ENSG00000215006	0	0	0	0
ENSG00000215007	4	0	2	1
ENSG00000215012	1153	1109	1154	769
ENSG00000215014	15	13	9	11
ENSG00000215016	0	0	2	1
ENSG00000215021	11828	11398	9889	8619
ENSG00000215022	8	10	11	7
ENSG00000215030	86	87	73	59
ENSG00000215032	19	27	14	24
ENSG00000215039	301	355	222	272
ENSG00000215041	1192	1492	1044	1008
ENSG00000215045	1	3	0	0
ENSG00000215065	0	0	2	0
ENSG00000215067	66	51	64	45
ENSG00000215068	73	86	82	62
ENSG00000215086	20	14	11	10
ENSG00000215093	0	1	0	0
ENSG00000215097	0	0	0	1
ENSG00000215102	0	2	0	0
ENSG00000215105	34	50	19	21
ENSG00000215113	1	0	0	0
ENSG00000215114	1128	1182	1008	987
ENSG00000215115	1	0	0	0
ENSG00000215120	0	0	0	0
ENSG00000215126	515	687	439	642
ENSG00000215131	0	2	0	0
ENSG00000215146	1	0	0	2
ENSG00000215154	125	161	131	116
ENSG00000215156	0	0	0	0
ENSG00000215158	30	86	44	55
ENSG00000215179	0	1	0	1
ENSG00000215182	0	2	0	0
ENSG00000215183	2	3	0	0
ENSG00000215187	4	6	8	4
ENSG00000215190	127	103	137	105
ENSG00000215193	3166	3258	3012	2465
ENSG00000215196	0	3	0	0
ENSG00000215199	0	1	0	0
ENSG00000215210	3	1	0	1
ENSG00000215218	37	13	13	6
ENSG00000215221	2	4	1	7
ENSG00000215241	3	9	1	4
ENSG00000215244	0	10	5	6
ENSG00000215246	244	140	238	135
ENSG00000215251	1383	1488	1229	1114
ENSG00000215252	589	2026	723	1441
ENSG00000215256	739	682	668	489
ENSG00000215267	11	2	12	6
ENSG00000215270	0	1	1	0
ENSG00000215271	902	869	748	740
ENSG00000215283	0	0	0	1
ENSG00000215284	0	0	0	0
ENSG00000215301	17226	19986	14217	15886
ENSG00000215302	9	18	4	8
ENSG00000215304	0	0	0	0
ENSG00000215305	1752	1933	1680	1783
ENSG00000215311	0	0	1	1
ENSG00000215326	0	0	0	1
ENSG00000215349	3	1	3	1
ENSG00000215367	0	0	1	0
ENSG00000215372	0	0	0	0
ENSG00000215374	17	6	14	6
ENSG00000215375	186	177	214	139
ENSG00000215381	1	0	0	0
ENSG00000215386	0	5	0	2
ENSG00000215388	0	0	0	0
ENSG00000215397	1	0	0	0
ENSG00000215403	0	0	0	0
ENSG00000215414	4	5	2	2
ENSG00000215417	16	30	22	25
ENSG00000215421	973	899	947	683
ENSG00000215424	39	53	28	16
ENSG00000215440	1044	1451	886	1251
ENSG00000215458	0	4	0	2
ENSG00000215464	0	0	1	0
ENSG00000215472	207	421	214	355
ENSG00000215475	0	2	0	0
ENSG00000215478	16	1	7	4
ENSG00000215480	2	1	0	0
ENSG00000215481	0	3	1	3
ENSG00000215483	2	11	7	7
ENSG00000215492	268	357	256	216
ENSG00000215515	0	6	1	1
ENSG00000215529	0	0	0	0
ENSG00000215548	2	0	1	0
ENSG00000215571	0	0	0	0
ENSG00000215572	0	0	1	0
ENSG00000215580	114	139	126	87
ENSG00000215595	1	0	0	1
ENSG00000215630	25	16	18	15
ENSG00000215644	2	0	0	1
ENSG00000215692	1	7	0	3
ENSG00000215695	35	13	15	56
ENSG00000215712	1074	1050	912	877
ENSG00000215717	1534	1622	1355	1405
ENSG00000215765	0	2	0	0
ENSG00000215769	61	129	77	122
ENSG00000215784	986	809	865	619
ENSG00000215788	923	470	769	129
ENSG00000215790	364	419	328	326
ENSG00000215795	0	0	0	1
ENSG00000215817	0	1	5	5
ENSG00000215835	52	44	43	40
ENSG00000215837	101	62	134	66
ENSG00000215838	0	0	0	2
ENSG00000215840	0	1	0	0
ENSG00000215845	531	491	531	522
ENSG00000215861	1	13	3	20
ENSG00000215869	0	3	0	0
ENSG00000215883	414	538	400	397
ENSG00000215895	1	0	3	1
ENSG00000215908	292	399	298	292
ENSG00000215910	0	0	0	0
ENSG00000215912	3	3	4	8
ENSG00000215914	2	0	0	0
ENSG00000215915	7	0	8	2
ENSG00000216285	88	123	115	55
ENSG00000216307	0	0	2	0
ENSG00000216316	4	0	1	0
ENSG00000216331	0	0	0	1
ENSG00000216490	1498	2029	1231	1939
ENSG00000216657	1	0	0	1
ENSG00000216775	99	139	123	93
ENSG00000216809	1	1	4	3
ENSG00000216819	0	0	0	0
ENSG00000216866	16	13	14	13
ENSG00000216895	108	120	58	114
ENSG00000216901	0	4	0	3
ENSG00000216906	1	6	10	1
ENSG00000216937	83	105	56	107
ENSG00000216990	0	0	0	0
ENSG00000217026	0	1	0	0
ENSG00000217027	1	0	0	0
ENSG00000217060	0	0	0	0
ENSG00000217094	29	26	17	19
ENSG00000217128	874	1069	955	956
ENSG00000217130	0	0	0	0
ENSG00000217165	0	0	0	0
ENSG00000217236	0	0	0	0
ENSG00000217241	4	9	11	4
ENSG00000217258	2	0	2	0
ENSG00000217275	0	0	1	1
ENSG00000217289	1	0	0	1
ENSG00000217325	6	8	3	11
ENSG00000217385	0	0	2	0
ENSG00000217416	50	49	43	21
ENSG00000217442	2	0	0	0
ENSG00000217482	0	8	3	4
ENSG00000217555	1923	1966	1737	1910
ENSG00000217624	0	4	1	4
ENSG00000217648	8	0	1	0
ENSG00000217702	3	3	1	0
ENSG00000217716	1	4	0	0
ENSG00000217733	1	0	0	0
ENSG00000217769	1	0	0	0
ENSG00000217783	0	0	0	2
ENSG00000217801	132	118	125	84
ENSG00000217825	0	1	0	2
ENSG00000217835	3	0	4	1
ENSG00000217929	17	13	23	11
ENSG00000217930	540	781	512	590
ENSG00000217950	2	1	1	3
ENSG00000218018	54	29	34	25
ENSG00000218052	18	28	25	32
ENSG00000218069	1	1	0	0
ENSG00000218073	0	1	0	2
ENSG00000218175	27	10	16	8
ENSG00000218208	3	1	2	2
ENSG00000218226	1	0	0	1
ENSG00000218227	41	18	27	22
ENSG00000218283	980	914	796	696
ENSG00000218305	0	2	0	0
ENSG00000218336	301	502	90	144
ENSG00000218350	3	5	5	1
ENSG00000218358	39	25	35	17
ENSG00000218416	0	0	0	0
ENSG00000218418	1	2	2	1
ENSG00000218426	173	113	118	110
ENSG00000218510	191	142	182	147
ENSG00000218537	27	28	36	15
ENSG00000218586	2	0	0	0
ENSG00000218631	0	0	0	0
ENSG00000218682	1	0	3	0
ENSG00000218690	1	0	1	1
ENSG00000218739	1087	1361	1006	1312
ENSG00000218819	0	0	0	1
ENSG00000218890	0	1	0	1
ENSG00000218891	451	428	423	383
ENSG00000218996	1	0	1	0
ENSG00000219023	1	2	1	2
ENSG00000219085	0	0	1	1
ENSG00000219102	23	19	12	16
ENSG00000219133	0	0	1	0
ENSG00000219163	1	0	0	1
ENSG00000219200	5097	4769	4692	4408
ENSG00000219201	38	51	30	26
ENSG00000219257	0	1	0	0
ENSG00000219274	0	0	3	0
ENSG00000219329	0	0	0	0
ENSG00000219355	0	0	0	1
ENSG00000219395	0	0	1	0
ENSG00000219410	3	0	4	4
ENSG00000219433	0	0	1	1
ENSG00000219435	0	4	0	1
ENSG00000219451	3	0	1	4
ENSG00000219470	1	3	4	4
ENSG00000219481	260	324	208	214
ENSG00000219487	19	23	12	18
ENSG00000219507	4	2	0	3
ENSG00000219529	29	31	14	44
ENSG00000219545	390	429	355	410
ENSG00000219553	2	0	1	4
ENSG00000219607	10	4	21	1
ENSG00000219626	91	110	95	71
ENSG00000219642	0	1	0	0
ENSG00000219665	110	172	116	158
ENSG00000219682	5	3	2	3
ENSG00000219747	0	0	4	1
ENSG00000219755	10	8	5	2
ENSG00000219773	4	0	4	1
ENSG00000219797	0	1	0	3
ENSG00000219891	2	0	0	1
ENSG00000219902	0	0	1	0
ENSG00000219928	7	3	3	2
ENSG00000220008	5	15	7	11
ENSG00000220161	4	1	0	6
ENSG00000220201	13	46	22	24
ENSG00000220205	2203	2029	2081	2102
ENSG00000220305	0	0	1	0
ENSG00000220323	35	79	50	48
ENSG00000220412	8	1	0	4
ENSG00000220472	9	13	12	5
ENSG00000220515	0	2	0	1
ENSG00000220517	6	6	3	1
ENSG00000220563	0	0	0	1
ENSG00000220583	2	4	2	6
ENSG00000220685	8	0	4	0
ENSG00000220694	0	0	0	0
ENSG00000220695	0	0	0	0
ENSG00000220749	2	2	1	2
ENSG00000220785	2	3	1	19
ENSG00000220793	3	23	3	0
ENSG00000220804	85	87	49	69
ENSG00000220842	829	911	732	807
ENSG00000220848	46	39	27	34
ENSG00000220875	0	0	0	1
ENSG00000220937	0	0	0	2
ENSG00000220988	1	0	0	0
ENSG00000221716	0	0	0	1
ENSG00000221792	0	1	0	0
ENSG00000221817	232	234	180	163
ENSG00000221821	170	231	174	200
ENSG00000221823	5080	4686	4606	3481
ENSG00000221829	1519	1638	1558	1339
ENSG00000221838	376	365	320	292
ENSG00000221844	0	0	0	0
ENSG00000221857	0	0	0	0
ENSG00000221866	0	0	0	0
ENSG00000221867	3	0	0	0
ENSG00000221869	73	17	49	2
ENSG00000221874	8	0	0	0
ENSG00000221883	31	34	33	27
ENSG00000221886	115	108	56	80
ENSG00000221887	438	307	319	216
ENSG00000221890	344	219	381	245
ENSG00000221909	309	314	240	211
ENSG00000221914	3392	3564	2899	2586
ENSG00000221916	25	30	41	27
ENSG00000221923	5	36	9	18
ENSG00000221926	198	182	178	46
ENSG00000221930	25	16	7	11
ENSG00000221944	60	139	68	87
ENSG00000221946	16	8	12	8
ENSG00000221947	0	4	4	3
ENSG00000221949	14	16	7	12
ENSG00000221955	10	9	10	13
ENSG00000221957	2716	1838	2927	1363
ENSG00000221963	7878	8736	7662	7914
ENSG00000221968	691	445	608	377
ENSG00000221970	5	2	2	2
ENSG00000221971	0	0	1	0
ENSG00000221978	1062	1481	1121	1120
ENSG00000221983	16598	15979	14552	13459
ENSG00000221986	1	2	1	1
ENSG00000221988	419	398	395	362
ENSG00000221990	108	96	86	76
ENSG00000221994	0	4	0	7
ENSG00000221995	31	61	36	28
ENSG00000222005	1	0	1	0
ENSG00000222009	21	44	26	34
ENSG00000222011	159	229	169	164
ENSG00000222014	1	0	0	0
ENSG00000222020	27	17	10	8
ENSG00000222022	0	2	0	2
ENSG00000222032	0	0	0	1
ENSG00000222033	10	13	1	10
ENSG00000222035	6	2	0	1
ENSG00000222041	1341	1284	1173	1023
ENSG00000222043	2	1	2	2
ENSG00000222046	0	0	0	1
ENSG00000222047	159	109	145	97
ENSG00000222057	0	1	0	0
ENSG00000222112	0	0	0	1
ENSG00000222328	0	0	0	0
ENSG00000222337	1	0	2	0
ENSG00000222352	0	2	0	0
ENSG00000222489	0	0	0	0
ENSG00000223305	0	2	0	0
ENSG00000223343	9	8	10	6
ENSG00000223356	0	2	0	0
ENSG00000223361	3	4	3	5
ENSG00000223373	0	1	0	0
ENSG00000223387	2	1	4	7
ENSG00000223390	3	0	0	1
ENSG00000223396	116	132	106	64
ENSG00000223403	1	8	0	0
ENSG00000223416	2	4	1	0
ENSG00000223427	0	0	0	1
ENSG00000223442	11	6	21	19
ENSG00000223459	206	133	113	104
ENSG00000223461	0	2	0	0
ENSG00000223466	0	1	1	0
ENSG00000223476	0	1	1	0
ENSG00000223478	145	159	176	174
ENSG00000223482	449	493	443	354
ENSG00000223486	0	1	0	1
ENSG00000223487	0	0	0	0
ENSG00000223496	2027	1901	1833	1576
ENSG00000223500	0	0	0	1
ENSG00000223501	1514	1527	1521	1344
ENSG00000223508	34	54	47	45
ENSG00000223509	6	23	15	13
ENSG00000223511	24	27	33	40
ENSG00000223525	1	3	1	0
ENSG00000223529	0	0	0	0
ENSG00000223534	0	0	0	0
ENSG00000223546	51	55	34	71
ENSG00000223547	1	0	1	0
ENSG00000223551	1226	1860	1360	1799
ENSG00000223552	0	0	2	0
ENSG00000223559	8	3	3	4
ENSG00000223561	0	0	3	0
ENSG00000223566	0	0	0	1
ENSG00000223571	2	0	2	0
ENSG00000223572	45	39	3	13
ENSG00000223573	4	5	8	0
ENSG00000223575	2	10	0	1
ENSG00000223599	7	3	3	0
ENSG00000223601	0	0	0	0
ENSG00000223609	0	4	0	7
ENSG00000223612	24	36	41	20
ENSG00000223621	0	0	1	0
ENSG00000223635	0	0	0	1
ENSG00000223660	0	0	0	0
ENSG00000223668	1	0	0	2
ENSG00000223669	0	1	1	1
ENSG00000223685	0	1	1	0
ENSG00000223695	2	1	1	0
ENSG00000223697	2	1	3	0
ENSG00000223701	0	0	0	0
ENSG00000223703	0	0	0	0
ENSG00000223704	0	0	0	0
ENSG00000223705	164	544	209	435
ENSG00000223711	6	1	1	2
ENSG00000223714	2	4	2	5
ENSG00000223718	0	0	1	1
ENSG00000223722	0	2	0	1
ENSG00000223723	0	1	1	0
ENSG00000223725	0	0	0	1
ENSG00000223730	0	0	0	0
ENSG00000223745	108	178	123	128
ENSG00000223749	9	33	12	41
ENSG00000223768	347	371	401	377
ENSG00000223773	253	239	202	182
ENSG00000223774	0	0	0	0
ENSG00000223776	20	16	1	3
ENSG00000223791	0	0	0	1
ENSG00000223797	75	80	66	71
ENSG00000223799	2	8	5	7
ENSG00000223802	3	1	2	0
ENSG00000223803	7	12	11	4
ENSG00000223804	102	113	82	75
ENSG00000223811	0	0	0	0
ENSG00000223814	0	0	0	1
ENSG00000223820	16	10	14	18
ENSG00000223822	0	2	0	0
ENSG00000223837	1	0	0	1
ENSG00000223839	2	4	0	2
ENSG00000223855	0	1	0	1
ENSG00000223861	0	2	0	0
ENSG00000223863	0	0	0	1
ENSG00000223864	1	0	0	0
ENSG00000223865	21928	20053	20222	18387
ENSG00000223878	0	0	0	0
ENSG00000223891	103	51	61	37
ENSG00000223916	0	0	0	0
ENSG00000223922	3	3	3	3
ENSG00000223949	0	0	0	0
ENSG00000223959	396	479	325	345
ENSG00000223960	616	690	516	551
ENSG00000223972	0	0	11	0
ENSG00000223973	0	0	0	1
ENSG00000223984	2	3	0	0
ENSG00000224000	0	1	0	0
ENSG00000224003	0	1	1	3
ENSG00000224023	7	13	4	3
ENSG00000224032	448	455	369	328
ENSG00000224034	0	1	2	1
ENSG00000224040	1	3	0	1
ENSG00000224043	8	15	10	11
ENSG00000224046	6	15	4	17
ENSG00000224050	1	0	0	0
ENSG00000224051	1614	1396	1245	1244
ENSG00000224066	1	3	0	2
ENSG00000224078	327	389	327	327
ENSG00000224080	8	13	8	4
ENSG00000224083	0	1	1	0
ENSG00000224086	30	13	22	9
ENSG00000224094	7	6	6	8
ENSG00000224097	1	4	1	1
ENSG00000224114	11	5	5	8
ENSG00000224116	0	4	1	0
ENSG00000224117	0	0	1	0
ENSG00000224126	9	3	6	3
ENSG00000224137	0	0	1	0
ENSG00000224152	16	9	17	3
ENSG00000224155	2	0	1	0
ENSG00000224165	1	2	2	2
ENSG00000224174	2	0	0	0
ENSG00000224183	3	0	0	0
ENSG00000224184	0	0	0	0
ENSG00000224186	1	1	0	0
ENSG00000224208	2	0	1	0
ENSG00000224209	0	1	0	0
ENSG00000224215	2	0	1	0
ENSG00000224216	1	0	0	2
ENSG00000224221	0	0	0	2
ENSG00000224227	0	5	0	0
ENSG00000224259	0	0	0	0
ENSG00000224261	5	0	1	2
ENSG00000224273	0	0	0	0
ENSG00000224281	58	73	59	60
ENSG00000224287	108	88	60	76
ENSG00000224292	5	21	5	10
ENSG00000224294	0	0	0	3
ENSG00000224295	0	0	2	0
ENSG00000224308	0	0	0	0
ENSG00000224315	0	0	0	2
ENSG00000224316	0	0	0	0
ENSG00000224321	0	3	0	0
ENSG00000224328	4	8	3	2
ENSG00000224334	1	0	1	0
ENSG00000224356	1	2	2	3
ENSG00000224358	7	3	10	1
ENSG00000224365	0	0	0	0
ENSG00000224367	0	0	0	0
ENSG00000224376	39	33	28	44
ENSG00000224383	3	10	10	9
ENSG00000224388	0	0	0	1
ENSG00000224389	31	33	24	44
ENSG00000224397	0	0	0	1
ENSG00000224407	4	3	0	5
ENSG00000224411	29	54	23	29
ENSG00000224415	2	1	0	0
ENSG00000224417	0	5	0	4
ENSG00000224418	3	6	6	4
ENSG00000224420	95	144	96	138
ENSG00000224424	74	62	62	96
ENSG00000224429	132	89	136	72
ENSG00000224437	0	0	0	0
ENSG00000224442	2	1	0	1
ENSG00000224470	1462	1620	1504	1336
ENSG00000224473	0	0	1	0
ENSG00000224478	2	5	2	4
ENSG00000224479	0	3	1	4
ENSG00000224505	0	3	4	1
ENSG00000224511	0	0	0	0
ENSG00000224514	0	0	0	1
ENSG00000224521	1	0	0	1
ENSG00000224531	898	1004	682	749
ENSG00000224536	45	51	58	44
ENSG00000224543	1	4	5	1
ENSG00000224546	112	77	95	65
ENSG00000224550	2	2	1	0
ENSG00000224557	44	37	22	31
ENSG00000224566	1	1	1	3
ENSG00000224578	902	774	747	619
ENSG00000224592	5	3	9	0
ENSG00000224596	4	6	3	2
ENSG00000224597	276	333	215	339
ENSG00000224599	8	9	10	4
ENSG00000224609	0	4	1	0
ENSG00000224614	29	14	11	7
ENSG00000224616	8	7	6	9
ENSG00000224628	1	0	0	0
ENSG00000224631	310	208	174	226
ENSG00000224635	0	17	1	2
ENSG00000224645	0	0	2	0
ENSG00000224660	44	137	72	89
ENSG00000224672	2	0	0	0
ENSG00000224680	0	0	0	0
ENSG00000224699	27	27	36	27
ENSG00000224712	17	43	2	40
ENSG00000224722	1	5	2	3
ENSG00000224725	0	0	0	0
ENSG00000224728	1	4	4	1
ENSG00000224729	0	1	0	0
ENSG00000224732	0	1	0	0
ENSG00000224738	21	40	24	23
ENSG00000224763	1	1	0	2
ENSG00000224769	0	2	1	0
ENSG00000224773	0	1	1	1
ENSG00000224781	0	0	0	1
ENSG00000224785	0	1	0	0
ENSG00000224786	7	36	21	29
ENSG00000224789	0	1	0	0
ENSG00000224790	1	8	4	5
ENSG00000224794	0	0	0	2
ENSG00000224796	2	6	1	1
ENSG00000224805	5	4	3	5
ENSG00000224807	2	3	0	3
ENSG00000224809	2	19	4	11
ENSG00000224820	0	0	0	0
ENSG00000224831	88	125	118	85
ENSG00000224837	27	37	24	49
ENSG00000224848	2	0	0	0
ENSG00000224858	26	25	23	21
ENSG00000224861	119	144	106	107
ENSG00000224864	5	9	12	8
ENSG00000224870	1070	1086	900	850
ENSG00000224875	2	4	7	1
ENSG00000224877	1521	1862	1402	1645
ENSG00000224886	22	14	6	1
ENSG00000224888	1	1	2	1
ENSG00000224892	13	10	18	16
ENSG00000224895	0	0	0	0
ENSG00000224897	0	2	2	2
ENSG00000224905	32	16	23	14
ENSG00000224908	0	0	1	0
ENSG00000224914	144	121	85	72
ENSG00000224919	0	0	1	0
ENSG00000224934	17	38	12	19
ENSG00000224939	1	14	1	18
ENSG00000224940	8	8	7	6
ENSG00000224944	0	0	0	3
ENSG00000224950	36	38	34	17
ENSG00000224953	0	0	0	0
ENSG00000224959	0	0	0	1
ENSG00000224965	1	5	4	3
ENSG00000224971	0	0	0	1
ENSG00000224975	3	28	10	15
ENSG00000224976	0	0	1	1
ENSG00000224977	0	1	0	0
ENSG00000224982	0	0	0	0
ENSG00000224985	4	0	4	2
ENSG00000224988	3	0	1	1
ENSG00000224992	3	7	5	11
ENSG00000224993	0	0	0	0
ENSG00000224995	1	8	0	1
ENSG00000225022	13	17	9	12
ENSG00000225025	1	0	0	0
ENSG00000225026	0	0	0	0
ENSG00000225031	19	36	14	22
ENSG00000225032	12	19	6	9
ENSG00000225039	0	2	0	2
ENSG00000225051	11	4	10	10
ENSG00000225057	1	0	0	0
ENSG00000225062	8	4	4	11
ENSG00000225067	2	5	0	2
ENSG00000225071	0	0	0	0
ENSG00000225075	0	0	0	1
ENSG00000225077	16	30	7	11
ENSG00000225079	51	19	32	33
ENSG00000225091	0	0	0	1
ENSG00000225092	1	0	1	0
ENSG00000225093	3	2	0	1
ENSG00000225094	1	0	0	0
ENSG00000225098	0	0	0	1
ENSG00000225099	0	0	0	0
ENSG00000225101	0	0	1	0
ENSG00000225111	0	2	0	0
ENSG00000225125	33	71	10	97
ENSG00000225127	0	0	0	0
ENSG00000225131	135	175	131	115
ENSG00000225137	3	16	11	13
ENSG00000225138	15	39	17	40
ENSG00000225151	1287	1347	1224	1110
ENSG00000225156	7	8	0	9
ENSG00000225159	48	24	9	17
ENSG00000225163	4	0	1	3
ENSG00000225170	0	0	0	1
ENSG00000225171	0	3	3	1
ENSG00000225172	0	1	1	0
ENSG00000225177	1	1	8	0
ENSG00000225178	5738	5614	4991	4749
ENSG00000225187	0	1	1	2
ENSG00000225190	1878	1654	1443	1661
ENSG00000225192	0	0	0	0
ENSG00000225194	39	37	69	19
ENSG00000225200	10	7	10	5
ENSG00000225205	116	76	96	75
ENSG00000225213	0	1	1	0
ENSG00000225217	0	0	0	0
ENSG00000225224	1	1	0	1
ENSG00000225235	0	0	3	1
ENSG00000225259	25	21	13	17
ENSG00000225264	0	0	0	1
ENSG00000225265	21	11	17	9
ENSG00000225308	0	0	1	0
ENSG00000225329	1	0	2	0
ENSG00000225331	2	4	9	10
ENSG00000225335	72	79	48	76
ENSG00000225338	0	4	0	0
ENSG00000225339	13	25	12	20
ENSG00000225345	3	3	1	0
ENSG00000225350	7	7	4	3
ENSG00000225355	0	0	0	0
ENSG00000225357	1	1	0	0
ENSG00000225361	8	22	6	20
ENSG00000225369	0	0	0	0
ENSG00000225377	68	66	73	62
ENSG00000225400	1	0	0	0
ENSG00000225401	0	0	1	3
ENSG00000225402	0	1	1	0
ENSG00000225407	0	0	0	0
ENSG00000225411	8	15	12	1
ENSG00000225415	0	0	1	0
ENSG00000225416	0	0	0	1
ENSG00000225419	0	2	0	1
ENSG00000225420	1	2	1	0
ENSG00000225422	2	1	1	0
ENSG00000225423	3	0	0	0
ENSG00000225431	18	57	13	44
ENSG00000225434	44	53	52	33
ENSG00000225439	77	99	68	104
ENSG00000225447	0	0	0	1
ENSG00000225449	1	0	0	0
ENSG00000225450	0	1	0	0
ENSG00000225462	1	0	0	0
ENSG00000225470	520	731	502	625
ENSG00000225483	2	0	0	0
ENSG00000225484	575	549	526	329
ENSG00000225486	0	0	0	1
ENSG00000225492	0	0	0	2
ENSG00000225496	2	0	0	1
ENSG00000225506	1	0	5	1
ENSG00000225511	47	143	19	174
ENSG00000225513	0	1	0	0
ENSG00000225518	6	4	2	2
ENSG00000225526	2	0	0	0
ENSG00000225528	3	0	4	0
ENSG00000225531	0	2	0	0
ENSG00000225535	2	9	1	4
ENSG00000225536	0	2	0	0
ENSG00000225539	1	0	0	0
ENSG00000225548	2	2	1	3
ENSG00000225554	0	0	0	0
ENSG00000225555	0	2	0	0
ENSG00000225556	33	50	37	23
ENSG00000225558	0	2	0	0
ENSG00000225559	0	1	0	0
ENSG00000225569	0	1	1	1
ENSG00000225573	16	5	3	7
ENSG00000225579	0	1	0	0
ENSG00000225580	8	5	8	8
ENSG00000225611	0	0	0	0
ENSG00000225613	0	0	0	0
ENSG00000225614	574	242	485	196
ENSG00000225630	1568	2242	1207	1568
ENSG00000225632	17	28	22	21
ENSG00000225637	29	27	19	16
ENSG00000225643	0	1	0	0
ENSG00000225647	0	1	0	0
ENSG00000225648	341	360	267	274
ENSG00000225649	0	0	1	0
ENSG00000225663	1723	1384	1457	1382
ENSG00000225674	4	1	2	3
ENSG00000225675	28	17	31	24
ENSG00000225693	3	1	0	1
ENSG00000225695	2	0	1	0
ENSG00000225697	979	1578	1021	1483
ENSG00000225706	0	0	1	0
ENSG00000225720	179	365	150	365
ENSG00000225721	2	0	0	1
ENSG00000225733	4779	5634	4547	4801
ENSG00000225739	0	0	1	0
ENSG00000225744	0	0	1	0
ENSG00000225746	3	1	4	0
ENSG00000225752	0	0	0	0
ENSG00000225756	35	9	24	3
ENSG00000225760	19	101	17	140
ENSG00000225762	1	0	3	0
ENSG00000225766	6	8	8	7
ENSG00000225783	608	1248	1039	766
ENSG00000225791	34	81	49	53
ENSG00000225793	10	9	6	6
ENSG00000225806	2	5	2	2
ENSG00000225807	0	0	0	2
ENSG00000225808	0	0	0	4
ENSG00000225822	0	0	2	0
ENSG00000225828	44	79	50	80
ENSG00000225830	765	741	637	525
ENSG00000225850	7	2	1	1
ENSG00000225854	0	0	0	0
ENSG00000225855	5	17	14	12
ENSG00000225864	9	1	1	1
ENSG00000225871	0	2	1	2
ENSG00000225872	2	0	0	0
ENSG00000225873	0	0	1	0
ENSG00000225880	13	24	16	24
ENSG00000225883	0	0	0	0
ENSG00000225889	4	10	6	13
ENSG00000225891	0	0	0	0
ENSG00000225899	0	0	0	0
ENSG00000225912	1	0	1	1
ENSG00000225916	3	1	0	0
ENSG00000225921	3910	4490	3568	3309
ENSG00000225924	6	2	7	5
ENSG00000225931	6	2	4	7
ENSG00000225932	40	43	17	42
ENSG00000225933	0	0	1	0
ENSG00000225937	1	2	0	0
ENSG00000225938	15	19	15	18
ENSG00000225945	0	0	1	0
ENSG00000225948	0	3	4	2
ENSG00000225963	2	0	1	0
ENSG00000225968	67	64	78	53
ENSG00000225969	16	6	13	13
ENSG00000225972	7	11	2	0
ENSG00000225973	245	324	301	265
ENSG00000225975	13	28	10	21
ENSG00000225976	0	0	0	5
ENSG00000225978	71	61	63	38
ENSG00000225981	0	0	1	1
ENSG00000225982	0	4	0	0
ENSG00000225986	13	33	11	19
ENSG00000225992	0	0	1	1
ENSG00000226002	0	2	0	0
ENSG00000226007	18	6	21	14
ENSG00000226009	3	6	3	4
ENSG00000226015	16	4	2	3
ENSG00000226024	2	0	0	0
ENSG00000226025	6	58	22	66
ENSG00000226029	20	25	8	19
ENSG00000226038	0	1	0	0
ENSG00000226045	0	0	1	1
ENSG00000226048	1	0	0	1
ENSG00000226049	11	13	11	10
ENSG00000226054	19	13	17	6
ENSG00000226055	1	6	0	0
ENSG00000226067	265	316	282	247
ENSG00000226081	1	0	0	0
ENSG00000226084	60	79	95	68
ENSG00000226085	234	282	230	218
ENSG00000226089	0	2	0	0
ENSG00000226091	1	2	1	0
ENSG00000226097	0	0	0	0
ENSG00000226107	1	1	1	0
ENSG00000226121	45	44	43	53
ENSG00000226124	55	66	60	24
ENSG00000226125	4	0	0	3
ENSG00000226133	0	0	0	1
ENSG00000226137	24	50	39	36
ENSG00000226147	0	0	0	0
ENSG00000226158	0	1	0	2
ENSG00000226161	0	1	0	0
ENSG00000226167	0	0	0	1
ENSG00000226174	14	24	7	20
ENSG00000226179	3	4	6	12
ENSG00000226180	19	25	19	14
ENSG00000226191	0	0	0	0
ENSG00000226200	55	31	38	27
ENSG00000226206	0	0	3	0
ENSG00000226210	400	419	419	334
ENSG00000226211	7	3	6	5
ENSG00000226212	4	2	0	1
ENSG00000226221	20	17	27	29
ENSG00000226232	5	10	1	8
ENSG00000226237	0	1	0	0
ENSG00000226243	0	0	0	0
ENSG00000226251	0	1	0	0
ENSG00000226253	0	1	0	1
ENSG00000226259	289	278	149	150
ENSG00000226266	5	11	4	7
ENSG00000226268	20	9	19	6
ENSG00000226270	0	0	0	0
ENSG00000226276	0	0	0	0
ENSG00000226279	0	0	0	2
ENSG00000226281	0	0	0	0
ENSG00000226284	0	1	1	0
ENSG00000226287	45	33	44	28
ENSG00000226288	0	0	0	1
ENSG00000226292	0	2	0	0
ENSG00000226306	0	0	2	0
ENSG00000226309	0	0	0	1
ENSG00000226310	0	0	0	1
ENSG00000226314	0	0	3	1
ENSG00000226318	5	2	1	0
ENSG00000226328	122	179	95	121
ENSG00000226338	0	1	0	0
ENSG00000226340	0	0	1	2
ENSG00000226352	3	0	1	0
ENSG00000226359	0	0	2	1
ENSG00000226360	36	33	28	30
ENSG00000226361	0	0	0	0
ENSG00000226363	2	0	0	1
ENSG00000226367	0	0	0	1
ENSG00000226375	0	0	4	0
ENSG00000226380	19	19	22	45
ENSG00000226383	0	0	0	0
ENSG00000226396	1	1	5	3
ENSG00000226403	3	4	1	2
ENSG00000226415	92	95	79	66
ENSG00000226419	278	449	345	295
ENSG00000226421	1	0	0	0
ENSG00000226427	0	1	0	0
ENSG00000226432	1	4	4	2
ENSG00000226435	5	17	5	14
ENSG00000226439	1	0	0	0
ENSG00000226450	1	0	1	1
ENSG00000226457	0	0	0	0
ENSG00000226471	4	11	4	8
ENSG00000226472	0	0	0	0
ENSG00000226478	1	0	4	2
ENSG00000226479	1037	844	943	610
ENSG00000226496	0	3	0	4
ENSG00000226498	0	2	0	0
ENSG00000226510	16	22	16	12
ENSG00000226521	0	0	1	0
ENSG00000226525	14	8	8	7
ENSG00000226535	1	0	1	0
ENSG00000226544	2	5	1	4
ENSG00000226548	0	0	3	0
ENSG00000226549	1	0	0	1
ENSG00000226555	0	0	0	1
ENSG00000226562	2	12	1	15
ENSG00000226564	2	5	3	2
ENSG00000226571	0	1	1	0
ENSG00000226608	14	21	14	20
ENSG00000226624	0	4	5	2
ENSG00000226644	11	5	7	4
ENSG00000226645	0	0	0	0
ENSG00000226648	0	0	5	4
ENSG00000226650	1	0	1	0
ENSG00000226659	7	2	0	1
ENSG00000226666	2	0	0	1
ENSG00000226668	0	0	0	0
ENSG00000226686	0	0	0	0
ENSG00000226688	142	316	129	233
ENSG00000226696	15	16	16	11
ENSG00000226706	1	0	0	0
ENSG00000226711	8	10	6	3
ENSG00000226721	10	9	9	7
ENSG00000226723	8	4	2	1
ENSG00000226742	15	17	6	21
ENSG00000226751	0	0	1	0
ENSG00000226752	773	785	623	628
ENSG00000226754	3	7	1	8
ENSG00000226755	0	0	0	0
ENSG00000226756	3	0	1	0
ENSG00000226763	6	7	6	7
ENSG00000226766	0	2	1	1
ENSG00000226771	0	1	0	0
ENSG00000226777	185	436	156	269
ENSG00000226781	1	3	2	0
ENSG00000226783	0	1	0	0
ENSG00000226784	9	8	6	6
ENSG00000226790	0	0	1	0
ENSG00000226791	0	0	1	0
ENSG00000226792	0	0	0	0
ENSG00000226800	4	5	0	0
ENSG00000226801	0	0	0	0
ENSG00000226803	0	0	2	0
ENSG00000226806	43	36	26	19
ENSG00000226808	3	0	0	0
ENSG00000226816	0	2	0	0
ENSG00000226823	3	0	1	0
ENSG00000226824	4	9	4	12
ENSG00000226833	5	6	0	0
ENSG00000226849	0	4	4	0
ENSG00000226853	14	8	7	1
ENSG00000226855	13	4	4	4
ENSG00000226856	1	2	6	2
ENSG00000226859	1	10	7	2
ENSG00000226861	1	18	2	24
ENSG00000226862	0	0	0	1
ENSG00000226864	0	3	2	6
ENSG00000226874	0	0	0	1
ENSG00000226887	0	0	0	0
ENSG00000226889	4	0	1	0
ENSG00000226890	0	0	0	0
ENSG00000226913	0	4	1	7
ENSG00000226928	7	1	2	1
ENSG00000226937	2	11	5	1
ENSG00000226942	120	137	100	148
ENSG00000226944	0	1	0	1
ENSG00000226948	0	1	2	1
ENSG00000226950	728	1261	637	923
ENSG00000226954	2	3	0	2
ENSG00000226964	0	0	4	3
ENSG00000226965	0	0	0	0
ENSG00000226968	0	0	0	0
ENSG00000226976	11	16	11	7
ENSG00000226977	0	0	4	0
ENSG00000226979	27424	28168	22760	23005
ENSG00000226981	0	0	0	1
ENSG00000226982	0	0	3	0
ENSG00000226986	0	1	3	0
ENSG00000226990	0	1	0	0
ENSG00000227001	4	7	6	2
ENSG00000227008	22	20	6	6
ENSG00000227009	0	1	3	4
ENSG00000227017	3	0	0	5
ENSG00000227028	258	140	223	128
ENSG00000227034	0	0	1	1
ENSG00000227036	10	15	2	5
ENSG00000227038	0	0	0	0
ENSG00000227039	91	239	134	273
ENSG00000227053	60	62	58	88
ENSG00000227057	3580	4227	3108	3465
ENSG00000227060	8	2	2	1
ENSG00000227061	14	16	3	0
ENSG00000227063	19	16	11	10
ENSG00000227066	0	0	0	0
ENSG00000227070	0	0	1	1
ENSG00000227071	0	0	0	0
ENSG00000227073	0	1	0	0
ENSG00000227076	0	0	0	0
ENSG00000227077	1	0	0	0
ENSG00000227080	3	2	0	1
ENSG00000227081	15	12	12	15
ENSG00000227082	0	10	0	1
ENSG00000227083	0	0	0	0
ENSG00000227087	1	0	0	1
ENSG00000227094	0	1	0	0
ENSG00000227097	17	16	19	17
ENSG00000227105	0	0	0	0
ENSG00000227110	6	10	7	2
ENSG00000227115	8	20	2	6
ENSG00000227124	0	4	0	6
ENSG00000227128	2	0	0	0
ENSG00000227157	6	0	0	0
ENSG00000227165	2	0	0	3
ENSG00000227172	0	0	1	0
ENSG00000227176	0	0	0	0
ENSG00000227183	4	0	1	0
ENSG00000227191	9094	6878	8233	6814
ENSG00000227192	0	1	0	0
ENSG00000227198	0	1	5	0
ENSG00000227199	1	17	7	2
ENSG00000227200	1	0	0	0
ENSG00000227203	0	0	0	0
ENSG00000227213	2	0	0	0
ENSG00000227232	160	280	176	228
ENSG00000227243	0	0	0	0
ENSG00000227245	0	0	0	1
ENSG00000227252	8	14	15	16
ENSG00000227256	0	1	0	0
ENSG00000227262	1	3	3	5
ENSG00000227268	157	113	98	96
ENSG00000227269	0	0	1	0
ENSG00000227288	1	2	2	0
ENSG00000227295	11	5	7	9
ENSG00000227297	1	0	0	0
ENSG00000227308	0	0	0	1
ENSG00000227313	0	0	0	2
ENSG00000227337	0	0	0	0
ENSG00000227344	5	5	4	1
ENSG00000227345	1719	1625	1381	1364
ENSG00000227347	3	6	3	0
ENSG00000227354	47	74	73	61
ENSG00000227355	0	1	2	0
ENSG00000227356	0	0	0	1
ENSG00000227359	4	6	1	0
ENSG00000227368	1	4	0	0
ENSG00000227370	0	0	1	1
ENSG00000227372	544	471	505	326
ENSG00000227373	14	6	16	2
ENSG00000227374	0	0	3	0
ENSG00000227375	0	1	0	0
ENSG00000227376	4	2	0	2
ENSG00000227379	0	0	0	0
ENSG00000227382	0	2	3	0
ENSG00000227388	8	5	6	4
ENSG00000227394	0	0	1	0
ENSG00000227398	38	23	40	16
ENSG00000227403	254	280	225	276
ENSG00000227407	0	0	0	2
ENSG00000227409	0	1	1	0
ENSG00000227431	1	0	1	0
ENSG00000227449	18	12	20	12
ENSG00000227456	4	9	3	1
ENSG00000227462	0	0	0	0
ENSG00000227470	0	0	0	0
ENSG00000227471	1	0	0	0
ENSG00000227477	7	13	15	11
ENSG00000227482	0	0	0	1
ENSG00000227484	0	7	0	2
ENSG00000227486	15	15	7	21
ENSG00000227492	1	0	0	0
ENSG00000227495	12	2	5	2
ENSG00000227500	1359	1334	1071	1071
ENSG00000227502	12	30	8	33
ENSG00000227507	35280	13277	33635	8725
ENSG00000227517	1	0	0	0
ENSG00000227518	0	3	6	2
ENSG00000227525	0	0	0	2
ENSG00000227533	12	9	3	7
ENSG00000227536	0	1	0	0
ENSG00000227540	33	42	28	31
ENSG00000227542	0	1	0	0
ENSG00000227543	8	5	5	8
ENSG00000227579	0	0	2	0
ENSG00000227581	0	2	0	0
ENSG00000227582	2	2	3	5
ENSG00000227589	0	24	0	5
ENSG00000227591	2	6	12	4
ENSG00000227598	7	0	6	0
ENSG00000227615	25	27	26	24
ENSG00000227617	10	10	18	8
ENSG00000227619	161	44	173	70
ENSG00000227627	31	33	38	32
ENSG00000227630	972	1207	836	1164
ENSG00000227632	2	0	0	0
ENSG00000227640	38	8	20	7
ENSG00000227671	195	352	280	258
ENSG00000227674	0	0	0	1
ENSG00000227676	3	10	2	1
ENSG00000227678	9	8	12	12
ENSG00000227684	0	0	1	1
ENSG00000227688	0	0	1	1
ENSG00000227694	6	0	1	2
ENSG00000227698	0	1	0	0
ENSG00000227725	0	0	0	0
ENSG00000227730	0	1	0	0
ENSG00000227740	1	1	1	1
ENSG00000227741	2	4	1	6
ENSG00000227742	0	3	0	0
ENSG00000227751	2	1	4	0
ENSG00000227755	1	0	0	0
ENSG00000227765	1	4	0	3
ENSG00000227766	24	12	26	18
ENSG00000227770	2	0	0	0
ENSG00000227775	3	2	0	1
ENSG00000227776	3	1	2	0
ENSG00000227782	2	0	4	1
ENSG00000227799	1	0	0	0
ENSG00000227811	3	0	0	0
ENSG00000227825	2	9	0	6
ENSG00000227827	124	262	168	158
ENSG00000227836	0	0	0	0
ENSG00000227848	0	0	0	0
ENSG00000227850	0	1	0	0
ENSG00000227857	2	0	0	0
ENSG00000227877	0	0	0	0
ENSG00000227879	0	0	0	1
ENSG00000227885	0	0	0	1
ENSG00000227888	0	3	0	0
ENSG00000227896	16	36	10	39
ENSG00000227906	1	5	0	1
ENSG00000227908	0	2	0	2
ENSG00000227920	1	3	1	0
ENSG00000227924	1	0	0	0
ENSG00000227932	0	0	0	0
ENSG00000227933	3	0	1	0
ENSG00000227934	0	2	1	0
ENSG00000227938	0	0	0	1
ENSG00000227939	10	11	4	4
ENSG00000227946	49	39	38	42
ENSG00000227953	1	4	1	0
ENSG00000227963	6	5	8	13
ENSG00000227972	0	1	0	0
ENSG00000227973	1	0	2	0
ENSG00000227992	1	0	0	0
ENSG00000228002	0	0	1	1
ENSG00000228005	0	2	0	0
ENSG00000228007	0	0	0	0
ENSG00000228010	0	0	1	0
ENSG00000228013	14	11	6	0
ENSG00000228020	0	0	0	2
ENSG00000228022	0	0	0	0
ENSG00000228033	22	22	12	28
ENSG00000228037	21	26	31	10
ENSG00000228038	0	0	0	1
ENSG00000228043	6	3	4	1
ENSG00000228049	48	26	19	19
ENSG00000228053	1	0	0	0
ENSG00000228057	4	10	3	7
ENSG00000228063	0	0	0	1
ENSG00000228078	0	1	0	0
ENSG00000228079	0	1	0	0
ENSG00000228084	13	24	14	7
ENSG00000228089	0	0	0	0
ENSG00000228097	0	0	2	0
ENSG00000228106	53	97	62	60
ENSG00000228107	0	4	1	3
ENSG00000228109	13	23	28	26
ENSG00000228110	5	3	5	4
ENSG00000228113	0	1	0	0
ENSG00000228121	0	0	0	0
ENSG00000228124	3	2	3	0
ENSG00000228126	1	1	1	2
ENSG00000228137	0	3	0	0
ENSG00000228140	13	4	8	0
ENSG00000228141	0	0	2	0
ENSG00000228144	0	16	12	0
ENSG00000228150	0	0	0	0
ENSG00000228158	3	0	0	0
ENSG00000228162	0	0	1	0
ENSG00000228166	0	1	0	0
ENSG00000228168	3241	1830	2467	1021
ENSG00000228169	0	0	1	0
ENSG00000228170	0	0	0	1
ENSG00000228172	7	4	8	14
ENSG00000228175	11	12	8	3
ENSG00000228187	2	0	0	0
ENSG00000228192	17	5	6	8
ENSG00000228196	3	0	0	2
ENSG00000228201	3	4	1	1
ENSG00000228205	11	12	14	9
ENSG00000228211	0	0	0	0
ENSG00000228216	3	0	0	1
ENSG00000228217	1	1	1	0
ENSG00000228218	1	0	3	0
ENSG00000228223	728	670	509	524
ENSG00000228224	2	1	0	3
ENSG00000228232	22	20	22	15
ENSG00000228242	1	6	5	2
ENSG00000228251	0	2	0	1
ENSG00000228252	0	1	0	0
ENSG00000228253	9912	18027	10112	13455
ENSG00000228261	1	0	0	5
ENSG00000228262	0	0	0	0
ENSG00000228274	7	22	17	5
ENSG00000228277	0	0	0	1
ENSG00000228283	1	0	2	2
ENSG00000228285	1	0	0	0
ENSG00000228288	34	30	26	23
ENSG00000228291	1	0	0	0
ENSG00000228293	0	0	0	1
ENSG00000228300	2594	2320	2388	1782
ENSG00000228302	5	5	5	4
ENSG00000228305	14	11	10	13
ENSG00000228314	0	1	0	0
ENSG00000228315	85	118	45	76
ENSG00000228317	0	0	0	0
ENSG00000228318	0	0	0	3
ENSG00000228327	307	331	307	316
ENSG00000228328	0	2	2	1
ENSG00000228335	2	5	7	1
ENSG00000228340	18	3	9	6
ENSG00000228343	0	0	2	1
ENSG00000228348	1	0	0	0
ENSG00000228350	3	0	0	0
ENSG00000228361	1	1	0	2
ENSG00000228363	2	2	0	1
ENSG00000228376	0	0	0	0
ENSG00000228384	0	0	0	0
ENSG00000228393	3	5	0	7
ENSG00000228395	9	8	5	12
ENSG00000228397	6	3	4	1
ENSG00000228404	0	1	0	0
ENSG00000228408	51	67	51	67
ENSG00000228409	70	129	83	83
ENSG00000228415	1	3	1	0
ENSG00000228427	0	2	0	2
ENSG00000228430	1	1	4	0
ENSG00000228434	23	29	21	33
ENSG00000228436	12	4	5	3
ENSG00000228439	27	33	26	29
ENSG00000228444	0	4	2	1
ENSG00000228446	1	1	2	2
ENSG00000228451	76	89	86	65
ENSG00000228463	45	63	59	34
ENSG00000228474	3841	3309	3218	2885
ENSG00000228477	3	6	6	8
ENSG00000228485	2	0	0	0
ENSG00000228486	10	14	6	5
ENSG00000228492	0	1	0	0
ENSG00000228501	0	0	0	1
ENSG00000228502	15	6	11	8
ENSG00000228506	69	84	82	56
ENSG00000228507	2	4	4	0
ENSG00000228513	0	0	0	0
ENSG00000228519	15	8	9	11
ENSG00000228526	43	294	59	274
ENSG00000228527	0	1	0	0
ENSG00000228528	2	0	1	1
ENSG00000228532	13	7	7	5
ENSG00000228536	0	0	0	0
ENSG00000228540	2	0	0	1
ENSG00000228541	1	0	0	0
ENSG00000228544	22	16	18	16
ENSG00000228570	34	15	46	32
ENSG00000228589	222	177	98	112
ENSG00000228594	334	237	326	229
ENSG00000228606	13	7	13	10
ENSG00000228612	0	6	1	1
ENSG00000228624	3	3	4	3
ENSG00000228629	0	1	0	0
ENSG00000228638	65	94	101	67
ENSG00000228643	0	0	0	1
ENSG00000228649	48	102	48	70
ENSG00000228661	7	3	0	0
ENSG00000228663	0	1	0	1
ENSG00000228668	3	1	3	2
ENSG00000228672	726	1026	711	877
ENSG00000228695	0	7	0	2
ENSG00000228696	203	170	169	179
ENSG00000228701	5	9	1	2
ENSG00000228702	2	0	0	2
ENSG00000228705	8	4	1	2
ENSG00000228709	0	0	0	0
ENSG00000228716	6320	7276	6518	5638
ENSG00000228719	1	0	0	0
ENSG00000228727	39	39	21	34
ENSG00000228737	1	4	6	2
ENSG00000228741	1	0	0	0
ENSG00000228748	0	0	0	0
ENSG00000228753	0	0	0	0
ENSG00000228766	0	5	4	1
ENSG00000228775	13	9	6	5
ENSG00000228782	15	37	15	17
ENSG00000228784	12	4	7	5
ENSG00000228789	0	0	0	0
ENSG00000228794	345	368	306	344
ENSG00000228797	2	4	6	2
ENSG00000228801	82	64	80	63
ENSG00000228817	0	2	1	3
ENSG00000228818	4	2	1	4
ENSG00000228819	1	0	0	0
ENSG00000228820	0	0	0	0
ENSG00000228828	1	0	0	1
ENSG00000228830	3	0	3	5
ENSG00000228834	1	0	0	8
ENSG00000228835	0	1	0	0
ENSG00000228839	0	0	3	0
ENSG00000228843	2	7	4	5
ENSG00000228847	0	0	2	0
ENSG00000228848	0	0	0	0
ENSG00000228857	8	8	5	5
ENSG00000228863	8	9	14	19
ENSG00000228878	1	3	4	4
ENSG00000228887	1	2	0	1
ENSG00000228889	70	100	74	65
ENSG00000228903	715	695	730	394
ENSG00000228906	0	0	1	0
ENSG00000228919	0	3	2	0
ENSG00000228925	0	0	0	0
ENSG00000228929	5	6	10	6
ENSG00000228951	0	1	0	0
ENSG00000228956	5	70	12	46
ENSG00000228960	131	109	63	84
ENSG00000228976	0	1	0	0
ENSG00000228981	35	45	26	38
ENSG00000228986	0	2	0	0
ENSG00000229018	25	34	14	10
ENSG00000229021	0	5	0	1
ENSG00000229028	0	0	0	0
ENSG00000229036	0	1	0	2
ENSG00000229043	140	129	113	79
ENSG00000229051	30	11	27	9
ENSG00000229056	281	296	260	271
ENSG00000229064	0	0	0	0
ENSG00000229081	0	1	0	0
ENSG00000229083	0	2	0	0
ENSG00000229089	1	30	0	4
ENSG00000229091	1	1	0	0
ENSG00000229097	3	2	0	4
ENSG00000229106	0	0	0	1
ENSG00000229116	0	0	0	0
ENSG00000229117	65389	58256	57085	45240
ENSG00000229119	39	29	46	31
ENSG00000229124	512	524	445	469
ENSG00000229127	1	8	0	4
ENSG00000229132	28	46	25	23
ENSG00000229133	0	0	0	0
ENSG00000229152	22	88	44	60
ENSG00000229153	3	4	12	7
ENSG00000229155	0	0	0	1
ENSG00000229161	1	0	1	1
ENSG00000229162	3	9	2	0
ENSG00000229163	0	1	0	0
ENSG00000229169	0	0	0	0
ENSG00000229178	5	3	2	5
ENSG00000229180	555	609	495	491
ENSG00000229191	131	291	162	281
ENSG00000229203	1	0	2	0
ENSG00000229204	7	5	2	3
ENSG00000229212	23	54	34	55
ENSG00000229227	0	0	1	2
ENSG00000229236	2	3	1	3
ENSG00000229237	6	2	2	0
ENSG00000229255	0	0	3	0
ENSG00000229261	0	0	0	0
ENSG00000229267	2	0	5	10
ENSG00000229268	0	0	0	0
ENSG00000229278	0	1	1	0
ENSG00000229299	2	2	0	0
ENSG00000229320	124	169	110	141
ENSG00000229324	1	0	0	0
ENSG00000229325	1	1	1	1
ENSG00000229334	0	4	1	3
ENSG00000229344	7	7	6	3
ENSG00000229349	0	0	0	0
ENSG00000229358	21	11	12	8
ENSG00000229368	11	11	18	8
ENSG00000229369	0	1	0	0
ENSG00000229372	3	5	0	0
ENSG00000229388	11	8	3	3
ENSG00000229391	227	226	197	204
ENSG00000229400	0	0	0	1
ENSG00000229401	0	0	0	0
ENSG00000229413	0	2	0	0
ENSG00000229417	2	0	0	3
ENSG00000229419	31	24	30	22
ENSG00000229422	32	27	19	33
ENSG00000229431	0	0	0	1
ENSG00000229447	0	4	0	3
ENSG00000229473	2	5	2	7
ENSG00000229474	61	98	47	128
ENSG00000229503	0	0	0	2
ENSG00000229512	0	4	1	0
ENSG00000229515	0	1	0	0
ENSG00000229525	1	0	0	0
ENSG00000229528	0	0	1	5
ENSG00000229533	4	3	0	1
ENSG00000229534	0	1	0	0
ENSG00000229539	1	3	2	3
ENSG00000229558	0	1	0	0
ENSG00000229563	0	0	0	0
ENSG00000229582	0	0	0	0
ENSG00000229586	0	0	0	0
ENSG00000229587	0	1	1	1
ENSG00000229588	3	0	0	0
ENSG00000229589	14	22	10	10
ENSG00000229590	0	1	1	1
ENSG00000229591	0	1	2	0
ENSG00000229593	0	1	0	0
ENSG00000229598	0	2	0	0
ENSG00000229605	1	9	4	7
ENSG00000229613	0	0	1	0
ENSG00000229619	93	113	93	86
ENSG00000229637	0	0	0	0
ENSG00000229638	147	127	148	94
ENSG00000229639	0	0	0	0
ENSG00000229644	1031	1191	899	823
ENSG00000229646	0	0	1	0
ENSG00000229647	0	0	1	2
ENSG00000229656	0	0	2	0
ENSG00000229659	0	0	1	0
ENSG00000229664	0	0	0	0
ENSG00000229666	0	0	0	0
ENSG00000229672	0	0	0	1
ENSG00000229677	3	8	2	3
ENSG00000229689	5	0	7	0
ENSG00000229692	98	147	86	93
ENSG00000229694	0	10	6	9
ENSG00000229700	0	0	1	0
ENSG00000229704	1	6	0	2
ENSG00000229715	1	0	0	0
ENSG00000229719	0	0	0	0
ENSG00000229721	0	0	1	0
ENSG00000229727	0	2	0	0
ENSG00000229750	0	0	1	1
ENSG00000229759	0	0	1	0
ENSG00000229766	0	0	0	1
ENSG00000229771	0	3	0	0
ENSG00000229785	0	1	3	1
ENSG00000229795	0	0	1	0
ENSG00000229806	0	0	0	0
ENSG00000229808	1	0	1	5
ENSG00000229809	708	488	533	465
ENSG00000229816	4	10	4	6
ENSG00000229820	0	0	0	0
ENSG00000229832	0	0	0	0
ENSG00000229833	1138	1163	1064	1131
ENSG00000229835	0	1	0	1
ENSG00000229839	1	0	3	1
ENSG00000229848	4	0	1	3
ENSG00000229852	92	97	74	61
ENSG00000229862	0	8	0	0
ENSG00000229867	0	0	0	5
ENSG00000229873	1	0	0	0
ENSG00000229882	2	1	0	0
ENSG00000229891	2	0	1	0
ENSG00000229893	0	1	1	0
ENSG00000229894	4	1	4	3
ENSG00000229896	0	0	1	0
ENSG00000229897	0	0	0	1
ENSG00000229912	0	0	0	0
ENSG00000229915	0	5	0	1
ENSG00000229917	0	1	0	1
ENSG00000229920	0	0	0	1
ENSG00000229921	50	89	31	57
ENSG00000229927	7	5	5	0
ENSG00000229931	29	46	42	31
ENSG00000229932	7	9	10	12
ENSG00000229939	4	3	0	0
ENSG00000229941	0	0	0	0
ENSG00000229944	135	154	120	56
ENSG00000229950	15	63	28	59
ENSG00000229951	1	0	1	2
ENSG00000229953	8	7	0	0
ENSG00000229956	5	4	3	1
ENSG00000229961	0	1	0	7
ENSG00000229965	0	0	0	0
ENSG00000229969	0	0	1	0
ENSG00000229980	62	71	52	75
ENSG00000229983	0	0	0	1
ENSG00000229986	0	0	0	0
ENSG00000229989	4	1	0	2
ENSG00000229994	5	0	2	3
ENSG00000230002	29	39	45	42
ENSG00000230021	2	3	3	3
ENSG00000230023	0	1	0	0
ENSG00000230037	0	0	0	0
ENSG00000230042	6	2	1	1
ENSG00000230043	10	11	13	12
ENSG00000230061	0	1	0	0
ENSG00000230067	0	0	0	1
ENSG00000230069	0	0	3	7
ENSG00000230071	11	6	10	5
ENSG00000230074	6	6	2	9
ENSG00000230076	1	2	0	0
ENSG00000230081	0	0	1	0
ENSG00000230082	6	3	5	6
ENSG00000230084	0	0	1	1
ENSG00000230091	18	23	15	19
ENSG00000230092	5	8	3	2
ENSG00000230098	0	0	0	0
ENSG00000230102	0	0	1	0
ENSG00000230107	2	0	0	0
ENSG00000230124	2001	2414	1763	1994
ENSG00000230138	2	1	1	0
ENSG00000230146	0	1	1	0
ENSG00000230148	0	6	0	1
ENSG00000230149	2	2	4	2
ENSG00000230154	1	7	2	1
ENSG00000230155	27	39	32	27
ENSG00000230162	0	0	0	2
ENSG00000230170	1	0	0	0
ENSG00000230173	1	0	0	0
ENSG00000230176	2	6	0	3
ENSG00000230177	0	3	0	5
ENSG00000230183	2	0	1	1
ENSG00000230185	1	5	2	0
ENSG00000230198	0	0	1	0
ENSG00000230202	185	162	147	125
ENSG00000230207	24	21	18	14
ENSG00000230212	4	13	6	10
ENSG00000230216	4	4	2	2
ENSG00000230225	0	1	0	0
ENSG00000230266	2	2	2	2
ENSG00000230267	13	28	14	14
ENSG00000230282	0	2	0	0
ENSG00000230291	0	1	0	1
ENSG00000230294	0	0	0	0
ENSG00000230295	0	0	0	0
ENSG00000230310	0	2	0	1
ENSG00000230311	2	0	0	0
ENSG00000230312	12	4	6	11
ENSG00000230319	0	0	1	1
ENSG00000230322	0	1	2	6
ENSG00000230325	8	1	1	2
ENSG00000230330	0	1	5	0
ENSG00000230333	0	0	0	0
ENSG00000230337	18	18	18	23
ENSG00000230342	14	12	23	5
ENSG00000230359	40	27	27	31
ENSG00000230364	2	0	0	0
ENSG00000230366	4	1	8	4
ENSG00000230368	0	1	1	0
ENSG00000230373	52	101	86	83
ENSG00000230383	27	17	5	10
ENSG00000230385	14	9	6	10
ENSG00000230395	1	0	1	0
ENSG00000230397	2	0	3	0
ENSG00000230400	1	6	2	1
ENSG00000230408	0	0	3	0
ENSG00000230409	94	80	54	82
ENSG00000230415	0	0	1	2
ENSG00000230417	1	0	1	3
ENSG00000230423	0	2	0	0
ENSG00000230424	15	11	12	12
ENSG00000230427	0	0	0	0
ENSG00000230432	0	0	0	0
ENSG00000230438	37	16	46	8
ENSG00000230445	2	0	0	2
ENSG00000230449	1	0	1	0
ENSG00000230453	163	316	154	314
ENSG00000230454	6	10	7	12
ENSG00000230457	10	14	8	5
ENSG00000230479	6	4	5	2
ENSG00000230487	91	85	105	87
ENSG00000230510	2	9	7	13
ENSG00000230513	35	29	23	17
ENSG00000230515	10	29	10	38
ENSG00000230521	10	18	3	18
ENSG00000230530	15	15	15	5
ENSG00000230532	0	2	0	0
ENSG00000230533	13	34	0	54
ENSG00000230534	0	2	0	4
ENSG00000230537	5	20	24	39
ENSG00000230551	187	352	230	319
ENSG00000230555	38	53	47	44
ENSG00000230562	3	16	12	4
ENSG00000230563	1	0	0	0
ENSG00000230565	0	2	0	0
ENSG00000230568	1	1	0	1
ENSG00000230573	0	0	0	0
ENSG00000230578	1	7	2	6
ENSG00000230580	0	3	0	2
ENSG00000230581	0	1	0	0
ENSG00000230583	10	8	1	6
ENSG00000230584	0	1	0	0
ENSG00000230587	0	3	0	0
ENSG00000230590	375	586	368	530
ENSG00000230592	0	1	0	0
ENSG00000230596	0	0	0	0
ENSG00000230601	0	2	0	0
ENSG00000230606	64	68	83	47
ENSG00000230612	0	0	0	1
ENSG00000230613	0	0	0	0
ENSG00000230615	14	2	3	4
ENSG00000230622	0	0	1	2
ENSG00000230626	12	6	14	12
ENSG00000230628	0	1	1	1
ENSG00000230629	89	67	54	54
ENSG00000230630	0	2	0	1
ENSG00000230649	0	0	0	0
ENSG00000230658	16	15	16	20
ENSG00000230663	1	0	5	0
ENSG00000230667	3	1	1	0
ENSG00000230673	1	0	4	0
ENSG00000230676	0	0	0	0
ENSG00000230679	1	4	7	2
ENSG00000230701	7	4	0	2
ENSG00000230711	2	3	2	4
ENSG00000230715	27	40	33	27
ENSG00000230721	3	1	0	0
ENSG00000230724	34	71	91	51
ENSG00000230732	6	5	8	4
ENSG00000230733	2	0	2	0
ENSG00000230734	2	0	0	0
ENSG00000230735	1	0	0	0
ENSG00000230747	47	56	42	32
ENSG00000230750	1	0	2	1
ENSG00000230753	0	0	0	2
ENSG00000230756	1	1	2	0
ENSG00000230758	1	0	0	0
ENSG00000230772	0	1	0	0
ENSG00000230777	3	1	0	0
ENSG00000230778	0	0	4	7
ENSG00000230790	0	0	0	0
ENSG00000230793	0	0	0	0
ENSG00000230795	0	3	2	3
ENSG00000230797	69	114	75	112
ENSG00000230798	28	28	17	30
ENSG00000230807	0	1	1	1
ENSG00000230825	0	0	1	1
ENSG00000230831	0	1	0	0
ENSG00000230832	4	3	1	4
ENSG00000230833	0	0	0	2
ENSG00000230834	2	0	0	0
ENSG00000230835	0	0	0	0
ENSG00000230844	41	120	35	100
ENSG00000230847	1	5	0	12
ENSG00000230849	0	0	0	0
ENSG00000230863	1	0	0	0
ENSG00000230869	2	10	0	3
ENSG00000230870	4	0	1	1
ENSG00000230882	0	2	0	12
ENSG00000230896	11	7	9	5
ENSG00000230897	2	3	2	3
ENSG00000230898	0	1	0	2
ENSG00000230899	0	0	0	2
ENSG00000230918	7	3	3	1
ENSG00000230937	9	6	1	15
ENSG00000230943	43	71	15	59
ENSG00000230953	0	1	0	0
ENSG00000230955	0	1	2	0
ENSG00000230956	1	0	0	0
ENSG00000230979	7	11	12	10
ENSG00000230989	2242	2847	1948	2254
ENSG00000230992	0	0	3	1
ENSG00000230993	1	0	0	0
ENSG00000231006	1	1	1	0
ENSG00000231007	3	6	5	1
ENSG00000231028	0	2	0	1
ENSG00000231043	13	6	3	6
ENSG00000231047	1	0	0	0
ENSG00000231050	9	12	5	10
ENSG00000231064	1	2	3	4
ENSG00000231066	4	4	4	8
ENSG00000231072	0	2	0	0
ENSG00000231074	748	719	783	498
ENSG00000231079	12	18	3	7
ENSG00000231083	0	0	0	0
ENSG00000231086	0	1	0	2
ENSG00000231104	0	0	1	0
ENSG00000231105	84	65	53	61
ENSG00000231113	3	6	8	1
ENSG00000231120	1	5	4	3
ENSG00000231125	0	8	0	4
ENSG00000231133	0	0	5	1
ENSG00000231154	12	18	6	9
ENSG00000231162	1	0	0	0
ENSG00000231167	27	21	29	17
ENSG00000231169	0	0	1	0
ENSG00000231177	11	29	25	38
ENSG00000231181	0	0	0	0
ENSG00000231187	1	5	0	5
ENSG00000231192	0	0	1	0
ENSG00000231194	0	2	0	1
ENSG00000231205	2	9	3	8
ENSG00000231212	0	0	1	0
ENSG00000231233	2	3	3	5
ENSG00000231234	0	4	3	0
ENSG00000231241	0	2	0	1
ENSG00000231245	1	7	8	5
ENSG00000231249	1	1	1	1
ENSG00000231259	16	0	0	0
ENSG00000231290	0	0	2	0
ENSG00000231304	4	11	5	5
ENSG00000231305	2	21	4	17
ENSG00000231307	0	1	0	0
ENSG00000231312	99	55	47	21
ENSG00000231313	1	0	3	0
ENSG00000231316	0	0	0	0
ENSG00000231327	20	16	18	6
ENSG00000231329	0	0	0	0
ENSG00000231336	0	1	0	0
ENSG00000231341	2	1	3	0
ENSG00000231344	0	0	0	2
ENSG00000231346	41	30	32	20
ENSG00000231351	0	1	0	0
ENSG00000231357	0	0	0	0
ENSG00000231365	226	222	213	144
ENSG00000231369	1	1	0	1
ENSG00000231381	0	0	0	0
ENSG00000231386	0	3	0	0
ENSG00000231389	41297	36785	39817	30453
ENSG00000231409	1	0	4	0
ENSG00000231414	0	2	0	1
ENSG00000231431	0	0	2	0
ENSG00000231434	0	6	5	3
ENSG00000231437	0	1	0	0
ENSG00000231439	0	3	0	3
ENSG00000231441	0	0	1	0
ENSG00000231445	0	0	0	2
ENSG00000231449	1	0	0	0
ENSG00000231458	1	0	0	0
ENSG00000231466	7	3	2	1
ENSG00000231473	7	0	3	0
ENSG00000231494	2	7	6	1
ENSG00000231500	60407	57109	53485	44297
ENSG00000231503	0	3	0	1
ENSG00000231507	19	29	18	24
ENSG00000231525	1	0	0	0
ENSG00000231530	0	0	0	0
ENSG00000231533	0	0	0	0
ENSG00000231534	0	2	0	0
ENSG00000231535	1	0	3	0
ENSG00000231536	0	0	0	0
ENSG00000231544	0	2	0	0
ENSG00000231549	0	0	0	0
ENSG00000231550	1	0	0	0
ENSG00000231551	6	13	4	16
ENSG00000231560	0	0	0	1
ENSG00000231566	10	13	6	9
ENSG00000231579	0	2	0	0
ENSG00000231584	159	102	161	95
ENSG00000231595	9	7	10	4
ENSG00000231607	280	337	282	252
ENSG00000231610	0	0	1	0
ENSG00000231615	0	0	2	0
ENSG00000231621	0	0	0	2
ENSG00000231636	0	0	0	0
ENSG00000231651	4	11	1	5
ENSG00000231652	14	14	12	10
ENSG00000231663	1	12	13	7
ENSG00000231665	0	0	0	0
ENSG00000231671	0	0	0	0
ENSG00000231681	1	0	0	0
ENSG00000231682	0	0	0	1
ENSG00000231684	2	0	0	0
ENSG00000231686	4	0	0	0
ENSG00000231690	0	0	1	0
ENSG00000231697	0	1	1	2
ENSG00000231701	0	0	0	0
ENSG00000231704	0	0	1	0
ENSG00000231707	3	0	0	0
ENSG00000231711	6	3	8	11
ENSG00000231721	187	317	187	200
ENSG00000231725	0	0	0	3
ENSG00000231728	8	14	4	15
ENSG00000231742	0	0	0	1
ENSG00000231747	1	0	0	2
ENSG00000231752	186	193	180	180
ENSG00000231760	0	0	3	0
ENSG00000231767	28	27	38	21
ENSG00000231769	0	1	2	2
ENSG00000231770	88	132	99	75
ENSG00000231772	0	1	0	1
ENSG00000231784	20	29	31	17
ENSG00000231787	1	0	0	0
ENSG00000231789	9	16	1	18
ENSG00000231793	8	19	15	21
ENSG00000231799	3	1	0	1
ENSG00000231808	0	3	0	3
ENSG00000231817	0	0	1	0
ENSG00000231822	4	2	3	4
ENSG00000231830	0	0	0	0
ENSG00000231831	0	0	2	0
ENSG00000231840	0	2	3	2
ENSG00000231841	5	4	4	5
ENSG00000231848	0	3	1	1
ENSG00000231852	0	0	0	0
ENSG00000231856	36	58	34	26
ENSG00000231858	0	0	1	0
ENSG00000231864	0	0	1	0
ENSG00000231871	2	10	4	6
ENSG00000231875	0	0	0	0
ENSG00000231877	0	0	0	1
ENSG00000231878	0	0	1	1
ENSG00000231880	1	0	1	0
ENSG00000231887	13	27	17	13
ENSG00000231889	63	73	87	74
ENSG00000231890	97	72	86	74
ENSG00000231903	0	1	1	0
ENSG00000231908	13	11	18	4
ENSG00000231925	15411	13978	14137	11905
ENSG00000231940	0	5	1	2
ENSG00000231948	1	1	0	2
ENSG00000231952	0	0	0	2
ENSG00000231955	0	0	0	0
ENSG00000231967	0	0	0	0
ENSG00000231969	1	0	4	0
ENSG00000231970	0	0	0	0
ENSG00000231971	0	0	0	1
ENSG00000231977	0	0	1	0
ENSG00000231989	14	7	5	7
ENSG00000231991	67	50	36	51
ENSG00000231993	0	0	2	0
ENSG00000231995	0	2	0	0
ENSG00000231999	57	44	50	23
ENSG00000232004	0	1	0	1
ENSG00000232006	0	0	0	0
ENSG00000232019	1	0	0	1
ENSG00000232022	13	39	13	78
ENSG00000232024	454	409	312	304
ENSG00000232028	0	0	0	0
ENSG00000232037	0	1	0	0
ENSG00000232043	1	0	0	1
ENSG00000232044	0	0	0	0
ENSG00000232053	0	0	3	1
ENSG00000232060	2	0	2	0
ENSG00000232063	5	7	12	14
ENSG00000232065	8	6	6	0
ENSG00000232070	0	0	3	0
ENSG00000232093	14	10	15	10
ENSG00000232097	0	0	0	0
ENSG00000232098	343	403	278	321
ENSG00000232104	27	26	13	15
ENSG00000232112	12195	13218	11090	10239
ENSG00000232117	1	2	3	5
ENSG00000232119	1597	2533	1339	2276
ENSG00000232124	27	123	20	48
ENSG00000232125	0	0	2	0
ENSG00000232133	2	0	1	0
ENSG00000232139	0	0	1	1
ENSG00000232150	3	4	6	2
ENSG00000232160	46	37	16	46
ENSG00000232166	0	0	1	0
ENSG00000232176	0	2	2	3
ENSG00000232186	0	3	0	0
ENSG00000232187	5	5	7	4
ENSG00000232202	0	0	0	1
ENSG00000232220	0	0	3	0
ENSG00000232233	9	7	8	3
ENSG00000232237	0	0	1	0
ENSG00000232259	0	0	0	0
ENSG00000232284	0	0	0	1
ENSG00000232300	9	6	9	3
ENSG00000232303	1	3	2	5
ENSG00000232310	7	34	4	56
ENSG00000232320	0	0	0	1
ENSG00000232333	2	4	0	3
ENSG00000232335	0	0	0	0
ENSG00000232337	0	0	0	0
ENSG00000232346	378	431	361	316
ENSG00000232347	3	1	0	1
ENSG00000232358	0	0	0	0
ENSG00000232362	0	0	1	0
ENSG00000232375	0	1	0	0
ENSG00000232377	0	1	1	0
ENSG00000232380	2	2	1	4
ENSG00000232385	3	0	2	0
ENSG00000232387	3	2	2	0
ENSG00000232388	1084	1167	915	1061
ENSG00000232389	2	4	5	4
ENSG00000232406	0	0	0	1
ENSG00000232412	0	6	0	0
ENSG00000232415	1	1	1	4
ENSG00000232422	1	3	1	1
ENSG00000232433	0	0	0	2
ENSG00000232434	590	583	558	494
ENSG00000232442	70	121	87	79
ENSG00000232445	86	145	123	104
ENSG00000232448	0	0	0	0
ENSG00000232450	6	9	7	9
ENSG00000232453	7	7	3	3
ENSG00000232454	0	0	2	0
ENSG00000232456	9	4	19	9
ENSG00000232457	0	0	0	0
ENSG00000232460	0	0	1	4
ENSG00000232470	0	1	0	0
ENSG00000232472	86	66	62	55
ENSG00000232479	8	5	8	1
ENSG00000232485	2	0	1	3
ENSG00000232486	0	0	0	1
ENSG00000232499	2	2	9	6
ENSG00000232502	0	0	0	0
ENSG00000232504	0	1	0	1
ENSG00000232520	0	0	0	0
ENSG00000232527	0	0	0	0
ENSG00000232528	1	0	0	0
ENSG00000232531	0	1	0	0
ENSG00000232533	149	198	136	175
ENSG00000232536	0	0	0	1
ENSG00000232553	0	0	3	0
ENSG00000232573	224	131	147	141
ENSG00000232578	23	6	21	3
ENSG00000232581	2	0	0	0
ENSG00000232586	23	26	28	15
ENSG00000232587	1	0	8	0
ENSG00000232593	103	169	125	166
ENSG00000232599	5	5	0	10
ENSG00000232600	1	3	0	1
ENSG00000232611	7	34	5	37
ENSG00000232615	3	0	0	1
ENSG00000232618	0	0	0	1
ENSG00000232623	0	0	1	0
ENSG00000232626	0	0	1	0
ENSG00000232629	561	471	574	385
ENSG00000232638	1	14	6	16
ENSG00000232645	3	7	3	3
ENSG00000232648	1	1	2	0
ENSG00000232653	660	892	691	2059
ENSG00000232656	0	0	2	1
ENSG00000232671	43	18	14	16
ENSG00000232677	181	18	200	10
ENSG00000232679	0	0	0	0
ENSG00000232692	0	0	0	1
ENSG00000232699	0	0	1	0
ENSG00000232702	0	0	1	0
ENSG00000232706	0	0	1	0
ENSG00000232710	1	0	0	0
ENSG00000232713	1	1	0	1
ENSG00000232721	2	1	3	7
ENSG00000232724	0	0	0	0
ENSG00000232727	0	0	1	0
ENSG00000232729	2	0	3	0
ENSG00000232732	0	0	1	3
ENSG00000232742	0	0	1	0
ENSG00000232748	0	4	0	0
ENSG00000232759	40	73	41	58
ENSG00000232774	19	16	9	17
ENSG00000232783	0	0	0	0
ENSG00000232788	10	5	24	8
ENSG00000232801	0	0	0	0
ENSG00000232803	0	0	1	0
ENSG00000232806	0	0	0	0
ENSG00000232807	3	1	1	3
ENSG00000232810	2836	2222	2769	1523
ENSG00000232811	3	5	4	4
ENSG00000232815	38	41	26	46
ENSG00000232818	16	77	19	76
ENSG00000232821	3	0	1	0
ENSG00000232828	0	0	0	0
ENSG00000232832	1	1	0	0
ENSG00000232838	406	464	376	410
ENSG00000232842	1	1	0	1
ENSG00000232850	0	0	0	1
ENSG00000232855	1	1	7	2
ENSG00000232858	1	1	2	0
ENSG00000232859	93	97	74	150
ENSG00000232860	5	1	2	1
ENSG00000232871	7	2	7	10
ENSG00000232872	0	2	2	1
ENSG00000232874	0	3	1	1
ENSG00000232876	4	1	2	0
ENSG00000232882	11	17	3	15
ENSG00000232883	0	0	0	0
ENSG00000232884	0	0	0	0
ENSG00000232888	6	1	3	2
ENSG00000232906	0	0	0	0
ENSG00000232907	15	22	6	10
ENSG00000232908	2	0	0	0
ENSG00000232912	0	0	1	0
ENSG00000232927	0	2	0	0
ENSG00000232931	67	144	117	106
ENSG00000232934	7	2	2	2
ENSG00000232936	4	3	0	0
ENSG00000232938	2	2	4	4
ENSG00000232940	2	7	0	6
ENSG00000232949	0	0	0	0
ENSG00000232951	5	6	3	1
ENSG00000232952	9	2	1	3
ENSG00000232956	1426	1589	1261	1214
ENSG00000232973	62	8	47	10
ENSG00000232994	1	0	0	0
ENSG00000232995	28	39	15	22
ENSG00000232998	0	0	5	0
ENSG00000233006	0	2	0	3
ENSG00000233010	1	3	0	0
ENSG00000233013	15	0	14	0
ENSG00000233016	328	443	326	325
ENSG00000233024	208	269	240	297
ENSG00000233029	0	0	0	0
ENSG00000233033	0	8	1	2
ENSG00000233040	0	0	0	0
ENSG00000233045	2	0	0	0
ENSG00000233056	5	0	1	2
ENSG00000233057	0	0	0	0
ENSG00000233058	104	176	108	160
ENSG00000233061	0	0	3	0
ENSG00000233064	1	0	0	0
ENSG00000233070	0	1	0	0
ENSG00000233072	1	0	0	0
ENSG00000233077	0	0	0	1
ENSG00000233080	5	3	1	1
ENSG00000233081	2	1	1	0
ENSG00000233087	3	0	0	2
ENSG00000233093	1364	2521	1367	3288
ENSG00000233096	0	2	0	2
ENSG00000233098	0	0	4	2
ENSG00000233101	0	0	1	1
ENSG00000233108	0	0	0	0
ENSG00000233111	2	1	0	0
ENSG00000233117	1	0	0	0
ENSG00000233122	1	1	0	0
ENSG00000233131	0	1	1	0
ENSG00000233133	1	0	0	0
ENSG00000233144	1	1	1	0
ENSG00000233154	0	0	0	0
ENSG00000233155	8	0	7	1
ENSG00000233170	0	4	5	3
ENSG00000233175	3	10	3	2
ENSG00000233178	56	31	43	17
ENSG00000233183	1	0	0	2
ENSG00000233184	95	215	95	144
ENSG00000233191	0	0	0	0
ENSG00000233198	0	1	0	2
ENSG00000233203	8	9	12	7
ENSG00000233205	0	2	1	0
ENSG00000233220	1	0	1	1
ENSG00000233221	1	1	0	1
ENSG00000233223	153	123	132	102
ENSG00000233225	27	13	17	8
ENSG00000233229	0	0	0	0
ENSG00000233230	0	3	2	6
ENSG00000233232	0	0	0	0
ENSG00000233246	0	0	0	1
ENSG00000233247	3	0	1	0
ENSG00000233250	0	0	0	0
ENSG00000233251	3	33	5	1
ENSG00000233264	0	3	4	3
ENSG00000233266	0	1	0	3
ENSG00000233270	70	57	44	45
ENSG00000233276	8464	10141	6741	9719
ENSG00000233277	0	1	0	4
ENSG00000233290	0	0	0	0
ENSG00000233296	2	5	2	3
ENSG00000233297	48	65	32	39
ENSG00000233306	917	654	904	596
ENSG00000233308	0	1	0	0
ENSG00000233309	0	0	0	1
ENSG00000233325	0	1	1	2
ENSG00000233327	14	11	18	23
ENSG00000233328	4	3	5	2
ENSG00000233332	16	23	6	16
ENSG00000233338	0	0	0	1
ENSG00000233347	1	0	1	1
ENSG00000233355	470	629	440	401
ENSG00000233360	0	1	1	0
ENSG00000233369	2793	2916	2227	2791
ENSG00000233381	0	2	3	0
ENSG00000233382	32	50	21	54
ENSG00000233384	1	10	4	6
ENSG00000233387	2	0	0	3
ENSG00000233396	14	14	22	13
ENSG00000233405	0	0	0	0
ENSG00000233410	0	3	1	3
ENSG00000233411	0	1	0	1
ENSG00000233426	186	174	152	103
ENSG00000233427	0	2	0	0
ENSG00000233429	84	99	54	96
ENSG00000233435	8	13	6	11
ENSG00000233436	0	0	0	1
ENSG00000233448	0	1	0	0
ENSG00000233452	3	6	1	4
ENSG00000233461	81	113	79	96
ENSG00000233469	3	0	0	0
ENSG00000233476	490	299	472	340
ENSG00000233483	6	7	3	1
ENSG00000233485	2	0	0	0
ENSG00000233493	144	140	125	89
ENSG00000233494	0	0	0	0
ENSG00000233503	0	2	0	0
ENSG00000233509	6	1	4	0
ENSG00000233514	8	11	2	2
ENSG00000233522	21	0	0	0
ENSG00000233527	29	19	30	17
ENSG00000233534	0	0	0	1
ENSG00000233539	2	4	4	2
ENSG00000233547	1	0	0	0
ENSG00000233554	5	6	2	4
ENSG00000233558	4	2	0	1
ENSG00000233559	0	1	0	0
ENSG00000233560	2	3	5	6
ENSG00000233577	0	0	1	0
ENSG00000233579	0	1	1	1
ENSG00000233585	1	1	2	4
ENSG00000233586	1	0	0	0
ENSG00000233588	8	5	8	7
ENSG00000233593	2	1	0	0
ENSG00000233597	2	3	4	1
ENSG00000233609	21	18	23	26
ENSG00000233614	0	0	0	2
ENSG00000233621	93	62	84	63
ENSG00000233622	1	2	8	9
ENSG00000233643	0	2	1	0
ENSG00000233647	0	2	0	1
ENSG00000233654	3	1	3	1
ENSG00000233661	0	0	1	1
ENSG00000233672	7	2	4	2
ENSG00000233673	23	30	19	33
ENSG00000233680	0	0	0	1
ENSG00000233684	2	0	0	2
ENSG00000233694	0	0	0	1
ENSG00000233695	27	67	30	147
ENSG00000233705	91	212	95	130
ENSG00000233730	0	3	0	1
ENSG00000233746	0	2	0	0
ENSG00000233755	0	0	0	0
ENSG00000233757	20	30	27	6
ENSG00000233762	28	20	29	22
ENSG00000233764	0	0	0	0
ENSG00000233775	0	0	1	0
ENSG00000233776	0	0	1	1
ENSG00000233782	0	0	0	0
ENSG00000233785	1	0	0	0
ENSG00000233786	0	0	0	1
ENSG00000233791	3	2	3	8
ENSG00000233799	4	0	0	0
ENSG00000233806	3	0	4	1
ENSG00000233817	0	0	0	0
ENSG00000233818	13	3	3	6
ENSG00000233822	41	30	26	36
ENSG00000233825	0	0	0	0
ENSG00000233830	49	65	35	27
ENSG00000233834	2	19	0	9
ENSG00000233837	3	1	0	0
ENSG00000233844	0	3	1	4
ENSG00000233846	2	3	2	0
ENSG00000233849	0	2	2	0
ENSG00000233850	13	5	5	4
ENSG00000233859	0	3	5	3
ENSG00000233862	0	0	1	0
ENSG00000233864	369	445	368	368
ENSG00000233868	6	5	4	8
ENSG00000233871	0	2	0	0
ENSG00000233875	0	4	0	0
ENSG00000233885	1	0	0	2
ENSG00000233892	0	6	3	7
ENSG00000233901	0	0	0	0
ENSG00000233903	10	12	12	7
ENSG00000233912	2	4	2	4
ENSG00000233913	46	48	37	47
ENSG00000233916	5	2	8	3
ENSG00000233922	15	25	42	18
ENSG00000233924	7	0	0	0
ENSG00000233927	14720	14262	13783	11483
ENSG00000233929	1	0	0	0
ENSG00000233930	0	1	4	0
ENSG00000233932	6	0	1	0
ENSG00000233937	105	116	102	99
ENSG00000233954	250	253	248	280
ENSG00000233956	0	1	0	0
ENSG00000233966	9	10	14	13
ENSG00000233967	0	0	0	2
ENSG00000233968	0	0	0	4
ENSG00000233971	0	0	0	0
ENSG00000233974	0	0	0	0
ENSG00000233975	1	2	0	1
ENSG00000233984	0	6	16	8
ENSG00000233994	3	5	5	2
ENSG00000233999	7	6	0	1
ENSG00000234004	2	3	0	0
ENSG00000234005	1	0	2	0
ENSG00000234006	0	8	0	1
ENSG00000234009	14	10	13	8
ENSG00000234028	61	66	54	33
ENSG00000234036	0	0	0	2
ENSG00000234043	6	2	6	2
ENSG00000234056	0	0	0	0
ENSG00000234062	21	46	16	34
ENSG00000234072	151	221	124	204
ENSG00000234073	1	0	0	1
ENSG00000234076	0	0	0	0
ENSG00000234084	9	3	2	11
ENSG00000234093	2	0	0	0
ENSG00000234106	2	1	1	0
ENSG00000234112	0	1	0	0
ENSG00000234118	1	0	0	1
ENSG00000234127	6949	7196	5971	6000
ENSG00000234129	11	17	11	10
ENSG00000234130	0	1	1	0
ENSG00000234132	0	4	2	0
ENSG00000234141	0	0	3	4
ENSG00000234142	0	1	4	1
ENSG00000234145	0	2	0	0
ENSG00000234147	4	39	0	12
ENSG00000234155	1	0	0	0
ENSG00000234160	14	21	18	8
ENSG00000234171	351	496	259	235
ENSG00000234174	6	1	3	1
ENSG00000234176	4	3	2	1
ENSG00000234181	1	0	1	0
ENSG00000234183	1	0	0	0
ENSG00000234191	0	0	1	0
ENSG00000234199	0	3	0	0
ENSG00000234200	0	0	0	0
ENSG00000234203	0	0	0	2
ENSG00000234213	0	0	0	0
ENSG00000234222	1	0	0	3
ENSG00000234241	9	5	6	7
ENSG00000234261	55	30	43	49
ENSG00000234263	0	1	0	0
ENSG00000234264	5	7	10	4
ENSG00000234268	1	1	0	0
ENSG00000234284	0	1	0	0
ENSG00000234287	28	17	19	18
ENSG00000234289	21	12	0	8
ENSG00000234290	5	8	0	11
ENSG00000234292	0	0	0	0
ENSG00000234297	2	1	2	2
ENSG00000234308	0	0	1	0
ENSG00000234311	0	0	2	0
ENSG00000234322	1	4	6	0
ENSG00000234327	110	122	102	129
ENSG00000234329	4	3	11	4
ENSG00000234332	78	18	46	8
ENSG00000234335	3	5	6	4
ENSG00000234337	2	11	4	3
ENSG00000234345	0	3	1	1
ENSG00000234350	1	4	0	0
ENSG00000234353	0	0	4	2
ENSG00000234369	2	1	3	1
ENSG00000234371	0	0	1	0
ENSG00000234373	20	26	12	33
ENSG00000234377	4	1	4	5
ENSG00000234380	0	2	0	5
ENSG00000234390	24	11	3	17
ENSG00000234394	0	0	0	1
ENSG00000234397	0	0	0	2
ENSG00000234402	1	0	0	0
ENSG00000234420	433	564	455	399
ENSG00000234429	0	0	1	0
ENSG00000234431	7	0	0	0
ENSG00000234432	1	20	2	31
ENSG00000234444	3	20	3	8
ENSG00000234456	86	4	29	8
ENSG00000234465	0	1	1	0
ENSG00000234473	0	0	1	0
ENSG00000234476	3	17	8	5
ENSG00000234492	0	0	0	0
ENSG00000234494	26	28	21	45
ENSG00000234498	1	4	1	4
ENSG00000234504	0	0	0	0
ENSG00000234506	1	3	0	2
ENSG00000234509	0	1	0	1
ENSG00000234513	1	0	0	0
ENSG00000234515	0	0	3	0
ENSG00000234518	64	86	53	79
ENSG00000234545	797	1139	933	887
ENSG00000234546	47	80	16	122
ENSG00000234558	2	8	3	6
ENSG00000234564	0	0	0	1
ENSG00000234568	0	0	1	0
ENSG00000234572	0	0	0	2
ENSG00000234578	0	1	0	0
ENSG00000234585	80	134	60	75
ENSG00000234602	7	5	7	0
ENSG00000234608	493	609	484	492
ENSG00000234614	255	129	156	86
ENSG00000234616	1195	1140	1135	804
ENSG00000234617	10	4	4	0
ENSG00000234618	14	19	20	16
ENSG00000234622	0	1	0	0
ENSG00000234624	0	0	1	0
ENSG00000234627	1	0	0	0
ENSG00000234629	0	1	0	0
ENSG00000234636	13	9	3	15
ENSG00000234645	0	0	1	0
ENSG00000234647	2	8	1	11
ENSG00000234648	27	90	0	58
ENSG00000234663	524	455	473	332
ENSG00000234664	245	244	207	205
ENSG00000234665	99	90	77	57
ENSG00000234676	0	1	0	0
ENSG00000234678	7	31	3	40
ENSG00000234684	72	28	40	28
ENSG00000234694	15	10	14	13
ENSG00000234699	12	7	12	8
ENSG00000234702	0	0	0	0
ENSG00000234705	11	2	8	6
ENSG00000234709	5	13	6	5
ENSG00000234718	0	0	0	0
ENSG00000234719	0	2	9	9
ENSG00000234741	4528	4690	4272	3299
ENSG00000234742	1	1	0	1
ENSG00000234743	3	3	3	2
ENSG00000234745	100815	86580	88530	80538
ENSG00000234753	7	18	9	11
ENSG00000234756	0	0	0	0
ENSG00000234763	0	0	0	0
ENSG00000234766	0	0	0	0
ENSG00000234768	0	0	0	0
ENSG00000234769	61	35	38	41
ENSG00000234771	38	93	61	63
ENSG00000234773	4	0	1	1
ENSG00000234776	0	4	0	2
ENSG00000234782	23	24	21	14
ENSG00000234787	0	1	0	0
ENSG00000234788	0	0	0	0
ENSG00000234797	535	434	416	348
ENSG00000234801	0	1	0	0
ENSG00000234807	8	8	2	3
ENSG00000234814	66	426	43	451
ENSG00000234817	1	2	10	13
ENSG00000234825	11	17	13	9
ENSG00000234835	0	0	0	0
ENSG00000234840	0	0	0	0
ENSG00000234841	0	2	0	0
ENSG00000234851	13619	13260	11999	10362
ENSG00000234857	5600	5695	5024	4393
ENSG00000234882	30	31	20	32
ENSG00000234883	1292	1298	1262	877
ENSG00000234884	0	0	2	1
ENSG00000234902	1	0	0	0
ENSG00000234906	12	42	5	50
ENSG00000234911	14	9	6	10
ENSG00000234912	294	520	256	279
ENSG00000234917	3	4	1	0
ENSG00000234936	6	8	19	16
ENSG00000234945	0	0	3	1
ENSG00000234956	21	28	38	42
ENSG00000234961	6	2	2	5
ENSG00000234964	724	845	668	797
ENSG00000234969	0	1	0	0
ENSG00000234975	8	6	10	10
ENSG00000234981	1	0	1	1
ENSG00000234996	6	3	7	2
ENSG00000234997	0	2	0	0
ENSG00000235001	3	5	9	7
ENSG00000235005	1	0	0	3
ENSG00000235013	24	53	17	53
ENSG00000235018	0	0	0	0
ENSG00000235023	1	0	4	1
ENSG00000235027	0	0	1	0
ENSG00000235029	0	0	0	0
ENSG00000235034	8	18	2	10
ENSG00000235036	0	2	1	1
ENSG00000235043	4	8	8	3
ENSG00000235052	0	1	0	2
ENSG00000235065	92	72	65	73
ENSG00000235071	0	0	0	0
ENSG00000235076	5	0	1	1
ENSG00000235077	0	2	0	0
ENSG00000235078	4	5	2	15
ENSG00000235079	0	0	0	9
ENSG00000235081	0	0	2	0
ENSG00000235082	9	2	6	3
ENSG00000235084	2	6	5	1
ENSG00000235090	0	0	2	0
ENSG00000235092	3	11	6	14
ENSG00000235098	24	52	0	38
ENSG00000235100	0	0	0	0
ENSG00000235101	1	4	6	1
ENSG00000235105	1	0	7	0
ENSG00000235106	903	702	771	561
ENSG00000235109	103	69	79	62
ENSG00000235111	1	7	2	7
ENSG00000235119	0	0	1	2
ENSG00000235128	1	0	0	1
ENSG00000235145	2	0	0	0
ENSG00000235156	0	0	1	0
ENSG00000235159	0	0	1	0
ENSG00000235162	7017	8353	6313	7580
ENSG00000235169	10	2	5	2
ENSG00000235172	10	6	14	17
ENSG00000235173	2070	2085	1724	1686
ENSG00000235174	298	243	214	338
ENSG00000235189	2	0	0	0
ENSG00000235192	3	2	0	2
ENSG00000235194	144	238	179	169
ENSG00000235217	44	8	15	7
ENSG00000235221	0	0	0	0
ENSG00000235225	1	0	0	0
ENSG00000235236	1	8	2	1
ENSG00000235237	0	2	0	0
ENSG00000235238	37	29	23	11
ENSG00000235245	0	12	14	3
ENSG00000235253	0	0	2	0
ENSG00000235257	9	30	0	56
ENSG00000235272	2	1	5	6
ENSG00000235288	234	426	309	436
ENSG00000235290	0	0	0	1
ENSG00000235297	11	9	2	2
ENSG00000235304	3	1	2	0
ENSG00000235313	1	2	0	1
ENSG00000235314	665	480	509	359
ENSG00000235316	20	33	23	25
ENSG00000235319	0	4	0	5
ENSG00000235330	1	0	3	1
ENSG00000235333	0	0	0	0
ENSG00000235354	1	0	0	0
ENSG00000235363	57	61	41	48
ENSG00000235366	21	18	11	12
ENSG00000235371	1	0	0	0
ENSG00000235374	51	66	50	74
ENSG00000235376	0	0	0	0
ENSG00000235381	23	28	33	17
ENSG00000235385	0	0	0	0
ENSG00000235400	0	0	0	1
ENSG00000235408	0	1	1	2
ENSG00000235411	1	1	0	1
ENSG00000235423	39	46	20	46
ENSG00000235437	370	609	305	512
ENSG00000235449	1	1	0	0
ENSG00000235453	201	187	184	184
ENSG00000235454	0	0	0	0
ENSG00000235459	0	0	0	2
ENSG00000235472	3	0	1	1
ENSG00000235480	0	2	1	4
ENSG00000235481	0	0	2	1
ENSG00000235488	1	8	0	2
ENSG00000235489	30	38	16	18
ENSG00000235499	33	9	18	4
ENSG00000235505	51	77	44	55
ENSG00000235508	6	2	5	5
ENSG00000235513	12	12	10	9
ENSG00000235522	1	0	0	0
ENSG00000235527	5	10	3	3
ENSG00000235530	5	2	2	4
ENSG00000235531	615	663	665	462
ENSG00000235545	0	1	0	0
ENSG00000235552	243	189	205	173
ENSG00000235554	2	3	2	3
ENSG00000235559	2	2	0	0
ENSG00000235560	37	64	42	42
ENSG00000235568	21	8	17	4
ENSG00000235571	0	0	0	0
ENSG00000235576	713	734	827	646
ENSG00000235587	0	2	4	1
ENSG00000235590	0	0	0	1
ENSG00000235597	4	3	8	0
ENSG00000235605	2	2	2	1
ENSG00000235609	0	1	3	3
ENSG00000235613	3	6	13	2
ENSG00000235617	0	1	0	0
ENSG00000235618	8	20	10	2
ENSG00000235621	0	0	0	1
ENSG00000235623	0	0	0	0
ENSG00000235629	0	0	2	0
ENSG00000235636	69	61	44	29
ENSG00000235641	39	96	34	95
ENSG00000235651	2	1	0	3
ENSG00000235652	23	22	23	29
ENSG00000235653	7	0	3	0
ENSG00000235655	860	679	785	844
ENSG00000235659	0	0	2	0
ENSG00000235660	2	0	5	0
ENSG00000235663	5	9	3	10
ENSG00000235665	0	0	0	0
ENSG00000235672	0	0	0	4
ENSG00000235674	1	0	1	0
ENSG00000235683	0	0	2	0
ENSG00000235689	0	0	1	0
ENSG00000235698	0	1	1	2
ENSG00000235701	0	3	0	0
ENSG00000235703	6	23	18	31
ENSG00000235706	32	36	18	35
ENSG00000235711	0	0	0	0
ENSG00000235716	2	1	2	0
ENSG00000235720	6	5	1	4
ENSG00000235724	0	1	2	0
ENSG00000235734	3	0	1	0
ENSG00000235748	3	0	1	0
ENSG00000235750	4591	4092	4099	3348
ENSG00000235760	0	0	1	0
ENSG00000235770	0	2	0	0
ENSG00000235772	39	100	68	84
ENSG00000235776	0	0	3	2
ENSG00000235781	2	1	1	0
ENSG00000235785	0	5	2	0
ENSG00000235795	8	6	8	8
ENSG00000235802	0	4	0	6
ENSG00000235812	2	0	0	1
ENSG00000235813	0	8	0	9
ENSG00000235823	627	731	661	561
ENSG00000235831	69	48	60	32
ENSG00000235833	1	0	0	1
ENSG00000235847	1	1	4	1
ENSG00000235852	17	26	19	5
ENSG00000235859	80	44	73	36
ENSG00000235863	418	417	386	364
ENSG00000235872	0	8	1	1
ENSG00000235875	0	2	0	0
ENSG00000235884	4	0	0	0
ENSG00000235897	5	6	5	9
ENSG00000235903	1	0	0	5
ENSG00000235904	2	0	3	2
ENSG00000235908	3	0	0	0
ENSG00000235912	25	25	22	23
ENSG00000235917	0	0	0	1
ENSG00000235919	38	66	39	53
ENSG00000235934	0	1	1	0
ENSG00000235944	109	84	104	85
ENSG00000235946	7	15	5	7
ENSG00000235947	0	1	0	0
ENSG00000235954	208	340	243	262
ENSG00000235957	0	9	3	3
ENSG00000235961	0	4	0	0
ENSG00000235978	14	6	7	9
ENSG00000235989	0	2	0	1
ENSG00000235994	1	8	1	1
ENSG00000235997	9	0	4	0
ENSG00000236008	5	1	3	0
ENSG00000236017	10	50	15	30
ENSG00000236018	2	0	0	0
ENSG00000236021	0	0	1	2
ENSG00000236044	0	0	0	1
ENSG00000236047	0	0	0	0
ENSG00000236051	5	0	1	2
ENSG00000236058	3	1	5	4
ENSG00000236060	0	2	1	1
ENSG00000236081	117	152	113	125
ENSG00000236088	201	259	218	191
ENSG00000236090	1	1	0	1
ENSG00000236094	0	2	0	0
ENSG00000236095	0	0	2	0
ENSG00000236104	784	622	612	549
ENSG00000236105	0	0	0	0
ENSG00000236111	0	2	0	0
ENSG00000236120	0	0	0	0
ENSG00000236137	24	0	5	7
ENSG00000236138	1	0	0	1
ENSG00000236144	148	218	108	171
ENSG00000236152	3	1	1	0
ENSG00000236154	0	0	0	0
ENSG00000236155	0	0	0	1
ENSG00000236156	2	0	0	1
ENSG00000236184	2	7	2	2
ENSG00000236189	0	0	1	0
ENSG00000236194	4	4	5	5
ENSG00000236200	24	24	22	24
ENSG00000236204	0	2	0	2
ENSG00000236209	5	5	4	3
ENSG00000236213	0	0	3	0
ENSG00000236254	1	1	0	0
ENSG00000236255	13	20	14	26
ENSG00000236256	0	2	0	0
ENSG00000236257	0	0	0	1
ENSG00000236259	0	0	0	0
ENSG00000236263	10	6	6	7
ENSG00000236264	4	1	3	2
ENSG00000236281	0	0	0	0
ENSG00000236285	0	1	0	0
ENSG00000236287	962	1181	956	857
ENSG00000236296	6	26	2	19
ENSG00000236297	18	26	12	18
ENSG00000236299	0	3	0	0
ENSG00000236305	3	5	0	4
ENSG00000236307	0	0	0	1
ENSG00000236308	0	0	1	0
ENSG00000236312	0	0	1	0
ENSG00000236316	0	2	0	0
ENSG00000236320	2	0	3	0
ENSG00000236326	0	1	0	0
ENSG00000236330	1	0	0	0
ENSG00000236333	0	0	0	0
ENSG00000236337	1	1	0	3
ENSG00000236349	4	6	3	2
ENSG00000236358	0	1	4	0
ENSG00000236360	4	1	0	6
ENSG00000236375	0	3	1	0
ENSG00000236377	0	1	0	0
ENSG00000236397	108	101	82	102
ENSG00000236404	20	19	24	10
ENSG00000236409	3	4	1	12
ENSG00000236417	0	3	2	0
ENSG00000236423	20	10	17	6
ENSG00000236427	0	0	0	0
ENSG00000236432	7	4	8	0
ENSG00000236438	31	44	25	62
ENSG00000236439	7	15	17	12
ENSG00000236444	0	4	0	0
ENSG00000236453	0	4	1	2
ENSG00000236456	9	15	4	1
ENSG00000236459	0	0	2	2
ENSG00000236474	0	1	0	0
ENSG00000236480	0	0	1	0
ENSG00000236481	6	34	1	67
ENSG00000236489	0	0	2	0
ENSG00000236493	3	4	5	1
ENSG00000236496	2	6	3	2
ENSG00000236498	0	0	0	3
ENSG00000236499	0	5	1	0
ENSG00000236502	16	73	4	84
ENSG00000236509	0	6	1	5
ENSG00000236514	3	6	3	1
ENSG00000236519	2	4	3	7
ENSG00000236528	0	4	4	1
ENSG00000236529	3	3	0	1
ENSG00000236530	1	0	1	0
ENSG00000236534	0	1	1	0
ENSG00000236535	0	0	1	0
ENSG00000236536	0	3	0	2
ENSG00000236539	0	1	1	0
ENSG00000236540	0	0	0	0
ENSG00000236542	0	0	0	0
ENSG00000236546	0	0	0	2
ENSG00000236552	387	288	327	278
ENSG00000236554	0	0	2	0
ENSG00000236565	6	6	8	4
ENSG00000236567	0	9	0	1
ENSG00000236570	1	0	0	2
ENSG00000236582	0	2	0	0
ENSG00000236591	16	7	8	9
ENSG00000236603	20	18	27	20
ENSG00000236609	67	25	46	20
ENSG00000236617	1	6	1	1
ENSG00000236618	120	147	165	129
ENSG00000236643	0	0	0	1
ENSG00000236670	8	5	6	4
ENSG00000236679	0	5	8	12
ENSG00000236682	2	0	2	0
ENSG00000236683	0	0	0	0
ENSG00000236691	0	0	0	0
ENSG00000236698	141	156	112	96
ENSG00000236700	4	23	5	20
ENSG00000236703	0	0	2	0
ENSG00000236710	0	0	0	1
ENSG00000236719	0	1	0	1
ENSG00000236723	4	3	2	2
ENSG00000236735	0	0	0	1
ENSG00000236739	0	1	0	0
ENSG00000236747	0	0	0	0
ENSG00000236753	35	33	39	39
ENSG00000236754	0	1	1	1
ENSG00000236756	0	4	3	7
ENSG00000236762	0	1	0	0
ENSG00000236773	2	0	0	0
ENSG00000236778	40	40	54	57
ENSG00000236782	0	0	0	0
ENSG00000236790	0	0	0	2
ENSG00000236792	0	0	1	1
ENSG00000236801	27	25	24	17
ENSG00000236809	7	3	4	2
ENSG00000236810	49	54	48	49
ENSG00000236814	11	9	10	9
ENSG00000236816	0	0	1	0
ENSG00000236824	26	74	46	70
ENSG00000236829	4	6	7	7
ENSG00000236830	95	91	109	94
ENSG00000236833	0	0	0	2
ENSG00000236852	0	0	1	0
ENSG00000236859	270	188	262	133
ENSG00000236866	0	1	0	0
ENSG00000236871	3	12	0	7
ENSG00000236876	0	1	0	1
ENSG00000236882	3	2	0	1
ENSG00000236901	59	73	67	58
ENSG00000236905	2	0	0	0
ENSG00000236908	0	0	0	0
ENSG00000236921	0	0	0	0
ENSG00000236928	0	0	2	1
ENSG00000236929	0	0	0	0
ENSG00000236935	88	94	84	68
ENSG00000236936	0	1	0	0
ENSG00000236947	1	1	0	0
ENSG00000236953	0	0	0	0
ENSG00000236969	0	0	0	0
ENSG00000236977	2	0	4	3
ENSG00000236992	2	3	2	1
ENSG00000237004	81	87	42	80
ENSG00000237007	0	0	2	0
ENSG00000237017	2	1	2	3
ENSG00000237036	180	156	164	116
ENSG00000237037	131	131	132	100
ENSG00000237039	1	0	0	0
ENSG00000237054	1	1	1	1
ENSG00000237080	0	1	0	0
ENSG00000237082	0	1	0	0
ENSG00000237094	56	63	37	23
ENSG00000237101	0	0	1	0
ENSG00000237125	0	2	0	0
ENSG00000237126	0	0	0	0
ENSG00000237133	0	0	0	0
ENSG00000237135	9	19	25	23
ENSG00000237149	14	4	15	3
ENSG00000237161	8	18	12	6
ENSG00000237169	3	0	0	0
ENSG00000237172	115	229	108	111
ENSG00000237181	186	319	158	231
ENSG00000237187	0	0	0	0
ENSG00000237188	0	23	3	0
ENSG00000237190	1212	1339	1059	1176
ENSG00000237214	12	7	9	5
ENSG00000237232	3	7	4	5
ENSG00000237238	6	5	7	5
ENSG00000237248	41	25	48	19
ENSG00000237249	0	0	0	0
ENSG00000237260	0	1	0	0
ENSG00000237262	0	0	0	0
ENSG00000237264	0	2	9	2
ENSG00000237265	4	0	0	5
ENSG00000237276	4	12	4	3
ENSG00000237280	0	0	1	0
ENSG00000237281	2	2	1	4
ENSG00000237286	2	0	2	0
ENSG00000237289	16	39	30	22
ENSG00000237296	372	481	376	142
ENSG00000237298	108	148	135	111
ENSG00000237301	0	1	2	0
ENSG00000237307	0	0	1	0
ENSG00000237310	57	65	38	51
ENSG00000237330	0	0	0	0
ENSG00000237343	0	6	1	1
ENSG00000237346	0	0	0	0
ENSG00000237350	31	30	30	29
ENSG00000237352	28	18	27	31
ENSG00000237356	5	3	9	5
ENSG00000237357	17	19	21	6
ENSG00000237359	0	2	0	0
ENSG00000237372	968	628	931	424
ENSG00000237399	12	18	16	8
ENSG00000237402	0	0	0	2
ENSG00000237422	21	26	19	14
ENSG00000237424	192	365	178	318
ENSG00000237429	0	0	2	0
ENSG00000237432	0	0	0	1
ENSG00000237433	0	0	2	0
ENSG00000237434	1	0	0	0
ENSG00000237440	107	109	73	147
ENSG00000237441	471	744	452	563
ENSG00000237451	1	4	0	2
ENSG00000237452	0	3	4	0
ENSG00000237461	0	0	0	1
ENSG00000237463	0	1	2	6
ENSG00000237476	25	21	15	47
ENSG00000237481	0	0	0	0
ENSG00000237489	64	59	55	44
ENSG00000237491	4	13	16	12
ENSG00000237499	43	65	55	67
ENSG00000237505	1	4	4	2
ENSG00000237506	233	221	204	179
ENSG00000237510	270	264	244	186
ENSG00000237512	5	19	9	17
ENSG00000237513	68	63	71	55
ENSG00000237515	5	0	2	0
ENSG00000237517	9	0	2	0
ENSG00000237520	1	2	0	0
ENSG00000237522	7	8	9	9
ENSG00000237525	0	1	0	0
ENSG00000237541	2783	2487	2658	2128
ENSG00000237548	0	0	0	3
ENSG00000237550	16369	16710	15022	13296
ENSG00000237560	0	1	0	0
ENSG00000237580	3	2	0	3
ENSG00000237590	4	0	2	1
ENSG00000237592	0	0	0	0
ENSG00000237594	0	2	0	0
ENSG00000237595	8	9	5	5
ENSG00000237596	0	0	1	0
ENSG00000237605	2	1	4	0
ENSG00000237624	0	6	0	7
ENSG00000237637	5	0	4	13
ENSG00000237638	1	0	0	0
ENSG00000237649	3819	3096	3713	2463
ENSG00000237651	256	327	202	288
ENSG00000237666	0	0	0	0
ENSG00000237668	2	2	2	1
ENSG00000237669	35	35	35	13
ENSG00000237682	1	1	0	1
ENSG00000237686	8	11	21	19
ENSG00000237693	7	7	5	4
ENSG00000237711	0	0	0	0
ENSG00000237714	0	1	1	0
ENSG00000237729	0	2	0	0
ENSG00000237732	7	0	8	1
ENSG00000237749	1	2	2	0
ENSG00000237751	0	0	0	0
ENSG00000237753	41	83	49	54
ENSG00000237757	1	0	0	0
ENSG00000237758	0	2	1	2
ENSG00000237765	226	260	198	304
ENSG00000237766	0	1	0	0
ENSG00000237773	58	26	50	17
ENSG00000237774	0	0	0	1
ENSG00000237788	3	6	2	4
ENSG00000237797	2	0	0	0
ENSG00000237819	19	26	21	18
ENSG00000237821	10	5	10	12
ENSG00000237828	1	2	1	0
ENSG00000237840	11	18	15	22
ENSG00000237842	0	4	1	3
ENSG00000237849	0	0	0	0
ENSG00000237852	0	2	1	4
ENSG00000237854	20	8	12	14
ENSG00000237861	0	1	0	0
ENSG00000237863	57	34	53	14
ENSG00000237868	0	0	0	1
ENSG00000237875	0	0	0	2
ENSG00000237877	0	0	4	2
ENSG00000237879	4	16	7	4
ENSG00000237883	0	0	0	0
ENSG00000237886	0	2	0	3
ENSG00000237892	5	2	3	0
ENSG00000237903	0	0	1	3
ENSG00000237917	7	6	5	6
ENSG00000237920	1	0	0	0
ENSG00000237927	0	0	1	0
ENSG00000237938	0	1	0	0
ENSG00000237940	0	2	1	0
ENSG00000237941	0	0	0	0
ENSG00000237943	804	619	819	396
ENSG00000237945	1281	1050	1021	979
ENSG00000237950	6	8	9	7
ENSG00000237972	0	0	0	0
ENSG00000237973	1103	1372	790	1138
ENSG00000237975	2	0	5	5
ENSG00000237976	81	67	42	31
ENSG00000237977	0	2	0	0
ENSG00000237980	0	0	0	1
ENSG00000237984	13	5	18	20
ENSG00000237987	0	0	0	1
ENSG00000237989	567	894	537	974
ENSG00000238000	41	48	51	45
ENSG00000238003	0	3	0	0
ENSG00000238005	11	15	5	6
ENSG00000238009	7	0	0	5
ENSG00000238018	0	0	0	0
ENSG00000238035	24	23	13	20
ENSG00000238039	1	0	4	1
ENSG00000238045	28	54	48	38
ENSG00000238057	1	3	0	1
ENSG00000238061	0	0	1	0
ENSG00000238062	17	40	24	31
ENSG00000238072	52	47	62	32
ENSG00000238082	0	1	0	1
ENSG00000238083	298	343	314	274
ENSG00000238084	0	3	2	1
ENSG00000238087	0	0	1	0
ENSG00000238094	0	0	0	0
ENSG00000238098	2	5	6	3
ENSG00000238103	18	3	10	11
ENSG00000238105	124	323	141	212
ENSG00000238110	1	0	2	0
ENSG00000238113	20	63	20	33
ENSG00000238120	2	0	0	3
ENSG00000238121	224	233	188	144
ENSG00000238123	10	13	6	10
ENSG00000238133	5	1	7	0
ENSG00000238142	0	0	7	0
ENSG00000238160	8	19	17	21
ENSG00000238164	435	482	384	465
ENSG00000238181	0	0	0	1
ENSG00000238184	0	2	3	2
ENSG00000238197	18	21	10	14
ENSG00000238198	5	2	1	8
ENSG00000238222	0	0	0	0
ENSG00000238227	3766	3288	3223	2646
ENSG00000238228	10	2	4	5
ENSG00000238231	0	0	0	0
ENSG00000238241	6	3	1	7
ENSG00000238247	0	1	2	1
ENSG00000238251	0	0	0	1
ENSG00000238260	1	0	0	3
ENSG00000238267	0	1	0	0
ENSG00000238269	0	0	1	0
ENSG00000238273	14	17	36	29
ENSG00000238279	0	1	0	0
ENSG00000238280	0	0	1	1
ENSG00000238283	0	0	0	0
ENSG00000238286	1	0	1	1
ENSG00000238287	1	4	4	2
ENSG00000238622	0	0	0	0
ENSG00000238741	0	1	2	0
ENSG00000238795	0	5	1	0
ENSG00000238917	0	0	2	0
ENSG00000239002	0	0	0	0
ENSG00000239039	2	0	0	0
ENSG00000239183	0	1	0	0
ENSG00000239201	0	0	0	0
ENSG00000239203	1	7	1	2
ENSG00000239213	201	250	215	224
ENSG00000239218	0	0	4	0
ENSG00000239224	0	1	0	0
ENSG00000239246	3	2	2	0
ENSG00000239247	2	3	1	0
ENSG00000239257	4	18	12	20
ENSG00000239264	6301	7669	5811	5884
ENSG00000239269	1	0	2	0
ENSG00000239272	0	0	0	0
ENSG00000239280	0	0	2	2
ENSG00000239282	276	264	224	241
ENSG00000239291	4	2	6	3
ENSG00000239300	0	0	0	2
ENSG00000239305	712	940	616	714
ENSG00000239306	4337	5450	4389	4255
ENSG00000239322	0	2	0	7
ENSG00000239332	8	3	6	2
ENSG00000239351	0	2	1	0
ENSG00000239382	648	674	688	616
ENSG00000239405	0	0	0	1
ENSG00000239407	28	43	12	22
ENSG00000239415	1	4	4	3
ENSG00000239419	0	0	1	3
ENSG00000239435	0	0	5	0
ENSG00000239455	0	0	0	0
ENSG00000239467	0	4	1	4
ENSG00000239470	1	0	1	0
ENSG00000239474	0	3	4	0
ENSG00000239494	1	0	0	0
ENSG00000239521	141	135	172	125
ENSG00000239523	13	11	12	13
ENSG00000239556	20	2	9	6
ENSG00000239557	4	2	3	4
ENSG00000239559	0	0	0	0
ENSG00000239569	13	25	26	27
ENSG00000239570	0	0	1	0
ENSG00000239577	0	0	0	1
ENSG00000239605	0	0	4	0
ENSG00000239614	4	0	2	0
ENSG00000239617	8	7	1	3
ENSG00000239626	25	29	12	14
ENSG00000239636	223	227	223	158
ENSG00000239650	0	3	0	0
ENSG00000239653	29	49	38	40
ENSG00000239665	57	51	50	33
ENSG00000239672	9205	9769	7865	7669
ENSG00000239697	2777	2435	2605	1956
ENSG00000239701	0	0	0	1
ENSG00000239704	2	67	54	20
ENSG00000239705	0	1	0	0
ENSG00000239713	8015	6721	6561	6251
ENSG00000239732	0	10	0	8
ENSG00000239736	0	0	0	3
ENSG00000239763	5	1	1	2
ENSG00000239774	2	0	0	2
ENSG00000239775	2	0	3	0
ENSG00000239779	1690	1365	1309	1180
ENSG00000239789	937	1013	865	906
ENSG00000239791	3	10	10	1
ENSG00000239797	1	0	0	1
ENSG00000239801	0	0	0	4
ENSG00000239827	2	7	9	8
ENSG00000239830	1	1	0	0
ENSG00000239835	0	0	0	1
ENSG00000239857	1511	1785	1576	1357
ENSG00000239880	18	22	2	19
ENSG00000239883	30	44	36	48
ENSG00000239887	5	1	0	1
ENSG00000239900	5292	5326	4511	4132
ENSG00000239906	4	1	0	1
ENSG00000239908	0	0	0	2
ENSG00000239911	193	193	175	137
ENSG00000239912	0	0	0	0
ENSG00000239917	1	0	0	0
ENSG00000239919	0	1	0	0
ENSG00000239930	0	0	1	0
ENSG00000239942	1	0	0	0
ENSG00000239945	13	1	15	1
ENSG00000239953	0	0	0	1
ENSG00000239959	0	0	0	0
ENSG00000239969	34	51	40	77
ENSG00000239985	0	0	3	2
ENSG00000239998	10	10	13	23
ENSG00000240005	4	0	4	0
ENSG00000240015	0	0	1	0
ENSG00000240023	0	0	0	1
ENSG00000240024	569	665	449	498
ENSG00000240036	11	9	9	8
ENSG00000240038	10	18	17	15
ENSG00000240048	0	0	0	1
ENSG00000240053	40	182	54	92
ENSG00000240057	29	24	38	19
ENSG00000240063	0	3	0	1
ENSG00000240065	7506	6851	5943	6133
ENSG00000240087	43	65	53	59
ENSG00000240132	1	0	0	0
ENSG00000240135	0	0	0	0
ENSG00000240137	19	22	27	24
ENSG00000240143	6	3	1	0
ENSG00000240184	31	63	13	91
ENSG00000240204	96	121	53	121
ENSG00000240207	1	3	4	10
ENSG00000240211	0	0	1	2
ENSG00000240225	1	0	0	2
ENSG00000240230	768	714	648	507
ENSG00000240233	0	0	0	1
ENSG00000240238	0	0	0	0
ENSG00000240240	0	2	2	2
ENSG00000240253	1	10	0	2
ENSG00000240288	22	48	45	23
ENSG00000240291	21	30	18	14
ENSG00000240303	372	752	417	448
ENSG00000240322	0	2	2	3
ENSG00000240342	23292	22766	20010	17602
ENSG00000240344	715	801	674	624
ENSG00000240350	1016	1085	1023	1050
ENSG00000240356	240	260	185	229
ENSG00000240370	101	96	92	114
ENSG00000240371	1	1	0	0
ENSG00000240376	10	12	13	7
ENSG00000240386	1	0	0	0
ENSG00000240395	2	1	5	1
ENSG00000240399	1	0	5	1
ENSG00000240401	4	1	0	0
ENSG00000240423	0	0	1	0
ENSG00000240429	15	22	14	31
ENSG00000240441	0	1	0	0
ENSG00000240445	87	96	90	32
ENSG00000240449	4	0	2	1
ENSG00000240463	1	2	1	1
ENSG00000240487	0	0	1	0
ENSG00000240489	32	34	37	24
ENSG00000240497	0	2	0	2
ENSG00000240498	55	26	32	13
ENSG00000240505	25	3	1	10
ENSG00000240509	6	4	5	6
ENSG00000240527	3	6	7	14
ENSG00000240535	0	1	6	0
ENSG00000240583	0	0	0	0
ENSG00000240591	1	0	1	1
ENSG00000240616	4	3	4	1
ENSG00000240625	1	1	1	0
ENSG00000240634	0	1	1	0
ENSG00000240668	0	0	1	1
ENSG00000240674	1	0	1	0
ENSG00000240682	3594	3466	3268	2688
ENSG00000240687	28	0	18	0
ENSG00000240694	0	0	0	0
ENSG00000240695	1	9	2	2
ENSG00000240720	0	0	0	0
ENSG00000240721	0	1	0	0
ENSG00000240729	1	0	2	0
ENSG00000240731	5	1	3	3
ENSG00000240747	2	0	0	5
ENSG00000240750	1	0	1	1
ENSG00000240758	5	2	0	2
ENSG00000240764	0	0	1	0
ENSG00000240767	0	0	2	0
ENSG00000240770	0	0	1	0
ENSG00000240771	109	54	49	38
ENSG00000240776	0	0	1	0
ENSG00000240787	0	3	0	0
ENSG00000240801	0	0	0	0
ENSG00000240809	0	2	1	0
ENSG00000240821	2	12	0	9
ENSG00000240823	3	0	0	0
ENSG00000240849	1640	1640	1473	1399
ENSG00000240854	0	0	0	0
ENSG00000240857	744	758	612	660
ENSG00000240859	8	0	17	3
ENSG00000240869	0	0	0	0
ENSG00000240875	19	28	41	7
ENSG00000240877	0	2	1	0
ENSG00000240889	54	46	37	36
ENSG00000240891	1081	1178	1133	918
ENSG00000240898	0	0	2	1
ENSG00000240914	0	0	2	0
ENSG00000240950	0	0	0	2
ENSG00000240963	0	1	0	0
ENSG00000240972	19021	19311	17824	16115
ENSG00000240979	10	0	4	4
ENSG00000240990	0	2	0	0
ENSG00000240996	0	0	0	0
ENSG00000241007	0	1	0	0
ENSG00000241014	0	11	3	13
ENSG00000241015	341	430	330	309
ENSG00000241020	4	6	1	2
ENSG00000241030	0	0	0	1
ENSG00000241058	361	469	340	399
ENSG00000241061	1	2	2	0
ENSG00000241081	5	4	3	2
ENSG00000241095	2	5	3	2
ENSG00000241106	29	54	27	33
ENSG00000241112	3	3	2	2
ENSG00000241120	0	1	1	0
ENSG00000241127	145	190	138	175
ENSG00000241134	0	0	1	0
ENSG00000241135	9	10	2	1
ENSG00000241155	5	8	2	2
ENSG00000241157	0	0	1	0
ENSG00000241163	52	80	75	43
ENSG00000241170	6	14	5	9
ENSG00000241188	0	0	1	0
ENSG00000241211	0	0	0	0
ENSG00000241217	0	0	0	1
ENSG00000241255	5	8	6	1
ENSG00000241258	1777	1736	1389	1438
ENSG00000241269	0	0	0	0
ENSG00000241280	9	15	1	17
ENSG00000241288	1	1	1	1
ENSG00000241293	4	4	5	1
ENSG00000241313	19	6	12	10
ENSG00000241316	15	14	13	11
ENSG00000241322	0	0	0	0
ENSG00000241343	19986	26694	16594	25260
ENSG00000241352	0	1	1	0
ENSG00000241354	0	0	0	1
ENSG00000241360	1739	2085	1416	1885
ENSG00000241362	0	0	0	0
ENSG00000241370	356	496	376	426
ENSG00000241395	0	0	2	0
ENSG00000241399	58	39	68	38
ENSG00000241404	14	52	35	37
ENSG00000241418	0	3	1	0
ENSG00000241458	0	0	0	1
ENSG00000241468	4508	4850	4259	3889
ENSG00000241472	38	60	48	61
ENSG00000241478	1	0	0	1
ENSG00000241484	8	13	17	2
ENSG00000241489	19	53	67	51
ENSG00000241490	68	55	53	28
ENSG00000241494	0	1	3	0
ENSG00000241506	612	825	670	519
ENSG00000241511	0	1	0	0
ENSG00000241520	0	1	0	1
ENSG00000241529	0	0	0	0
ENSG00000241535	1	1	1	0
ENSG00000241547	6	0	3	5
ENSG00000241549	22	15	13	10
ENSG00000241553	17558	16369	15356	14021
ENSG00000241556	0	8	2	1
ENSG00000241560	4	5	9	2
ENSG00000241563	2	7	12	1
ENSG00000241570	0	2	1	1
ENSG00000241596	0	0	1	0
ENSG00000241597	0	1	0	0
ENSG00000241612	1	0	0	1
ENSG00000241621	0	0	2	0
ENSG00000241627	8	17	10	12
ENSG00000241634	19	17	19	12
ENSG00000241651	0	0	0	2
ENSG00000241666	19	22	17	21
ENSG00000241671	0	0	1	0
ENSG00000241678	1	0	3	1
ENSG00000241679	0	1	1	0
ENSG00000241685	2470	3257	2018	2841
ENSG00000241696	1	7	0	5
ENSG00000241697	0	4	0	0
ENSG00000241717	0	0	0	0
ENSG00000241728	16	16	8	0
ENSG00000241735	0	0	0	2
ENSG00000241741	17	12	14	5
ENSG00000241764	97	102	111	96
ENSG00000241765	0	1	1	0
ENSG00000241769	19	27	15	13
ENSG00000241770	2	0	0	1
ENSG00000241772	0	1	0	2
ENSG00000241837	4851	4972	4179	4384
ENSG00000241838	0	0	0	0
ENSG00000241839	1856	1833	1631	1668
ENSG00000241852	313	228	237	187
ENSG00000241859	3	1	0	0
ENSG00000241860	17	38	21	20
ENSG00000241878	1074	1237	959	990
ENSG00000241886	0	1	0	6
ENSG00000241889	3	3	0	1
ENSG00000241913	0	1	0	0
ENSG00000241923	1	2	1	2
ENSG00000241933	0	2	0	0
ENSG00000241935	11	20	8	47
ENSG00000241945	1973	2157	1722	1704
ENSG00000241962	4	7	6	5
ENSG00000241963	0	0	0	0
ENSG00000241973	5439	5690	4904	5029
ENSG00000241975	2	4	1	5
ENSG00000241978	10439	8662	8043	5851
ENSG00000241990	193	205	169	195
ENSG00000242017	0	1	0	0
ENSG00000242028	153	249	194	181
ENSG00000242060	0	0	0	0
ENSG00000242067	1	0	0	0
ENSG00000242071	200	207	220	156
ENSG00000242073	42	26	45	37
ENSG00000242082	1	1	4	2
ENSG00000242083	4	1	0	2
ENSG00000242085	3	1	0	2
ENSG00000242086	585	776	568	625
ENSG00000242094	0	0	1	0
ENSG00000242107	0	0	0	0
ENSG00000242110	497	528	446	468
ENSG00000242114	3018	3165	2890	2572
ENSG00000242125	959	2144	1149	1565
ENSG00000242142	0	0	1	0
ENSG00000242147	0	0	0	2
ENSG00000242156	0	3	0	0
ENSG00000242170	0	3	1	0
ENSG00000242208	0	0	0	0
ENSG00000242220	1	7	3	1
ENSG00000242242	0	0	0	0
ENSG00000242247	1822	1862	1526	1664
ENSG00000242248	0	0	0	1
ENSG00000242252	3	15	9	6
ENSG00000242258	46	78	49	47
ENSG00000242259	1135	998	916	929
ENSG00000242262	3	1	3	4
ENSG00000242265	7	23	4	362
ENSG00000242267	0	0	0	0
ENSG00000242279	0	4	1	1
ENSG00000242282	3	3	5	2
ENSG00000242288	42	93	25	23
ENSG00000242294	80	137	76	105
ENSG00000242299	87	54	73	46
ENSG00000242338	22	8	12	14
ENSG00000242352	1	3	2	0
ENSG00000242366	0	0	0	1
ENSG00000242372	4371	4233	3735	3446
ENSG00000242375	7	6	10	6
ENSG00000242396	52	32	44	19
ENSG00000242412	0	0	1	0
ENSG00000242419	0	0	0	0
ENSG00000242441	0	1	0	0
ENSG00000242444	0	1	0	5
ENSG00000242445	1	0	1	5
ENSG00000242457	3	1	0	4
ENSG00000242473	173	150	174	88
ENSG00000242474	10	16	9	6
ENSG00000242477	1	7	1	2
ENSG00000242479	1	2	0	0
ENSG00000242485	2968	3247	2551	2531
ENSG00000242493	3	0	0	0
ENSG00000242498	0	0	0	0
ENSG00000242525	2	0	0	0
ENSG00000242539	5	9	2	7
ENSG00000242550	0	0	1	0
ENSG00000242551	2	0	0	1
ENSG00000242553	5	9	0	5
ENSG00000242559	0	3	0	0
ENSG00000242562	1	0	0	0
ENSG00000242571	0	0	0	1
ENSG00000242574	4190	3692	4056	3225
ENSG00000242575	0	0	0	0
ENSG00000242583	2	8	0	0
ENSG00000242588	68	135	116	91
ENSG00000242590	10	4	14	3
ENSG00000242612	111	167	75	121
ENSG00000242615	13	0	15	0
ENSG00000242616	1645	1970	1670	1702
ENSG00000242622	14	18	11	3
ENSG00000242628	0	0	1	0
ENSG00000242689	20	53	25	31
ENSG00000242692	0	0	0	0
ENSG00000242697	4	8	7	3
ENSG00000242715	1	5	1	0
ENSG00000242732	11	12	19	14
ENSG00000242735	0	8	11	2
ENSG00000242737	0	0	1	0
ENSG00000242759	2	0	0	0
ENSG00000242767	1	0	0	0
ENSG00000242779	2	0	4	0
ENSG00000242797	0	0	6	0
ENSG00000242798	0	3	1	0
ENSG00000242802	1292	1237	1188	1064
ENSG00000242808	3	3	2	1
ENSG00000242814	1	1	0	0
ENSG00000242829	3	0	0	0
ENSG00000242836	0	0	0	0
ENSG00000242849	0	0	0	1
ENSG00000242852	0	0	0	0
ENSG00000242853	0	3	0	1
ENSG00000242858	0	0	0	0
ENSG00000242861	1	4	3	3
ENSG00000242866	0	1	0	0
ENSG00000242931	0	5	0	0
ENSG00000242951	6	2	0	1
ENSG00000242952	0	0	0	0
ENSG00000242960	4	0	2	2
ENSG00000242968	0	1	0	0
ENSG00000242970	4	1	0	0
ENSG00000242971	0	0	0	1
ENSG00000243004	0	0	1	3
ENSG00000243007	0	0	0	1
ENSG00000243008	12	38	26	24
ENSG00000243014	1	0	0	0
ENSG00000243015	0	1	0	0
ENSG00000243024	0	1	0	5
ENSG00000243033	0	0	0	0
ENSG00000243056	102	114	82	98
ENSG00000243071	1	3	0	6
ENSG00000243094	0	3	1	0
ENSG00000243103	0	0	2	0
ENSG00000243107	0	2	3	1
ENSG00000243116	0	3	0	0
ENSG00000243147	909	1166	885	1041
ENSG00000243150	0	3	3	0
ENSG00000243155	16	15	12	10
ENSG00000243156	2522	2664	2256	1810
ENSG00000243175	0	0	0	1
ENSG00000243176	2	1	5	0
ENSG00000243181	0	1	0	1
ENSG00000243199	163	139	120	99
ENSG00000243207	26	54	0	15
ENSG00000243224	15	28	17	25
ENSG00000243225	0	0	0	1
ENSG00000243232	19	22	0	0
ENSG00000243244	1163	991	1222	613
ENSG00000243260	2	2	0	0
ENSG00000243267	0	0	0	2
ENSG00000243279	997	1124	781	1398
ENSG00000243280	1	0	0	0
ENSG00000243284	0	0	1	0
ENSG00000243289	0	0	1	0
ENSG00000243302	79	93	88	98
ENSG00000243304	0	0	1	0
ENSG00000243312	1	0	0	0
ENSG00000243317	1816	1894	1785	1671
ENSG00000243323	4	28	7	13
ENSG00000243335	417	432	389	331
ENSG00000243353	0	0	1	0
ENSG00000243364	141	99	131	102
ENSG00000243368	0	0	0	0
ENSG00000243370	0	0	0	0
ENSG00000243389	0	1	0	0
ENSG00000243406	112	162	120	123
ENSG00000243410	0	1	1	0
ENSG00000243414	19	194	11	52
ENSG00000243417	3	1	3	1
ENSG00000243422	0	2	0	0
ENSG00000243431	0	1	0	1
ENSG00000243445	0	2	0	0
ENSG00000243449	583	535	551	461
ENSG00000243468	0	7	3	9
ENSG00000243477	961	1032	813	833
ENSG00000243491	2	13	6	9
ENSG00000243494	0	1	0	0
ENSG00000243501	0	0	0	3
ENSG00000243504	0	0	2	0
ENSG00000243508	0	0	0	0
ENSG00000243509	11	24	19	7
ENSG00000243517	0	3	2	4
ENSG00000243532	0	0	1	0
ENSG00000243538	0	0	0	0
ENSG00000243544	1	10	1	0
ENSG00000243547	48	34	47	28
ENSG00000243554	5	3	1	2
ENSG00000243560	0	2	0	0
ENSG00000243568	0	1	0	1
ENSG00000243613	0	0	0	0
ENSG00000243627	0	0	0	0
ENSG00000243629	12	18	22	31
ENSG00000243646	819	1064	819	1049
ENSG00000243649	0	2	0	25
ENSG00000243650	2	0	2	4
ENSG00000243660	33	37	44	32
ENSG00000243667	660	611	567	477
ENSG00000243678	14992	15246	13190	11977
ENSG00000243679	103	92	116	69
ENSG00000243680	1	2	3	2
ENSG00000243686	1	2	0	1
ENSG00000243696	52	141	108	96
ENSG00000243701	161	148	152	126
ENSG00000243708	25	101	39	57
ENSG00000243709	0	2	0	0
ENSG00000243710	446	145	178	11
ENSG00000243716	1471	2083	1649	1609
ENSG00000243725	1902	1932	1569	1367
ENSG00000243738	1	1	0	0
ENSG00000243742	1	2	2	1
ENSG00000243746	2	2	1	1
ENSG00000243749	864	674	790	622
ENSG00000243753	41	64	39	37
ENSG00000243759	2	2	1	0
ENSG00000243762	0	0	1	0
ENSG00000243766	0	0	0	0
ENSG00000243772	1911	1214	2028	845
ENSG00000243777	0	2	0	0
ENSG00000243789	297	311	268	248
ENSG00000243799	1	0	0	0
ENSG00000243802	2	0	2	1
ENSG00000243806	0	0	0	0
ENSG00000243811	1737	1403	1394	1249
ENSG00000243818	0	1	0	0
ENSG00000243819	5	12	6	8
ENSG00000243824	0	0	1	1
ENSG00000243829	3	4	6	1
ENSG00000243836	0	1	0	0
ENSG00000243859	0	1	2	3
ENSG00000243888	0	0	8	13
ENSG00000243896	3	10	9	3
ENSG00000243902	0	0	3	0
ENSG00000243904	0	3	0	0
ENSG00000243910	0	0	1	0
ENSG00000243926	49	46	47	43
ENSG00000243927	4457	4502	3415	4321
ENSG00000243943	924	1070	875	816
ENSG00000243960	0	7	5	1
ENSG00000243964	3	1	0	0
ENSG00000243970	6	12	2	7
ENSG00000243974	1	0	0	0
ENSG00000243978	0	0	2	3
ENSG00000243979	1	0	0	0
ENSG00000243989	1913	1744	1799	1339
ENSG00000244005	966	1142	818	811
ENSG00000244009	0	1	0	0
ENSG00000244021	1	2	3	2
ENSG00000244026	297	289	274	232
ENSG00000244038	10827	10874	9269	9444
ENSG00000244040	2	2	0	2
ENSG00000244041	30	43	22	21
ENSG00000244045	889	924	766	812
ENSG00000244052	0	0	0	0
ENSG00000244055	2	5	0	4
ENSG00000244063	0	0	1	2
ENSG00000244073	2	1	2	0
ENSG00000244086	0	0	0	1
ENSG00000244097	0	1	0	1
ENSG00000244115	370	305	288	331
ENSG00000244119	1	4	2	3
ENSG00000244130	0	0	0	0
ENSG00000244151	3	7	2	5
ENSG00000244153	0	0	0	1
ENSG00000244165	474	473	410	280
ENSG00000244171	1	3	4	2
ENSG00000244184	3	8	4	9
ENSG00000244187	920	771	841	642
ENSG00000244198	455	476	379	295
ENSG00000244218	0	0	2	0
ENSG00000244219	10	11	9	19
ENSG00000244232	0	0	0	2
ENSG00000244239	8	2	5	1
ENSG00000244242	2	6	0	9
ENSG00000244245	2	0	0	0
ENSG00000244256	0	0	0	4
ENSG00000244257	51	323	207	336
ENSG00000244260	1	0	0	0
ENSG00000244265	1	0	0	2
ENSG00000244267	0	0	3	1
ENSG00000244268	0	0	2	0
ENSG00000244270	175	174	134	134
ENSG00000244273	0	2	0	0
ENSG00000244274	97	175	70	144
ENSG00000244300	33	98	11	169
ENSG00000244306	0	0	0	0
ENSG00000244310	0	0	1	0
ENSG00000244313	144	110	116	108
ENSG00000244327	4	0	1	2
ENSG00000244345	0	0	0	0
ENSG00000244346	0	0	1	0
ENSG00000244355	1	0	0	0
ENSG00000244357	0	1	1	0
ENSG00000244363	28	15	17	15
ENSG00000244378	0	1	0	1
ENSG00000244380	8	5	7	7
ENSG00000244381	0	1	0	0
ENSG00000244398	1290	1843	1029	1542
ENSG00000244405	111	313	81	194
ENSG00000244411	0	1	0	0
ENSG00000244414	204	1291	364	845
ENSG00000244457	241	102	194	144
ENSG00000244459	17	19	11	13
ENSG00000244461	0	0	0	1
ENSG00000244462	7606	7801	6640	6066
ENSG00000244471	1	0	1	0
ENSG00000244479	116	46	35	77
ENSG00000244480	6	1	6	1
ENSG00000244482	30	63	20	40
ENSG00000244486	21	33	22	46
ENSG00000244490	2	0	5	0
ENSG00000244491	0	0	0	2
ENSG00000244502	0	4	2	2
ENSG00000244509	13652	13027	11545	12479
ENSG00000244513	10	7	5	7
ENSG00000244528	12	9	5	7
ENSG00000244558	0	0	4	1
ENSG00000244560	9	59	23	21
ENSG00000244563	53	41	31	8
ENSG00000244578	0	1	0	0
ENSG00000244582	1	0	0	1
ENSG00000244586	2	2	0	0
ENSG00000244607	20	13	4	15
ENSG00000244617	30	19	35	8
ENSG00000244618	0	0	0	2
ENSG00000244620	0	2	0	0
ENSG00000244623	3	1	3	1
ENSG00000244625	97	80	80	90
ENSG00000244627	82	92	51	93
ENSG00000244649	110	121	114	86
ENSG00000244668	0	0	0	1
ENSG00000244675	0	0	0	0
ENSG00000244676	1	9	1	2
ENSG00000244682	0	4	2	0
ENSG00000244687	10109	9142	8392	7465
ENSG00000244693	16	22	18	24
ENSG00000244694	9	0	0	2
ENSG00000244699	0	0	1	0
ENSG00000244701	40	39	57	16
ENSG00000244710	0	0	0	1
ENSG00000244716	211	199	151	140
ENSG00000244720	2	2	21	14
ENSG00000244722	0	0	1	0
ENSG00000244731	24	36	36	11
ENSG00000244733	3	9	13	9
ENSG00000244752	3	1	4	0
ENSG00000244754	1681	1649	1513	1243
ENSG00000244791	0	0	0	0
ENSG00000244879	246	446	311	401
ENSG00000244932	0	0	0	0
ENSG00000244952	0	0	0	0
ENSG00000244968	5	9	5	5
ENSG00000244998	1	0	0	1
ENSG00000245017	2	2	0	4
ENSG00000245025	82	84	100	76
ENSG00000245059	0	0	0	0
ENSG00000245060	338	292	356	315
ENSG00000245080	0	0	1	0
ENSG00000245105	0	0	0	0
ENSG00000245112	2	0	0	7
ENSG00000245146	9	22	13	18
ENSG00000245149	5	44	12	12
ENSG00000245156	1	0	2	0
ENSG00000245164	20	12	30	17
ENSG00000245205	2	0	2	1
ENSG00000245213	20	55	21	20
ENSG00000245248	27	34	14	12
ENSG00000245261	14	23	12	10
ENSG00000245275	5	4	1	0
ENSG00000245281	9	1	4	12
ENSG00000245317	19	29	34	27
ENSG00000245322	2	0	4	1
ENSG00000245385	0	0	0	1
ENSG00000245466	0	0	0	1
ENSG00000245468	1	1	1	2
ENSG00000245479	3	0	1	3
ENSG00000245498	15	2	14	6
ENSG00000245522	14	11	10	9
ENSG00000245526	4	25	8	20
ENSG00000245532	2075	6351	3405	5348
ENSG00000245534	13	15	6	3
ENSG00000245552	3	6	1	2
ENSG00000245556	161	199	141	161
ENSG00000245571	123	133	105	130
ENSG00000245573	6	6	8	8
ENSG00000245598	0	0	0	0
ENSG00000245614	19	13	14	6
ENSG00000245648	77	27	79	14
ENSG00000245662	7	8	6	4
ENSG00000245680	65	27	18	37
ENSG00000245685	0	1	0	1
ENSG00000245688	0	1	0	0
ENSG00000245694	622	645	571	447
ENSG00000245748	10	6	5	2
ENSG00000245750	0	0	1	0
ENSG00000245768	0	0	1	0
ENSG00000245812	0	0	2	0
ENSG00000245848	228	613	209	767
ENSG00000245849	54	72	66	49
ENSG00000245888	6	4	2	0
ENSG00000245904	25	20	30	14
ENSG00000245910	1717	1717	1523	1324
ENSG00000245937	578	605	442	475
ENSG00000245954	54	7	40	8
ENSG00000245958	190	259	197	182
ENSG00000245970	0	1	0	0
ENSG00000245975	3	2	1	1
ENSG00000246016	0	0	0	1
ENSG00000246067	190	206	150	159
ENSG00000246082	0	0	0	0
ENSG00000246084	18	3	14	2
ENSG00000246089	125	168	95	120
ENSG00000246090	3	5	0	1
ENSG00000246095	0	0	1	0
ENSG00000246100	47	185	17	183
ENSG00000246130	0	0	0	2
ENSG00000246145	1	3	2	1
ENSG00000246174	55	71	67	43
ENSG00000246211	0	0	0	0
ENSG00000246223	13	7	21	1
ENSG00000246225	6	4	4	2
ENSG00000246263	49	78	44	66
ENSG00000246273	119	81	77	75
ENSG00000246283	4	9	6	0
ENSG00000246323	0	8	2	4
ENSG00000246339	0	3	1	9
ENSG00000246363	18	52	18	92
ENSG00000246366	1	1	1	0
ENSG00000246375	0	0	3	0
ENSG00000246451	1	0	2	0
ENSG00000246465	0	0	3	4
ENSG00000246477	0	0	0	2
ENSG00000246523	0	0	0	0
ENSG00000246526	93	100	96	108
ENSG00000246528	2	2	0	0
ENSG00000246548	2	1	2	2
ENSG00000246560	12	3	7	5
ENSG00000246582	70	111	46	123
ENSG00000246596	14	18	23	12
ENSG00000246627	0	0	3	0
ENSG00000246695	0	0	0	0
ENSG00000246705	1067	1315	940	1096
ENSG00000246731	0	4	0	2
ENSG00000246740	0	2	0	0
ENSG00000246763	0	0	1	2
ENSG00000246777	0	0	1	0
ENSG00000246790	1	7	0	3
ENSG00000246792	1	10	4	5
ENSG00000246859	7	13	5	2
ENSG00000246863	3	0	0	0
ENSG00000246877	0	0	0	2
ENSG00000246889	5	2	3	1
ENSG00000246898	110	95	107	84
ENSG00000246922	13	67	42	65
ENSG00000246982	4	7	4	1
ENSG00000246985	77	58	69	35
ENSG00000247011	5	0	1	2
ENSG00000247033	0	0	1	3
ENSG00000247049	0	0	1	0
ENSG00000247077	4114	4824	3257	3693
ENSG00000247081	1	4	5	0
ENSG00000247092	181	253	131	202
ENSG00000247095	299	301	370	345
ENSG00000247121	73	77	58	64
ENSG00000247134	32	16	11	17
ENSG00000247137	21	22	11	22
ENSG00000247151	18	18	10	14
ENSG00000247157	4	1	5	1
ENSG00000247193	3	5	6	4
ENSG00000247199	0	0	0	1
ENSG00000247228	0	2	1	1
ENSG00000247240	294	269	281	214
ENSG00000247271	123	225	101	162
ENSG00000247287	18	20	16	13
ENSG00000247315	1751	1574	1480	1196
ENSG00000247317	0	1	0	1
ENSG00000247324	0	0	1	0
ENSG00000247345	0	3	0	0
ENSG00000247363	20	17	15	12
ENSG00000247373	14	10	11	14
ENSG00000247381	5	7	3	1
ENSG00000247400	43	56	63	65
ENSG00000247516	79	96	69	95
ENSG00000247556	12888	12447	11763	9037
ENSG00000247572	114	132	108	95
ENSG00000247595	8	6	7	5
ENSG00000247596	11227	9314	9242	8041
ENSG00000247626	1192	1313	1116	992
ENSG00000247627	1	0	1	0
ENSG00000247675	3	5	1	4
ENSG00000247679	16	37	9	16
ENSG00000247708	55	55	53	43
ENSG00000247728	13	20	17	24
ENSG00000247735	14	14	12	5
ENSG00000247746	31	25	49	40
ENSG00000247765	3	8	2	2
ENSG00000247774	1440	835	1279	793
ENSG00000247796	151	140	117	71
ENSG00000247828	45	72	45	39
ENSG00000247853	10	16	3	17
ENSG00000247877	1	3	3	2
ENSG00000247903	0	1	0	2
ENSG00000247925	0	0	1	1
ENSG00000247934	9	7	9	4
ENSG00000247950	12	15	13	13
ENSG00000247970	1	1	2	0
ENSG00000247982	3	7	5	37
ENSG00000247993	0	1	0	0
ENSG00000248008	141	162	153	104
ENSG00000248015	17	27	9	25
ENSG00000248019	12	22	13	20
ENSG00000248049	325	301	275	188
ENSG00000248092	631	821	636	775
ENSG00000248098	1722	1811	1866	1674
ENSG00000248099	44	33	34	23
ENSG00000248101	5	0	19	25
ENSG00000248113	2	1	2	1
ENSG00000248124	115	177	130	99
ENSG00000248126	2	3	1	1
ENSG00000248127	5	2	0	2
ENSG00000248159	0	0	0	1
ENSG00000248161	21	9	7	11
ENSG00000248167	4	0	0	14
ENSG00000248180	2	2	0	1
ENSG00000248208	0	2	0	0
ENSG00000248223	1	1	2	0
ENSG00000248235	0	0	0	3
ENSG00000248243	11	3	3	6
ENSG00000248265	0	0	0	3
ENSG00000248275	202	225	184	199
ENSG00000248278	2	2	2	5
ENSG00000248283	1	0	0	0
ENSG00000248290	0	0	0	0
ENSG00000248323	188	306	201	300
ENSG00000248333	3916	4138	3603	3429
ENSG00000248334	3	0	0	0
ENSG00000248360	1	5	0	13
ENSG00000248367	1	2	0	6
ENSG00000248373	0	1	0	3
ENSG00000248385	0	0	0	0
ENSG00000248394	0	1	0	1
ENSG00000248405	0	4	5	14
ENSG00000248406	0	2	0	0
ENSG00000248429	1	1	0	2
ENSG00000248432	0	0	0	0
ENSG00000248445	0	3	3	0
ENSG00000248449	0	1	0	3
ENSG00000248452	0	2	2	2
ENSG00000248466	0	0	1	0
ENSG00000248468	0	1	0	0
ENSG00000248472	20	11	0	6
ENSG00000248473	0	0	0	1
ENSG00000248476	0	4	2	3
ENSG00000248477	0	3	1	1
ENSG00000248483	2	8	8	1
ENSG00000248487	714	731	656	592
ENSG00000248493	0	0	0	1
ENSG00000248503	21	38	18	42
ENSG00000248508	76	117	62	84
ENSG00000248510	0	1	2	1
ENSG00000248527	10937	15016	8643	13181
ENSG00000248538	0	3	0	2
ENSG00000248540	8	3	9	3
ENSG00000248544	4	1	1	1
ENSG00000248554	0	3	1	1
ENSG00000248559	0	0	0	0
ENSG00000248568	0	0	0	0
ENSG00000248569	1	1	3	1
ENSG00000248572	0	0	0	0
ENSG00000248578	0	1	5	0
ENSG00000248583	0	0	0	1
ENSG00000248592	383	538	401	468
ENSG00000248593	97	102	108	104
ENSG00000248610	0	1	0	0
ENSG00000248626	0	0	0	1
ENSG00000248636	1	0	0	1
ENSG00000248639	0	0	0	4
ENSG00000248641	1	1	0	4
ENSG00000248643	215	106	126	79
ENSG00000248664	0	1	1	0
ENSG00000248668	1	2	0	2
ENSG00000248671	0	2	1	5
ENSG00000248672	19	21	38	47
ENSG00000248677	0	0	0	0
ENSG00000248690	3	0	1	0
ENSG00000248693	0	0	0	0
ENSG00000248710	0	0	5	0
ENSG00000248712	2	2	1	2
ENSG00000248713	0	0	0	0
ENSG00000248714	2	0	2	2
ENSG00000248719	0	0	0	0
ENSG00000248724	4	3	2	0
ENSG00000248734	0	0	3	1
ENSG00000248738	4	1	5	1
ENSG00000248746	2	1	2	2
ENSG00000248751	26	16	15	11
ENSG00000248773	1	0	0	0
ENSG00000248774	0	1	2	2
ENSG00000248780	0	0	0	0
ENSG00000248785	0	0	0	0
ENSG00000248787	0	0	0	0
ENSG00000248791	0	1	0	0
ENSG00000248795	1	0	0	1
ENSG00000248827	0	1	0	0
ENSG00000248858	1	0	1	0
ENSG00000248863	0	0	2	2
ENSG00000248866	70	47	47	26
ENSG00000248871	174	153	123	108
ENSG00000248873	2	4	4	2
ENSG00000248881	0	1	0	2
ENSG00000248919	371	370	318	418
ENSG00000248925	2	0	4	7
ENSG00000248930	0	0	0	0
ENSG00000248932	32	23	22	24
ENSG00000248936	1	0	0	0
ENSG00000248949	0	0	0	0
ENSG00000248964	3	0	0	0
ENSG00000248966	2	0	0	0
ENSG00000248971	6	7	9	6
ENSG00000248980	0	5	12	1
ENSG00000248993	7	0	2	0
ENSG00000248996	0	0	0	2
ENSG00000249001	0	1	0	0
ENSG00000249007	0	0	0	0
ENSG00000249014	4	4	1	6
ENSG00000249021	0	0	0	0
ENSG00000249026	1	3	0	0
ENSG00000249042	10	30	0	5
ENSG00000249055	1	3	0	0
ENSG00000249069	0	0	0	0
ENSG00000249087	9	32	11	11
ENSG00000249096	2	6	14	1
ENSG00000249115	1516	1582	1462	1233
ENSG00000249119	0	1	1	0
ENSG00000249129	36	19	24	20
ENSG00000249138	0	1	0	0
ENSG00000249140	0	0	0	1
ENSG00000249141	0	2	2	8
ENSG00000249142	2	0	1	0
ENSG00000249158	2	1	0	0
ENSG00000249159	4	3	4	2
ENSG00000249166	1	1	0	0
ENSG00000249173	1	1	1	3
ENSG00000249193	0	1	3	0
ENSG00000249207	1	0	0	0
ENSG00000249209	0	0	0	0
ENSG00000249210	0	1	0	0
ENSG00000249215	0	0	0	0
ENSG00000249222	5	0	0	0
ENSG00000249236	1	0	0	0
ENSG00000249240	51	34	6	2
ENSG00000249241	0	0	0	1
ENSG00000249242	2	0	0	0
ENSG00000249244	0	0	0	1
ENSG00000249245	0	1	0	0
ENSG00000249249	6	15	12	6
ENSG00000249252	0	0	0	0
ENSG00000249263	0	0	0	1
ENSG00000249264	12	12	12	5
ENSG00000249272	0	0	0	0
ENSG00000249286	0	0	0	0
ENSG00000249319	11	0	7	20
ENSG00000249338	0	0	1	0
ENSG00000249347	0	1	0	0
ENSG00000249348	7	13	3	7
ENSG00000249353	903	1019	744	756
ENSG00000249364	0	0	0	1
ENSG00000249375	2	2	0	1
ENSG00000249388	0	1	1	7
ENSG00000249396	2	0	1	3
ENSG00000249437	173	174	110	111
ENSG00000249454	0	1	0	0
ENSG00000249456	67	81	49	39
ENSG00000249459	82	51	51	33
ENSG00000249465	0	1	0	1
ENSG00000249471	335	329	305	235
ENSG00000249476	0	1	0	0
ENSG00000249478	0	2	0	0
ENSG00000249481	0	0	0	0
ENSG00000249485	6	7	6	8
ENSG00000249491	0	4	0	0
ENSG00000249492	0	0	0	0
ENSG00000249494	1	1	1	0
ENSG00000249501	0	0	0	1
ENSG00000249502	0	3	0	0
ENSG00000249509	0	0	2	0
ENSG00000249531	0	0	0	7
ENSG00000249550	0	0	1	0
ENSG00000249565	36	42	38	22
ENSG00000249572	9	10	4	4
ENSG00000249574	0	0	1	0
ENSG00000249590	0	0	0	2
ENSG00000249592	22	21	34	27
ENSG00000249601	0	0	0	1
ENSG00000249602	0	0	0	0
ENSG00000249624	313	230	340	324
ENSG00000249626	0	0	0	2
ENSG00000249628	2	0	0	1
ENSG00000249635	0	1	0	0
ENSG00000249637	14	11	4	8
ENSG00000249639	4	0	0	0
ENSG00000249650	0	0	0	2
ENSG00000249655	0	0	1	3
ENSG00000249664	0	0	0	0
ENSG00000249673	1266	1022	1072	899
ENSG00000249684	3	0	0	3
ENSG00000249685	8	12	4	7
ENSG00000249699	0	0	0	2
ENSG00000249700	2	2	5	0
ENSG00000249709	242	210	254	179
ENSG00000249717	1	0	0	0
ENSG00000249731	0	0	0	2
ENSG00000249738	0	0	1	6
ENSG00000249740	0	0	0	0
ENSG00000249741	0	3	0	0
ENSG00000249751	30	51	22	42
ENSG00000249773	5	4	11	0
ENSG00000249774	1	0	0	0
ENSG00000249779	1	0	1	1
ENSG00000249784	0	0	0	1
ENSG00000249786	12	11	7	4
ENSG00000249790	0	0	0	0
ENSG00000249825	0	1	0	0
ENSG00000249839	45	15	69	34
ENSG00000249846	7	11	9	4
ENSG00000249850	0	3	4	0
ENSG00000249855	11	19	15	11
ENSG00000249858	1	0	0	0
ENSG00000249859	495	495	372	502
ENSG00000249863	14	13	13	12
ENSG00000249884	4	4	10	4
ENSG00000249894	0	2	0	0
ENSG00000249896	92	53	71	41
ENSG00000249898	1	2	0	2
ENSG00000249915	2366	2312	2054	1778
ENSG00000249931	0	10	1	13
ENSG00000249936	42	30	33	51
ENSG00000249948	0	0	0	0
ENSG00000249960	1	0	0	0
ENSG00000249962	47	60	29	55
ENSG00000249978	24	19	32	19
ENSG00000249992	55	33	14	34
ENSG00000250011	0	0	0	0
ENSG00000250012	2	4	0	1
ENSG00000250021	0	18	47	1
ENSG00000250026	0	3	0	5
ENSG00000250033	0	4	1	0
ENSG00000250041	8	78	6	87
ENSG00000250046	0	0	0	0
ENSG00000250050	2	0	1	0
ENSG00000250053	1	4	1	4
ENSG00000250067	49	133	61	89
ENSG00000250069	0	0	0	1
ENSG00000250073	0	0	1	3
ENSG00000250075	0	1	0	0
ENSG00000250081	0	2	1	6
ENSG00000250090	3	4	0	0
ENSG00000250091	32	30	30	25
ENSG00000250101	0	0	0	0
ENSG00000250111	0	0	0	0
ENSG00000250130	4	1	6	2
ENSG00000250131	0	3	3	1
ENSG00000250132	21	45	29	26
ENSG00000250133	18	9	4	14
ENSG00000250135	51	9	18	12
ENSG00000250144	0	1	1	1
ENSG00000250151	102	250	163	206
ENSG00000250155	1	3	0	0
ENSG00000250159	72	78	80	76
ENSG00000250170	0	4	0	1
ENSG00000250182	52	34	38	23
ENSG00000250186	6	12	2	3
ENSG00000250220	4	3	0	0
ENSG00000250222	13	14	12	24
ENSG00000250234	2	0	0	0
ENSG00000250240	1	0	0	3
ENSG00000250251	289	373	225	244
ENSG00000250254	0	2	0	0
ENSG00000250264	445	281	277	218
ENSG00000250273	0	21	24	33
ENSG00000250274	108	75	63	45
ENSG00000250290	1	3	0	1
ENSG00000250295	0	2	3	0
ENSG00000250299	42	65	60	43
ENSG00000250302	0	0	0	0
ENSG00000250303	7	10	8	3
ENSG00000250310	0	0	0	0
ENSG00000250312	107	127	88	102
ENSG00000250317	538	543	402	467
ENSG00000250318	25	23	29	19
ENSG00000250321	0	0	1	0
ENSG00000250326	23	4	17	7
ENSG00000250329	0	0	0	0
ENSG00000250332	1	1	0	2
ENSG00000250333	0	0	0	0
ENSG00000250337	11	7	4	19
ENSG00000250349	0	1	0	0
ENSG00000250362	0	0	0	0
ENSG00000250365	0	5	0	4
ENSG00000250366	0	0	0	0
ENSG00000250378	0	0	0	0
ENSG00000250379	0	2	0	0
ENSG00000250387	1	0	0	0
ENSG00000250397	0	0	1	0
ENSG00000250403	2	0	0	0
ENSG00000250410	0	0	1	0
ENSG00000250433	1	0	0	0
ENSG00000250444	0	1	0	1
ENSG00000250451	2	0	0	3
ENSG00000250461	12	10	9	4
ENSG00000250462	532	605	469	538
ENSG00000250470	0	0	0	0
ENSG00000250471	2	6	3	2
ENSG00000250474	15	14	4	15
ENSG00000250479	1929	2146	1814	1905
ENSG00000250490	0	0	0	0
ENSG00000250492	2	0	1	4
ENSG00000250506	35	57	18	47
ENSG00000250508	0	1	0	2
ENSG00000250509	0	0	0	0
ENSG00000250510	0	0	0	0
ENSG00000250511	0	0	0	0
ENSG00000250535	16	6	5	0
ENSG00000250536	0	0	0	2
ENSG00000250539	25	17	8	21
ENSG00000250551	2	2	0	1
ENSG00000250562	40	34	42	32
ENSG00000250564	0	0	0	0
ENSG00000250565	266	219	227	169
ENSG00000250568	0	2	1	0
ENSG00000250569	0	5	1	2
ENSG00000250571	170	270	181	179
ENSG00000250575	21	30	4	13
ENSG00000250585	7	35	6	99
ENSG00000250615	0	0	0	0
ENSG00000250616	17	18	22	15
ENSG00000250635	0	3	1	0
ENSG00000250641	2	0	0	0
ENSG00000250644	14	40	33	40
ENSG00000250645	0	0	0	0
ENSG00000250654	61	68	50	51
ENSG00000250673	0	0	0	0
ENSG00000250686	0	0	0	0
ENSG00000250687	0	3	1	1
ENSG00000250708	0	0	0	0
ENSG00000250714	0	0	0	0
ENSG00000250731	4	7	3	9
ENSG00000250739	0	0	0	2
ENSG00000250742	186	541	167	712
ENSG00000250746	0	0	1	0
ENSG00000250764	0	0	0	1
ENSG00000250765	0	4	0	2
ENSG00000250790	6	5	1	8
ENSG00000250802	6	0	0	11
ENSG00000250848	5	1	5	0
ENSG00000250853	0	1	0	0
ENSG00000250859	1	0	1	0
ENSG00000250878	0	0	0	0
ENSG00000250889	2	0	1	0
ENSG00000250896	14	10	8	6
ENSG00000250899	93	56	74	20
ENSG00000250900	0	0	0	0
ENSG00000250903	68	54	42	44
ENSG00000250917	1	2	1	0
ENSG00000250938	0	0	2	0
ENSG00000250948	0	1	0	1
ENSG00000250950	0	0	0	0
ENSG00000250954	0	0	0	0
ENSG00000250959	16	19	23	12
ENSG00000250988	107	176	88	121
ENSG00000250995	0	1	0	3
ENSG00000250999	2	2	0	6
ENSG00000251000	4	1	3	4
ENSG00000251002	61	29	70	27
ENSG00000251013	6	1	5	21
ENSG00000251015	0	0	0	0
ENSG00000251022	528	646	531	444
ENSG00000251023	8	17	5	10
ENSG00000251034	0	0	0	1
ENSG00000251050	0	1	1	1
ENSG00000251056	0	0	2	0
ENSG00000251066	1	1	0	1
ENSG00000251072	4	0	0	3
ENSG00000251073	2	0	0	0
ENSG00000251079	2	0	0	10
ENSG00000251102	0	0	0	0
ENSG00000251107	2	1	0	0
ENSG00000251129	0	3	0	0
ENSG00000251131	0	1	0	1
ENSG00000251136	11	20	10	9
ENSG00000251138	0	0	0	0
ENSG00000251141	10	15	8	8
ENSG00000251143	35	16	21	16
ENSG00000251155	0	2	0	0
ENSG00000251161	0	2	0	3
ENSG00000251191	3	4	1	2
ENSG00000251192	84	136	57	97
ENSG00000251194	1	1	0	2
ENSG00000251201	281	167	172	299
ENSG00000251221	3	6	0	0
ENSG00000251230	3	1	3	6
ENSG00000251246	4	0	0	20
ENSG00000251247	68	56	53	45
ENSG00000251254	0	1	1	1
ENSG00000251259	21	21	6	39
ENSG00000251279	2	1	2	0
ENSG00000251287	5	15	6	2
ENSG00000251288	0	0	1	0
ENSG00000251301	36	16	29	52
ENSG00000251314	0	0	0	0
ENSG00000251322	1	0	3	0
ENSG00000251323	3	7	4	4
ENSG00000251333	4	1	2	0
ENSG00000251348	0	0	3	0
ENSG00000251349	44	64	48	66
ENSG00000251357	0	7	11	0
ENSG00000251364	3	0	0	1
ENSG00000251365	0	9	1	0
ENSG00000251369	233	309	244	284
ENSG00000251380	1	0	0	0
ENSG00000251381	0	1	0	0
ENSG00000251396	6	0	1	4
ENSG00000251402	1	0	0	0
ENSG00000251405	0	1	0	0
ENSG00000251408	11	2	9	11
ENSG00000251411	0	4	2	0
ENSG00000251417	6	11	2	10
ENSG00000251429	2	0	0	0
ENSG00000251432	0	0	1	2
ENSG00000251441	1	0	0	0
ENSG00000251442	0	4	3	8
ENSG00000251453	1	0	1	0
ENSG00000251474	161	319	213	242
ENSG00000251485	4	12	7	5
ENSG00000251493	65	100	74	69
ENSG00000251495	1	2	2	1
ENSG00000251503	18	56	14	30
ENSG00000251510	0	0	0	0
ENSG00000251517	0	0	2	0
ENSG00000251533	1	3	0	3
ENSG00000251555	0	1	0	0
ENSG00000251562	5548	9474	8351	9610
ENSG00000251566	2	0	0	0
ENSG00000251574	0	1	0	0
ENSG00000251576	0	5	0	3
ENSG00000251580	12	16	16	17
ENSG00000251583	1	1	0	0
ENSG00000251584	0	0	0	0
ENSG00000251586	0	0	0	0
ENSG00000251593	4	10	8	5
ENSG00000251595	28	43	27	31
ENSG00000251600	6	1	3	3
ENSG00000251602	19	32	15	13
ENSG00000251615	3	7	10	7
ENSG00000251629	0	0	0	0
ENSG00000251634	25	5	22	8
ENSG00000251655	0	0	0	0
ENSG00000251660	6	10	5	0
ENSG00000251661	0	6	3	3
ENSG00000251666	0	0	0	0
ENSG00000251667	0	0	4	0
ENSG00000251669	138	147	155	121
ENSG00000251682	0	0	0	1
ENSG00000251791	0	0	1	0
ENSG00000251823	0	0	0	0
ENSG00000251867	8	12	9	2
ENSG00000252010	0	0	0	1
ENSG00000252464	0	0	0	2
ENSG00000252481	0	0	1	0
ENSG00000252516	0	0	0	1
ENSG00000252690	8	32	12	30
ENSG00000252699	0	0	1	0
ENSG00000253058	0	0	0	0
ENSG00000253102	0	1	0	1
ENSG00000253106	23	23	13	13
ENSG00000253111	0	2	0	2
ENSG00000253114	0	1	0	0
ENSG00000253119	1	0	0	0
ENSG00000253123	0	2	0	0
ENSG00000253125	21	13	17	9
ENSG00000253133	0	4	0	3
ENSG00000253138	0	0	0	0
ENSG00000253159	8	2	5	5
ENSG00000253172	0	0	0	0
ENSG00000253174	0	5	0	1
ENSG00000253175	0	0	0	0
ENSG00000253180	0	0	3	0
ENSG00000253183	0	1	0	0
ENSG00000253187	0	0	0	0
ENSG00000253190	0	2	0	1
ENSG00000253194	0	0	0	0
ENSG00000253200	38	55	56	47
ENSG00000253203	16	4	13	25
ENSG00000253204	2	1	0	2
ENSG00000253210	65	59	62	52
ENSG00000253214	0	1	0	0
ENSG00000253228	0	1	0	1
ENSG00000253230	0	0	0	0
ENSG00000253250	349	334	256	316
ENSG00000253251	122	110	124	94
ENSG00000253263	0	1	0	0
ENSG00000253271	0	3	0	0
ENSG00000253276	1177	1212	949	1379
ENSG00000253284	0	3	1	2
ENSG00000253293	4	31	2	20
ENSG00000253305	0	0	2	2
ENSG00000253307	0	0	0	2
ENSG00000253315	0	0	1	0
ENSG00000253317	0	2	0	0
ENSG00000253320	33	38	39	30
ENSG00000253326	4	9	15	9
ENSG00000253327	1	11	3	8
ENSG00000253336	0	1	0	0
ENSG00000253341	32	45	21	18
ENSG00000253347	0	1	0	0
ENSG00000253352	3153	4248	3119	3449
ENSG00000253355	1	0	0	0
ENSG00000253356	3	0	1	0
ENSG00000253364	0	0	0	0
ENSG00000253368	23	19	16	12
ENSG00000253372	0	2	0	0
ENSG00000253376	1	1	0	1
ENSG00000253390	3	0	0	0
ENSG00000253392	1	0	0	2
ENSG00000253395	2	8	3	3
ENSG00000253404	2	0	0	0
ENSG00000253408	7	1	3	0
ENSG00000253431	0	1	0	3
ENSG00000253438	2	0	0	0
ENSG00000253477	0	0	2	2
ENSG00000253485	4	1	2	5
ENSG00000253490	42	53	19	26
ENSG00000253506	1	0	0	2
ENSG00000253520	1	2	0	0
ENSG00000253522	156	395	185	276
ENSG00000253537	0	0	0	0
ENSG00000253540	3	15	4	4
ENSG00000253552	0	5	2	0
ENSG00000253553	0	4	2	0
ENSG00000253558	0	0	4	1
ENSG00000253559	12	22	10	8
ENSG00000253563	0	0	0	1
ENSG00000253570	91	85	104	84
ENSG00000253582	2	0	0	0
ENSG00000253593	0	0	0	0
ENSG00000253595	1	0	0	1
ENSG00000253598	3	1	1	0
ENSG00000253603	4	1	0	0
ENSG00000253616	19	20	9	15
ENSG00000253626	56	48	56	40
ENSG00000253629	0	1	3	0
ENSG00000253632	1	2	3	0
ENSG00000253633	23	34	28	47
ENSG00000253636	3	14	16	8
ENSG00000253641	1	0	0	0
ENSG00000253645	0	1	6	3
ENSG00000253649	26	29	29	47
ENSG00000253653	1	0	0	0
ENSG00000253669	64	108	59	135
ENSG00000253676	7	2	10	12
ENSG00000253678	2	2	1	0
ENSG00000253683	16	12	11	11
ENSG00000253692	1	1	0	2
ENSG00000253695	0	0	0	0
ENSG00000253696	0	0	1	0
ENSG00000253704	9	4	4	2
ENSG00000253706	0	1	3	5
ENSG00000253710	584	507	442	442
ENSG00000253716	50	63	29	22
ENSG00000253719	2918	3054	2602	2252
ENSG00000253729	12939	19367	16547	15690
ENSG00000253730	1	0	0	2
ENSG00000253731	10	6	2	5
ENSG00000253736	1	6	7	0
ENSG00000253737	0	0	0	0
ENSG00000253738	538	569	508	526
ENSG00000253741	8	7	5	2
ENSG00000253744	0	0	2	0
ENSG00000253764	0	0	0	2
ENSG00000253771	2	2	3	8
ENSG00000253773	0	3	0	1
ENSG00000253785	3	5	7	3
ENSG00000253797	1133	1257	1053	880
ENSG00000253806	0	4	0	0
ENSG00000253807	0	0	0	0
ENSG00000253816	0	68	53	44
ENSG00000253821	0	0	0	1
ENSG00000253824	0	0	0	0
ENSG00000253831	4	4	3	0
ENSG00000253833	3	2	0	0
ENSG00000253837	6	3	0	8
ENSG00000253842	0	0	2	0
ENSG00000253846	32	37	26	57
ENSG00000253854	0	0	1	0
ENSG00000253861	0	15	0	0
ENSG00000253865	1	0	3	1
ENSG00000253869	1	0	0	0
ENSG00000253873	23	22	2	24
ENSG00000253878	6	13	4	8
ENSG00000253882	594	530	611	482
ENSG00000253893	0	2	1	0
ENSG00000253899	0	0	1	2
ENSG00000253903	0	0	0	1
ENSG00000253910	11	7	13	14
ENSG00000253917	1	0	1	0
ENSG00000253919	3	3	12	4
ENSG00000253930	2	0	1	0
ENSG00000253948	53	92	52	69
ENSG00000253954	56	48	40	46
ENSG00000253958	0	1	1	0
ENSG00000253965	0	0	2	0
ENSG00000253978	0	0	0	1
ENSG00000253980	0	0	0	0
ENSG00000253981	4	9	2	5
ENSG00000253982	77	130	100	129
ENSG00000254003	2	3	3	2
ENSG00000254004	471	330	413	279
ENSG00000254013	0	0	0	0
ENSG00000254016	0	0	0	1
ENSG00000254017	0	2	1	4
ENSG00000254027	6	3	3	6
ENSG00000254028	0	1	0	0
ENSG00000254038	0	1	0	0
ENSG00000254048	0	0	0	0
ENSG00000254087	1324	1728	1047	1709
ENSG00000254093	1022	1329	983	975
ENSG00000254094	0	0	1	0
ENSG00000254099	1	0	0	0
ENSG00000254102	31	90	49	90
ENSG00000254109	74	52	47	41
ENSG00000254122	1	0	1	6
ENSG00000254126	6	61	0	5
ENSG00000254139	0	0	0	0
ENSG00000254144	0	0	1	0
ENSG00000254165	0	3	0	3
ENSG00000254166	0	0	0	0
ENSG00000254186	0	0	1	1
ENSG00000254206	12	47	32	33
ENSG00000254221	0	2	0	0
ENSG00000254226	0	0	0	0
ENSG00000254229	0	0	0	0
ENSG00000254231	3	2	3	1
ENSG00000254233	1	2	2	0
ENSG00000254244	10	13	7	11
ENSG00000254258	0	0	0	0
ENSG00000254270	1	0	1	0
ENSG00000254272	0	0	0	2
ENSG00000254275	1	2	0	3
ENSG00000254285	0	0	3	1
ENSG00000254288	4	0	1	0
ENSG00000254294	0	5	0	1
ENSG00000254317	0	1	0	0
ENSG00000254321	2	0	0	0
ENSG00000254332	40	26	24	30
ENSG00000254337	0	0	0	0
ENSG00000254340	0	1	1	1
ENSG00000254352	1	0	0	0
ENSG00000254363	2	2	1	0
ENSG00000254373	0	1	0	0
ENSG00000254389	0	0	1	0
ENSG00000254391	0	0	0	2
ENSG00000254400	0	2	2	4
ENSG00000254401	0	1	0	0
ENSG00000254402	17	24	23	15
ENSG00000254413	73	77	86	35
ENSG00000254415	5	0	2	0
ENSG00000254416	0	0	3	0
ENSG00000254418	0	0	3	1
ENSG00000254419	0	1	2	1
ENSG00000254427	0	5	1	2
ENSG00000254429	0	0	0	0
ENSG00000254444	1	0	0	0
ENSG00000254449	0	0	0	1
ENSG00000254450	0	0	0	0
ENSG00000254452	6	0	5	3
ENSG00000254454	0	3	0	0
ENSG00000254460	0	0	0	0
ENSG00000254462	0	3	2	1
ENSG00000254463	1	2	1	1
ENSG00000254468	0	0	0	0
ENSG00000254469	59	43	41	64
ENSG00000254470	1635	1903	1450	1568
ENSG00000254473	35	30	19	22
ENSG00000254477	3	0	1	0
ENSG00000254480	0	1	0	0
ENSG00000254485	9	13	1	0
ENSG00000254501	0	0	2	0
ENSG00000254502	0	0	0	0
ENSG00000254505	2934	2851	2572	2388
ENSG00000254510	1	4	0	6
ENSG00000254521	1163	489	1153	155
ENSG00000254531	26	32	29	30
ENSG00000254536	4	14	4	0
ENSG00000254539	2	1	3	1
ENSG00000254556	1	0	1	0
ENSG00000254567	0	2	0	0
ENSG00000254589	1	0	0	1
ENSG00000254595	1	0	0	2
ENSG00000254598	53	24	30	35
ENSG00000254602	0	1	0	0
ENSG00000254612	32	21	26	25
ENSG00000254614	42	73	27	51
ENSG00000254615	10	28	15	31
ENSG00000254618	2	0	0	0
ENSG00000254632	1	0	0	0
ENSG00000254634	3	9	1	11
ENSG00000254635	435	488	410	457
ENSG00000254639	0	0	0	0
ENSG00000254648	0	1	4	0
ENSG00000254656	1	5	0	0
ENSG00000254662	1	0	0	0
ENSG00000254665	6	1	1	0
ENSG00000254670	2	0	0	1
ENSG00000254676	5	2	3	0
ENSG00000254680	1	0	2	0
ENSG00000254681	645	812	559	536
ENSG00000254682	180	237	131	168
ENSG00000254685	369	437	339	394
ENSG00000254689	0	0	0	2
ENSG00000254690	1	0	1	1
ENSG00000254692	15	37	42	32
ENSG00000254694	0	0	0	0
ENSG00000254701	80	39	16	26
ENSG00000254703	30	29	27	24
ENSG00000254706	0	1	0	0
ENSG00000254712	0	0	0	1
ENSG00000254718	0	1	0	0
ENSG00000254719	0	3	0	3
ENSG00000254721	2	2	7	0
ENSG00000254726	281	201	236	112
ENSG00000254732	0	0	0	0
ENSG00000254739	0	0	2	0
ENSG00000254741	7	1	6	0
ENSG00000254759	3	2	1	2
ENSG00000254760	0	3	1	2
ENSG00000254772	77705	68963	67273	55004
ENSG00000254779	2	5	1	2
ENSG00000254781	0	0	1	0
ENSG00000254783	63	39	45	60
ENSG00000254788	55	58	60	51
ENSG00000254791	0	1	0	3
ENSG00000254793	0	3	0	0
ENSG00000254802	0	0	2	0
ENSG00000254806	22	15	10	24
ENSG00000254810	0	7	1	0
ENSG00000254812	0	0	0	1
ENSG00000254815	1	3	0	3
ENSG00000254827	5	0	9	2
ENSG00000254835	2	1	0	0
ENSG00000254837	30	36	24	25
ENSG00000254838	1217	992	1033	764
ENSG00000254851	0	2	0	0
ENSG00000254852	9	3	40	4
ENSG00000254854	4	0	2	4
ENSG00000254858	794	897	615	684
ENSG00000254859	18	3	11	6
ENSG00000254860	34	10	4	22
ENSG00000254870	234	736	760	632
ENSG00000254873	1	3	5	3
ENSG00000254876	7	22	14	32
ENSG00000254887	35	28	52	38
ENSG00000254893	9	23	13	12
ENSG00000254901	330	467	314	319
ENSG00000254907	1	2	1	0
ENSG00000254910	0	0	2	0
ENSG00000254911	12	11	16	12
ENSG00000254929	7	25	0	12
ENSG00000254936	3	5	0	2
ENSG00000254944	5	0	1	5
ENSG00000254957	1	0	0	0
ENSG00000254959	0	4	0	0
ENSG00000254965	0	3	3	0
ENSG00000254974	0	1	0	2
ENSG00000254978	2	1	0	0
ENSG00000254979	18	20	26	19
ENSG00000254980	0	0	0	0
ENSG00000254985	0	2	0	0
ENSG00000254986	5237	4888	4359	4032
ENSG00000254991	1	8	0	7
ENSG00000254995	9	22	4	13
ENSG00000254996	702	822	646	667
ENSG00000254997	0	0	0	0
ENSG00000254999	7469	7382	6543	6197
ENSG00000255002	0	4	0	0
ENSG00000255004	0	0	3	1
ENSG00000255026	0	0	0	0
ENSG00000255031	14	59	33	56
ENSG00000255036	45	89	12	114
ENSG00000255045	4	1	2	0
ENSG00000255046	14	13	11	12
ENSG00000255050	0	0	0	2
ENSG00000255052	0	0	1	0
ENSG00000255054	2	0	0	0
ENSG00000255057	0	0	0	2
ENSG00000255062	4	15	1	5
ENSG00000255063	0	0	0	0
ENSG00000255073	24	57	0	8
ENSG00000255079	0	2	0	0
ENSG00000255100	6	12	6	10
ENSG00000255104	3	0	0	0
ENSG00000255112	2017	2063	1771	1848
ENSG00000255114	0	3	1	1
ENSG00000255115	0	0	0	1
ENSG00000255120	0	0	2	0
ENSG00000255121	107	103	77	83
ENSG00000255123	0	0	0	0
ENSG00000255126	0	1	0	0
ENSG00000255129	0	1	5	3
ENSG00000255135	162	198	152	154
ENSG00000255139	4	1	5	2
ENSG00000255145	9	6	1	3
ENSG00000255150	60	88	55	75
ENSG00000255152	63	134	136	89
ENSG00000255153	22	22	13	19
ENSG00000255154	342	246	275	221
ENSG00000255163	8	0	1	1
ENSG00000255182	2	15	4	6
ENSG00000255185	7	4	6	2
ENSG00000255198	70	75	53	67
ENSG00000255200	0	6	1	9
ENSG00000255213	0	1	0	0
ENSG00000255220	1	0	0	0
ENSG00000255221	2	8	1	2
ENSG00000255222	0	1	1	1
ENSG00000255224	14	11	16	18
ENSG00000255234	0	1	0	0
ENSG00000255236	0	0	0	0
ENSG00000255240	0	0	0	0
ENSG00000255248	0	0	0	0
ENSG00000255251	0	1	0	0
ENSG00000255252	0	0	0	1
ENSG00000255274	45	52	32	68
ENSG00000255275	0	0	2	0
ENSG00000255276	0	1	0	0
ENSG00000255277	0	0	1	0
ENSG00000255284	121	134	96	113
ENSG00000255292	2	0	0	0
ENSG00000255299	1	3	3	2
ENSG00000255302	13770	13446	11225	11410
ENSG00000255306	0	0	0	0
ENSG00000255310	129	129	124	120
ENSG00000255314	0	0	0	0
ENSG00000255320	3	2	1	0
ENSG00000255326	1	0	0	1
ENSG00000255328	0	0	0	1
ENSG00000255330	558	1121	575	847
ENSG00000255337	4	9	2	2
ENSG00000255339	46	147	76	56
ENSG00000255345	0	0	0	0
ENSG00000255351	0	1	0	0
ENSG00000255355	1	1	1	0
ENSG00000255358	1	0	0	1
ENSG00000255361	0	0	0	0
ENSG00000255363	12	12	2	15
ENSG00000255374	0	0	0	0
ENSG00000255375	0	0	0	0
ENSG00000255378	0	1	0	0
ENSG00000255381	0	2	0	0
ENSG00000255384	2	0	0	1
ENSG00000255389	26	17	14	16
ENSG00000255397	3	0	3	1
ENSG00000255398	1	0	0	3
ENSG00000255399	0	0	0	3
ENSG00000255409	0	1	0	0
ENSG00000255423	20	27	12	22
ENSG00000255432	0	0	4	0
ENSG00000255435	3	2	6	6
ENSG00000255439	40	35	64	7
ENSG00000255441	2	4	10	8
ENSG00000255446	32	50	18	32
ENSG00000255448	0	2	0	0
ENSG00000255449	2	0	0	0
ENSG00000255455	74	41	45	36
ENSG00000255458	0	0	0	0
ENSG00000255459	0	0	0	2
ENSG00000255464	0	0	0	0
ENSG00000255468	28	22	22	15
ENSG00000255471	0	0	0	0
ENSG00000255479	0	0	0	0
ENSG00000255491	2	2	0	0
ENSG00000255495	18	16	17	1
ENSG00000255498	1	3	0	1
ENSG00000255500	0	1	3	0
ENSG00000255507	3	3	0	0
ENSG00000255508	67	135	115	51
ENSG00000255516	0	0	0	1
ENSG00000255517	42	58	43	54
ENSG00000255521	4	12	1	19
ENSG00000255526	7	0	14	15
ENSG00000255529	1713	1852	1615	1568
ENSG00000255537	0	0	0	0
ENSG00000255558	0	0	0	0
ENSG00000255559	0	2	0	1
ENSG00000255561	413	456	407	271
ENSG00000255568	15	6	10	5
ENSG00000255581	0	0	0	0
ENSG00000255587	1	17	2	7
ENSG00000255624	14	17	16	10
ENSG00000255639	871	851	725	828
ENSG00000255641	0	0	0	0
ENSG00000255642	1	0	1	1
ENSG00000255647	0	3	2	1
ENSG00000255650	1	1	4	0
ENSG00000255655	0	0	0	2
ENSG00000255663	0	3	0	0
ENSG00000255693	4	6	4	4
ENSG00000255710	0	0	4	0
ENSG00000255717	1117	2237	1265	1419
ENSG00000255725	2	2	1	1
ENSG00000255730	322	195	124	65
ENSG00000255733	4	0	0	0
ENSG00000255737	0	0	0	0
ENSG00000255760	0	2	0	0
ENSG00000255767	0	3	0	1
ENSG00000255769	134	164	126	126
ENSG00000255794	0	0	0	0
ENSG00000255815	0	0	0	0
ENSG00000255819	192	21	2	9
ENSG00000255823	0	0	0	0
ENSG00000255833	1	1	0	0
ENSG00000255835	0	0	0	0
ENSG00000255836	0	2	0	0
ENSG00000255837	4	3	2	1
ENSG00000255847	4	1	1	1
ENSG00000255850	0	0	1	1
ENSG00000255857	204	207	185	137
ENSG00000255860	0	0	0	0
ENSG00000255867	0	0	1	2
ENSG00000255870	0	0	1	0
ENSG00000255872	7	0	0	0
ENSG00000255874	0	0	2	0
ENSG00000255882	1	2	1	1
ENSG00000255883	1	1	2	6
ENSG00000255893	5	13	14	9
ENSG00000255920	7	3	0	10
ENSG00000255921	2	1	3	3
ENSG00000255949	0	0	1	2
ENSG00000255959	0	0	0	0
ENSG00000255966	2	3	1	3
ENSG00000255967	0	0	1	1
ENSG00000255986	2	0	0	0
ENSG00000255987	110	123	149	84
ENSG00000255992	0	2	0	1
ENSG00000255993	0	1	0	1
ENSG00000256006	0	0	1	0
ENSG00000256007	0	0	1	1
ENSG00000256028	41	98	53	43
ENSG00000256029	0	12	2	19
ENSG00000256030	0	0	1	0
ENSG00000256034	1	1	4	0
ENSG00000256037	0	0	0	0
ENSG00000256039	1626	192	1254	86
ENSG00000256040	0	0	1	0
ENSG00000256043	373	186	318	155
ENSG00000256053	1183	1086	878	985
ENSG00000256060	134	157	103	110
ENSG00000256061	4	1	3	1
ENSG00000256073	146	113	127	120
ENSG00000256084	0	1	0	1
ENSG00000256087	275	207	217	228
ENSG00000256091	0	0	0	0
ENSG00000256092	26	36	24	32
ENSG00000256100	8	5	1	0
ENSG00000256103	1	0	0	0
ENSG00000256116	2	1	2	0
ENSG00000256124	0	0	0	0
ENSG00000256128	54	19	30	28
ENSG00000256139	7	1	3	2
ENSG00000256152	0	0	1	4
ENSG00000256167	3	0	2	0
ENSG00000256185	1	0	0	0
ENSG00000256206	3	7	13	0
ENSG00000256210	6	10	0	4
ENSG00000256211	0	1	0	0
ENSG00000256223	64	87	82	60
ENSG00000256229	13	10	49	16
ENSG00000256235	3391	3551	3375	3629
ENSG00000256238	68	83	58	58
ENSG00000256249	0	0	0	0
ENSG00000256262	89	44	75	71
ENSG00000256269	1466	1743	1273	1368
ENSG00000256271	0	1	3	0
ENSG00000256274	0	0	2	0
ENSG00000256278	0	0	1	0
ENSG00000256280	0	0	1	1
ENSG00000256293	0	1	0	0
ENSG00000256294	220	205	196	184
ENSG00000256299	0	3	0	0
ENSG00000256312	0	1	0	0
ENSG00000256325	0	0	2	0
ENSG00000256338	335	297	320	221
ENSG00000256340	0	4	0	8
ENSG00000256341	0	1	0	0
ENSG00000256349	26	0	0	0
ENSG00000256356	1	1	2	0
ENSG00000256364	4	8	8	8
ENSG00000256374	0	4	0	0
ENSG00000256377	0	0	0	0
ENSG00000256407	0	0	0	3
ENSG00000256427	0	0	1	0
ENSG00000256436	0	0	1	0
ENSG00000256442	0	0	0	1
ENSG00000256448	1	0	0	0
ENSG00000256453	39	31	43	30
ENSG00000256458	0	0	2	0
ENSG00000256464	2	3	1	0
ENSG00000256469	0	0	0	0
ENSG00000256500	507	750	574	525
ENSG00000256514	0	0	0	0
ENSG00000256525	463	444	410	367
ENSG00000256537	1285	1188	1100	984
ENSG00000256538	2	4	0	0
ENSG00000256546	0	0	0	1
ENSG00000256552	2	0	0	1
ENSG00000256566	0	4	10	14
ENSG00000256568	0	3	0	0
ENSG00000256574	0	0	0	0
ENSG00000256576	14	23	34	10
ENSG00000256582	0	5	1	4
ENSG00000256591	673	608	453	434
ENSG00000256594	522	411	429	307
ENSG00000256596	2	0	0	0
ENSG00000256618	3	6	1	1
ENSG00000256628	309	328	286	259
ENSG00000256633	23	28	14	10
ENSG00000256646	722	716	522	654
ENSG00000256654	3	3	6	4
ENSG00000256663	119	220	170	164
ENSG00000256664	192	204	194	168
ENSG00000256667	3	26	18	28
ENSG00000256670	0	2	0	0
ENSG00000256671	15	19	21	17
ENSG00000256672	2	0	0	0
ENSG00000256673	5	0	0	1
ENSG00000256682	0	4	0	0
ENSG00000256683	230	164	239	221
ENSG00000256690	0	3	0	1
ENSG00000256712	2	0	0	0
ENSG00000256737	0	0	0	0
ENSG00000256742	2	2	2	9
ENSG00000256745	8	10	11	9
ENSG00000256747	1	0	0	0
ENSG00000256748	0	0	1	0
ENSG00000256771	213	150	137	178
ENSG00000256797	2	0	0	0
ENSG00000256806	49	38	62	40
ENSG00000256810	8	1	6	6
ENSG00000256813	0	0	2	0
ENSG00000256824	1	0	0	0
ENSG00000256825	0	0	9	0
ENSG00000256844	2	0	0	0
ENSG00000256849	1	1	0	0
ENSG00000256861	0	144	0	44
ENSG00000256902	0	0	0	0
ENSG00000256906	0	1	0	0
ENSG00000256913	0	0	0	2
ENSG00000256928	0	0	0	1
ENSG00000256937	0	0	3	0
ENSG00000256940	8	11	7	6
ENSG00000256950	0	3	1	3
ENSG00000256955	0	0	0	2
ENSG00000256966	18	7	30	4
ENSG00000256967	4	3	3	1
ENSG00000256968	0	0	1	1
ENSG00000256973	2	1	2	0
ENSG00000256975	0	0	0	0
ENSG00000256977	41	53	25	15
ENSG00000256980	0	0	1	0
ENSG00000256981	0	1	1	1
ENSG00000256988	1	6	5	4
ENSG00000256995	0	0	0	0
ENSG00000257023	0	0	0	0
ENSG00000257027	95	116	102	78
ENSG00000257038	0	0	0	0
ENSG00000257042	0	0	0	3
ENSG00000257058	0	0	2	0
ENSG00000257074	2	0	2	0
ENSG00000257086	27	37	13	22
ENSG00000257093	6138	4220	5192	2348
ENSG00000257103	6982	6576	5988	4994
ENSG00000257108	29	35	35	32
ENSG00000257122	246	248	180	179
ENSG00000257135	17	19	29	15
ENSG00000257139	11	8	9	18
ENSG00000257150	1	0	0	0
ENSG00000257151	4	14	5	5
ENSG00000257159	0	1	0	0
ENSG00000257167	584	755	552	594
ENSG00000257175	1	0	0	1
ENSG00000257176	4	6	9	10
ENSG00000257178	0	1	0	0
ENSG00000257181	1	5	2	0
ENSG00000257218	2105	2404	1729	1928
ENSG00000257221	3	3	3	10
ENSG00000257225	0	0	2	0
ENSG00000257231	0	0	3	0
ENSG00000257242	17	38	16	22
ENSG00000257243	3	0	2	1
ENSG00000257246	4	0	1	1
ENSG00000257261	1	4	0	2
ENSG00000257264	2	11	0	1
ENSG00000257267	720	787	684	642
ENSG00000257270	0	1	0	1
ENSG00000257272	0	0	4	0
ENSG00000257281	0	0	1	0
ENSG00000257285	5	3	6	3
ENSG00000257298	1	0	0	5
ENSG00000257303	3	7	5	7
ENSG00000257307	0	0	0	1
ENSG00000257315	975	856	1030	794
ENSG00000257327	8	1	4	5
ENSG00000257335	0	0	1	0
ENSG00000257337	31	25	24	17
ENSG00000257341	26	23	13	14
ENSG00000257342	2	2	1	1
ENSG00000257350	1	0	0	0
ENSG00000257354	21	26	17	17
ENSG00000257365	504	579	460	471
ENSG00000257366	0	3	1	1
ENSG00000257368	0	0	0	2
ENSG00000257376	0	1	0	1
ENSG00000257379	20	43	49	71
ENSG00000257386	0	0	1	0
ENSG00000257390	2	11	4	1
ENSG00000257408	0	0	1	0
ENSG00000257415	0	0	0	0
ENSG00000257433	11	8	12	27
ENSG00000257443	0	0	0	0
ENSG00000257453	0	3	1	5
ENSG00000257475	0	0	2	1
ENSG00000257488	0	1	0	0
ENSG00000257489	15	11	7	13
ENSG00000257497	14	24	17	37
ENSG00000257507	0	0	0	0
ENSG00000257509	4	2	1	1
ENSG00000257511	13	21	12	14
ENSG00000257524	409	525	376	336
ENSG00000257527	14	7	10	13
ENSG00000257529	3	18	3	3
ENSG00000257531	0	0	0	0
ENSG00000257534	0	0	0	1
ENSG00000257542	2	0	0	0
ENSG00000257545	1	2	1	0
ENSG00000257550	0	1	0	1
ENSG00000257551	6	1	4	3
ENSG00000257553	2	1	1	6
ENSG00000257556	5	1	4	0
ENSG00000257557	17	24	16	42
ENSG00000257563	0	0	1	1
ENSG00000257576	10	24	24	21
ENSG00000257591	13	12	22	3
ENSG00000257594	1101	1144	884	1280
ENSG00000257596	0	2	0	0
ENSG00000257599	6	3	5	3
ENSG00000257605	46	23	43	30
ENSG00000257607	5	4	2	2
ENSG00000257613	1	1	5	1
ENSG00000257616	0	0	0	1
ENSG00000257621	816	798	849	677
ENSG00000257622	2	0	0	0
ENSG00000257624	0	2	0	0
ENSG00000257642	6	34	19	17
ENSG00000257663	0	2	1	1
ENSG00000257671	4	11	8	2
ENSG00000257675	0	1	1	0
ENSG00000257681	0	6	1	4
ENSG00000257698	272	299	284	281
ENSG00000257702	220	224	220	189
ENSG00000257704	188	174	155	133
ENSG00000257718	1	4	10	10
ENSG00000257727	2741	3039	2478	2503
ENSG00000257752	0	1	0	0
ENSG00000257762	0	0	0	0
ENSG00000257767	0	0	0	2
ENSG00000257771	0	0	1	0
ENSG00000257773	10	1	6	1
ENSG00000257790	0	1	0	0
ENSG00000257800	39	34	33	22
ENSG00000257803	0	1	0	0
ENSG00000257815	50	73	50	43
ENSG00000257818	0	3	2	0
ENSG00000257829	0	0	3	0
ENSG00000257838	4	0	3	0
ENSG00000257839	1	0	1	2
ENSG00000257846	1	1	1	2
ENSG00000257851	3	5	0	0
ENSG00000257880	0	0	0	1
ENSG00000257906	2	0	0	0
ENSG00000257913	3	31	6	30
ENSG00000257918	6	10	11	4
ENSG00000257921	5	4	5	5
ENSG00000257923	1696	1434	1534	1464
ENSG00000257924	20	12	15	10
ENSG00000257949	492	418	407	418
ENSG00000257950	31	12	10	30
ENSG00000257953	0	2	0	6
ENSG00000257954	1	0	4	4
ENSG00000257987	0	1	0	1
ENSG00000257999	1	1	0	1
ENSG00000258001	2	1	0	0
ENSG00000258011	0	1	0	0
ENSG00000258016	0	3	0	2
ENSG00000258017	185	279	277	197
ENSG00000258035	0	0	1	0
ENSG00000258056	321	327	227	286
ENSG00000258057	4	4	5	6
ENSG00000258064	10	0	7	26
ENSG00000258072	9	3	5	9
ENSG00000258077	4	2	0	1
ENSG00000258082	7	6	1	6
ENSG00000258090	1	0	0	0
ENSG00000258092	0	1	0	1
ENSG00000258096	0	1	0	0
ENSG00000258099	0	5	1	4
ENSG00000258101	3	0	1	0
ENSG00000258102	37	11	14	15
ENSG00000258116	223	76	154	55
ENSG00000258118	1	0	0	0
ENSG00000258122	7	10	1	1
ENSG00000258130	0	6	2	9
ENSG00000258137	0	0	1	0
ENSG00000258150	0	0	1	0
ENSG00000258153	0	1	5	0
ENSG00000258168	5	10	0	0
ENSG00000258177	0	0	0	0
ENSG00000258181	1	0	2	2
ENSG00000258186	0	25	0	16
ENSG00000258199	21	14	12	12
ENSG00000258204	0	0	0	1
ENSG00000258210	2	4	9	0
ENSG00000258215	0	0	0	1
ENSG00000258230	1	1	0	4
ENSG00000258232	17	15	11	13
ENSG00000258279	0	1	0	1
ENSG00000258282	0	0	1	0
ENSG00000258285	0	0	0	0
ENSG00000258289	2066	2197	1747	1726
ENSG00000258300	1	1	0	0
ENSG00000258301	136	141	126	151
ENSG00000258302	2	4	3	1
ENSG00000258303	2	2	0	2
ENSG00000258311	41	58	31	41
ENSG00000258315	5735	5116	5353	4409
ENSG00000258316	0	0	0	0
ENSG00000258317	1	2	2	2
ENSG00000258325	20	4	9	5
ENSG00000258334	3	1	0	0
ENSG00000258352	33	5	25	15
ENSG00000258354	0	0	1	1
ENSG00000258357	1	8	1	2
ENSG00000258359	7	3	5	3
ENSG00000258365	1	2	3	0
ENSG00000258366	939	1077	966	733
ENSG00000258376	21	13	25	11
ENSG00000258377	9	19	16	17
ENSG00000258384	6	2	0	7
ENSG00000258388	17	52	6	26
ENSG00000258404	0	0	0	0
ENSG00000258405	0	0	1	0
ENSG00000258427	12	7	6	3
ENSG00000258429	826	764	694	565
ENSG00000258430	7	8	6	6
ENSG00000258435	0	2	0	1
ENSG00000258441	96	193	121	148
ENSG00000258445	2	0	0	3
ENSG00000258446	0	0	0	0
ENSG00000258454	2	0	0	0
ENSG00000258457	2	0	1	3
ENSG00000258458	0	3	0	4
ENSG00000258461	7	3	2	0
ENSG00000258465	19	0	19	0
ENSG00000258466	1	3	0	0
ENSG00000258469	3	3	0	5
ENSG00000258471	0	0	0	2
ENSG00000258472	64	60	63	87
ENSG00000258477	3	0	1	0
ENSG00000258479	0	2	0	0
ENSG00000258501	1	0	0	0
ENSG00000258504	1	0	0	0
ENSG00000258512	15	17	11	20
ENSG00000258526	2	1	0	0
ENSG00000258529	81	0	0	9
ENSG00000258539	20	10	8	12
ENSG00000258551	0	0	2	0
ENSG00000258554	0	1	0	0
ENSG00000258555	0	0	0	10
ENSG00000258559	9	34	7	21
ENSG00000258560	0	1	0	0
ENSG00000258561	6	6	11	3
ENSG00000258565	0	0	1	0
ENSG00000258568	22	27	30	18
ENSG00000258572	4	15	3	9
ENSG00000258583	0	2	0	0
ENSG00000258586	0	0	0	1
ENSG00000258588	2	0	0	0
ENSG00000258590	0	4	0	5
ENSG00000258591	0	0	2	0
ENSG00000258599	1	0	2	3
ENSG00000258601	1	2	1	0
ENSG00000258602	1	2	2	0
ENSG00000258603	1	1	3	0
ENSG00000258608	1	2	0	0
ENSG00000258609	0	0	0	0
ENSG00000258610	18	44	15	31
ENSG00000258626	0	0	0	0
ENSG00000258632	0	0	1	0
ENSG00000258634	153	180	130	120
ENSG00000258643	25	31	28	13
ENSG00000258644	188	129	158	77
ENSG00000258645	5	5	5	5
ENSG00000258646	0	1	0	0
ENSG00000258651	0	0	1	0
ENSG00000258653	3	8	6	8
ENSG00000258655	0	3	2	5
ENSG00000258656	3	0	0	0
ENSG00000258657	3	0	0	1
ENSG00000258658	0	0	0	1
ENSG00000258659	492	399	497	326
ENSG00000258661	0	0	0	0
ENSG00000258667	0	4	3	0
ENSG00000258674	23	62	22	64
ENSG00000258675	0	0	0	0
ENSG00000258677	100	48	113	60
ENSG00000258682	2	0	1	0
ENSG00000258684	0	0	0	0
ENSG00000258690	0	1	0	1
ENSG00000258691	0	0	0	0
ENSG00000258695	0	0	2	0
ENSG00000258701	27	32	28	22
ENSG00000258702	5	10	5	4
ENSG00000258704	8	14	11	13
ENSG00000258707	0	1	0	0
ENSG00000258724	0	0	0	0
ENSG00000258725	1	2	1	3
ENSG00000258727	24	78	52	47
ENSG00000258728	0	0	0	0
ENSG00000258731	2	2	0	2
ENSG00000258732	0	1	0	0
ENSG00000258733	11	5	5	9
ENSG00000258736	1	0	0	0
ENSG00000258738	379	304	325	238
ENSG00000258741	4	1	8	2
ENSG00000258744	2	1	0	0
ENSG00000258748	4	4	0	3
ENSG00000258749	1	0	0	0
ENSG00000258757	0	1	1	2
ENSG00000258759	1	1	0	0
ENSG00000258760	0	2	0	0
ENSG00000258768	16	3	4	4
ENSG00000258769	0	1	0	0
ENSG00000258777	0	1	0	2
ENSG00000258789	0	0	0	0
ENSG00000258790	29	59	0	38
ENSG00000258791	0	0	0	0
ENSG00000258792	2	0	0	0
ENSG00000258794	0	0	0	0
ENSG00000258798	0	1	4	1
ENSG00000258800	1	0	0	1
ENSG00000258807	0	0	0	0
ENSG00000258811	0	0	0	2
ENSG00000258813	5	7	10	11
ENSG00000258818	189	317	199	234
ENSG00000258824	17	23	9	11
ENSG00000258830	28	14	6	0
ENSG00000258839	83	122	54	95
ENSG00000258843	0	4	1	1
ENSG00000258860	1	0	0	0
ENSG00000258867	2	2	4	12
ENSG00000258875	360	324	388	260
ENSG00000258878	0	0	0	0
ENSG00000258881	1	4	0	7
ENSG00000258884	3	7	2	6
ENSG00000258890	515	716	521	444
ENSG00000258891	0	1	0	1
ENSG00000258892	1	0	0	0
ENSG00000258897	0	2	0	0
ENSG00000258900	37	34	30	19
ENSG00000258904	1	0	3	0
ENSG00000258908	0	1	0	0
ENSG00000258913	1	0	0	0
ENSG00000258919	0	0	4	0
ENSG00000258920	55	76	60	46
ENSG00000258924	121	141	62	157
ENSG00000258925	1	0	0	0
ENSG00000258938	3	7	7	3
ENSG00000258940	19	15	12	22
ENSG00000258944	0	5	1	2
ENSG00000258947	554	576	330	549
ENSG00000258955	33	44	12	33
ENSG00000258957	0	0	1	0
ENSG00000258959	3	0	0	0
ENSG00000258964	4	0	0	0
ENSG00000258967	0	3	1	1
ENSG00000258973	0	1	0	4
ENSG00000258982	1	2	2	0
ENSG00000258984	2	39	8	0
ENSG00000258985	0	0	1	2
ENSG00000258986	1	0	0	0
ENSG00000258988	0	0	1	0
ENSG00000258989	0	0	0	5
ENSG00000259000	0	0	0	0
ENSG00000259001	6	0	0	0
ENSG00000259002	0	1	0	1
ENSG00000259004	10	32	0	14
ENSG00000259006	3	3	2	4
ENSG00000259007	3	1	7	2
ENSG00000259015	0	1	0	0
ENSG00000259017	0	0	0	0
ENSG00000259020	2	1	0	0
ENSG00000259022	1	1	0	0
ENSG00000259024	259	207	180	218
ENSG00000259030	0	14	5	12
ENSG00000259032	18	10	8	3
ENSG00000259039	0	0	0	1
ENSG00000259040	298	380	128	330
ENSG00000259049	2	7	4	1
ENSG00000259051	2	5	4	0
ENSG00000259054	1	0	1	0
ENSG00000259062	3	0	0	1
ENSG00000259065	9	0	4	10
ENSG00000259066	0	6	0	4
ENSG00000259071	3	1	5	2
ENSG00000259075	337	398	461	268
ENSG00000259079	0	0	0	0
ENSG00000259080	19	17	0	0
ENSG00000259081	0	0	0	2
ENSG00000259083	8	1	2	5
ENSG00000259086	4	0	2	4
ENSG00000259088	33	12	9	7
ENSG00000259090	0	0	0	2
ENSG00000259092	0	2	1	0
ENSG00000259098	0	0	0	1
ENSG00000259100	0	3	1	0
ENSG00000259107	2	0	0	0
ENSG00000259112	0	48	26	10
ENSG00000259120	1	0	0	0
ENSG00000259132	179	281	173	200
ENSG00000259137	0	1	0	0
ENSG00000259138	0	0	4	1
ENSG00000259146	1	1	0	0
ENSG00000259153	2	6	3	4
ENSG00000259155	0	0	0	3
ENSG00000259158	1	3	0	0
ENSG00000259169	0	1	0	0
ENSG00000259171	142	0	75	61
ENSG00000259172	4	3	2	3
ENSG00000259182	0	0	1	0
ENSG00000259185	0	0	0	2
ENSG00000259187	0	0	0	1
ENSG00000259198	0	0	1	2
ENSG00000259205	13	7	4	11
ENSG00000259207	6	3	6	1
ENSG00000259209	0	1	3	0
ENSG00000259212	0	11	0	7
ENSG00000259219	0	0	0	0
ENSG00000259230	0	2	0	9
ENSG00000259238	5	6	8	2
ENSG00000259244	2	9	1	3
ENSG00000259248	4	10	5	12
ENSG00000259250	1	0	0	0
ENSG00000259251	0	0	2	1
ENSG00000259254	0	1	1	0
ENSG00000259274	0	0	0	0
ENSG00000259278	9	3	1	11
ENSG00000259286	0	0	1	0
ENSG00000259287	2	2	0	0
ENSG00000259288	2	0	0	0
ENSG00000259291	22	37	27	46
ENSG00000259295	1	12	2	21
ENSG00000259299	0	0	1	0
ENSG00000259305	25	28	27	19
ENSG00000259307	0	0	2	0
ENSG00000259308	0	1	0	0
ENSG00000259314	0	0	0	0
ENSG00000259315	0	5	7	6
ENSG00000259316	206	187	164	115
ENSG00000259318	0	2	0	0
ENSG00000259319	1	0	1	1
ENSG00000259321	0	8	6	4
ENSG00000259326	0	2	0	2
ENSG00000259327	1	0	1	0
ENSG00000259330	504	627	385	615
ENSG00000259332	72	88	57	65
ENSG00000259343	3	20	10	23
ENSG00000259347	0	1	1	0
ENSG00000259349	3	4	1	0
ENSG00000259354	6	7	19	7
ENSG00000259357	0	3	4	2
ENSG00000259358	0	1	0	0
ENSG00000259363	2	8	24	13
ENSG00000259366	20	13	25	14
ENSG00000259371	1	0	4	7
ENSG00000259374	0	0	0	0
ENSG00000259375	0	2	8	0
ENSG00000259377	0	0	0	0
ENSG00000259378	0	4	4	2
ENSG00000259388	1	0	0	3
ENSG00000259399	33	21	31	43
ENSG00000259404	5	8	1	5
ENSG00000259407	0	0	0	3
ENSG00000259408	0	3	1	0
ENSG00000259409	0	0	1	0
ENSG00000259415	2	0	0	0
ENSG00000259419	0	1	1	1
ENSG00000259421	2	0	0	0
ENSG00000259422	2	0	1	0
ENSG00000259423	0	0	0	0
ENSG00000259426	6	0	5	0
ENSG00000259429	9	16	16	11
ENSG00000259431	317	400	366	321
ENSG00000259436	77	49	50	58
ENSG00000259438	2	8	2	3
ENSG00000259439	33	138	2	92
ENSG00000259445	0	0	0	1
ENSG00000259448	1	11	7	3
ENSG00000259453	0	0	2	0
ENSG00000259456	10	15	16	13
ENSG00000259469	0	5	0	0
ENSG00000259479	774	1053	573	863
ENSG00000259488	10	24	17	12
ENSG00000259494	848	993	761	696
ENSG00000259498	0	1	0	0
ENSG00000259511	2	1	5	2
ENSG00000259512	0	0	0	0
ENSG00000259516	1	0	1	0
ENSG00000259520	0	3	0	3
ENSG00000259522	0	0	12	0
ENSG00000259529	55	156	79	121
ENSG00000259536	0	1	4	2
ENSG00000259539	2	3	1	4
ENSG00000259548	0	0	0	0
ENSG00000259551	0	1	0	0
ENSG00000259553	0	1	0	1
ENSG00000259556	0	0	0	1
ENSG00000259562	1	11	2	2
ENSG00000259577	3	4	8	14
ENSG00000259580	0	1	1	0
ENSG00000259581	2	8	1	4
ENSG00000259584	1	0	0	0
ENSG00000259589	0	0	0	0
ENSG00000259590	0	0	0	0
ENSG00000259595	0	1	0	1
ENSG00000259598	2	0	0	0
ENSG00000259605	9	16	10	15
ENSG00000259607	1	1	0	2
ENSG00000259612	4	7	7	5
ENSG00000259623	132	182	163	155
ENSG00000259630	0	2	3	1
ENSG00000259635	0	0	3	0
ENSG00000259642	172	163	130	122
ENSG00000259648	1	0	0	0
ENSG00000259649	0	0	2	0
ENSG00000259652	3	1	1	0
ENSG00000259655	0	1	0	0
ENSG00000259657	0	1	0	0
ENSG00000259658	41	47	18	23
ENSG00000259659	1	4	2	0
ENSG00000259660	28	30	29	36
ENSG00000259661	0	2	4	1
ENSG00000259673	46	58	44	39
ENSG00000259676	0	0	0	1
ENSG00000259687	0	0	2	0
ENSG00000259694	0	1	0	0
ENSG00000259699	2	4	7	7
ENSG00000259704	1	2	1	0
ENSG00000259705	0	2	0	0
ENSG00000259706	5	1	6	3
ENSG00000259712	1	0	0	0
ENSG00000259713	0	0	0	0
ENSG00000259717	0	0	1	0
ENSG00000259726	8	20	13	12
ENSG00000259728	7	7	12	6
ENSG00000259736	3	3	3	0
ENSG00000259746	2	2	1	2
ENSG00000259751	0	1	0	0
ENSG00000259753	0	8	0	0
ENSG00000259768	281	119	230	107
ENSG00000259771	0	2	0	0
ENSG00000259772	0	0	0	0
ENSG00000259774	0	0	0	0
ENSG00000259775	1	3	4	3
ENSG00000259780	2	0	0	3
ENSG00000259781	2380	2898	2542	2358
ENSG00000259782	0	0	0	3
ENSG00000259784	0	0	0	0
ENSG00000259790	4	1	5	3
ENSG00000259793	0	0	0	0
ENSG00000259797	0	0	2	0
ENSG00000259802	43	39	43	47
ENSG00000259803	2	7	0	3
ENSG00000259804	0	4	3	0
ENSG00000259810	0	0	0	2
ENSG00000259813	0	0	0	1
ENSG00000259818	2	0	1	0
ENSG00000259820	8	36	14	22
ENSG00000259823	0	2	0	0
ENSG00000259826	7	16	25	11
ENSG00000259834	1113	1035	1194	917
ENSG00000259843	0	1	1	2
ENSG00000259845	3	1	0	0
ENSG00000259848	0	0	0	0
ENSG00000259856	93	88	45	80
ENSG00000259865	62	69	61	63
ENSG00000259867	0	0	0	4
ENSG00000259868	0	2	0	0
ENSG00000259877	50	58	37	40
ENSG00000259884	1	0	0	0
ENSG00000259891	15	19	14	14
ENSG00000259895	5	1	2	5
ENSG00000259907	0	2	0	0
ENSG00000259915	1	0	1	1
ENSG00000259917	27	33	10	28
ENSG00000259924	1	3	1	2
ENSG00000259932	4	0	2	0
ENSG00000259939	5	1	0	8
ENSG00000259940	13	17	9	7
ENSG00000259943	72	114	84	65
ENSG00000259945	0	0	0	3
ENSG00000259948	2	0	0	0
ENSG00000259952	7	7	4	6
ENSG00000259953	71	69	68	60
ENSG00000259954	2	0	2	0
ENSG00000259956	8373	7385	7047	5605
ENSG00000259959	27	58	27	41
ENSG00000259972	14	33	20	24
ENSG00000259974	8	0	0	0
ENSG00000259976	106	21	71	50
ENSG00000259984	2	0	0	7
ENSG00000259985	9	5	15	5
ENSG00000259994	16	32	33	14
ENSG00000259998	0	0	0	0
ENSG00000260000	23	36	18	28
ENSG00000260001	113	136	96	64
ENSG00000260005	0	4	0	0
ENSG00000260007	185	283	167	202
ENSG00000260010	0	2	0	0
ENSG00000260018	30	30	26	31
ENSG00000260021	1	0	0	0
ENSG00000260027	217	154	232	108
ENSG00000260032	6512	6900	5711	5818
ENSG00000260035	0	3	0	0
ENSG00000260046	0	1	1	8
ENSG00000260052	1	4	0	2
ENSG00000260057	0	0	0	0
ENSG00000260060	0	1	0	1
ENSG00000260063	16	20	15	18
ENSG00000260066	2	1	0	0
ENSG00000260077	141	89	176	74
ENSG00000260081	7	23	6	22
ENSG00000260082	0	0	2	0
ENSG00000260083	107	93	82	95
ENSG00000260086	33	17	20	24
ENSG00000260088	1	4	4	2
ENSG00000260091	0	0	0	0
ENSG00000260092	3	0	1	1
ENSG00000260093	0	1	0	1
ENSG00000260095	3	1	3	0
ENSG00000260097	4	1	0	0
ENSG00000260100	1	2	1	0
ENSG00000260101	55	31	23	33
ENSG00000260103	53	46	52	41
ENSG00000260105	0	0	0	0
ENSG00000260111	4	0	1	0
ENSG00000260118	0	1	0	1
ENSG00000260121	0	2	0	7
ENSG00000260122	1	0	1	0
ENSG00000260123	0	0	0	0
ENSG00000260128	0	0	4	1
ENSG00000260132	1	0	0	0
ENSG00000260136	27	38	35	25
ENSG00000260139	0	0	0	2
ENSG00000260142	2	4	3	2
ENSG00000260144	0	0	0	1
ENSG00000260160	0	3	1	0
ENSG00000260163	0	5	0	1
ENSG00000260167	0	0	0	2
ENSG00000260176	0	0	0	0
ENSG00000260179	1	3	1	3
ENSG00000260183	0	1	0	0
ENSG00000260186	0	1	0	0
ENSG00000260190	0	1	3	4
ENSG00000260193	56	90	49	86
ENSG00000260196	2	1	2	4
ENSG00000260197	16	13	19	15
ENSG00000260198	0	1	0	2
ENSG00000260201	0	2	0	1
ENSG00000260211	0	0	2	0
ENSG00000260219	21	27	21	13
ENSG00000260220	1	1	0	0
ENSG00000260231	244	400	212	351
ENSG00000260233	10	18	5	9
ENSG00000260234	0	0	0	1
ENSG00000260236	28	44	28	33
ENSG00000260238	148	138	98	122
ENSG00000260240	0	0	0	1
ENSG00000260249	0	0	1	3
ENSG00000260257	51	45	63	33
ENSG00000260259	0	0	1	2
ENSG00000260260	250	376	223	281
ENSG00000260261	17	89	40	64
ENSG00000260265	0	0	0	0
ENSG00000260266	0	0	0	1
ENSG00000260267	280	232	274	238
ENSG00000260269	23	21	10	22
ENSG00000260272	0	0	0	6
ENSG00000260273	2	6	2	2
ENSG00000260274	55	99	64	65
ENSG00000260276	75	93	62	58
ENSG00000260278	2	7	7	4
ENSG00000260279	0	0	0	0
ENSG00000260280	28	146	58	86
ENSG00000260285	16	25	31	23
ENSG00000260286	0	1	0	0
ENSG00000260288	1	1	1	4
ENSG00000260290	8	18	12	13
ENSG00000260293	1	5	1	2
ENSG00000260296	2	10	4	7
ENSG00000260300	16	16	14	11
ENSG00000260302	0	0	0	0
ENSG00000260303	0	1	0	0
ENSG00000260304	0	0	1	0
ENSG00000260306	4	1	1	0
ENSG00000260314	0	0	0	0
ENSG00000260316	3	0	8	0
ENSG00000260317	0	0	0	3
ENSG00000260318	1	0	0	0
ENSG00000260325	1	0	0	0
ENSG00000260329	20	18	17	20
ENSG00000260331	2	0	0	3
ENSG00000260335	175	151	132	89
ENSG00000260339	0	0	0	2
ENSG00000260342	260	316	231	230
ENSG00000260350	1	3	0	2
ENSG00000260357	0	1	0	0
ENSG00000260360	2	6	1	5
ENSG00000260361	3	1	2	0
ENSG00000260366	0	0	2	0
ENSG00000260367	1	7	5	4
ENSG00000260368	0	1	0	1
ENSG00000260369	0	2	1	1
ENSG00000260388	7	8	3	11
ENSG00000260394	0	2	0	0
ENSG00000260398	71	40	44	49
ENSG00000260400	21	3	13	10
ENSG00000260401	1	7	0	8
ENSG00000260404	218	292	218	228
ENSG00000260409	15	14	10	6
ENSG00000260410	0	0	1	0
ENSG00000260413	0	0	0	1
ENSG00000260417	0	1	0	0
ENSG00000260423	6	3	2	8
ENSG00000260428	4	1	5	4
ENSG00000260430	0	0	2	2
ENSG00000260442	89	88	61	79
ENSG00000260448	11	16	13	18
ENSG00000260452	0	2	0	0
ENSG00000260454	0	0	0	0
ENSG00000260456	205	298	163	224
ENSG00000260458	17	6	0	2
ENSG00000260460	0	1	0	0
ENSG00000260461	58	45	40	36
ENSG00000260464	6	3	1	1
ENSG00000260465	4	0	0	1
ENSG00000260467	0	0	0	1
ENSG00000260470	0	0	1	0
ENSG00000260471	1	0	0	0
ENSG00000260475	0	9	6	3
ENSG00000260479	0	2	0	1
ENSG00000260482	4	0	0	0
ENSG00000260490	4	3	5	2
ENSG00000260493	0	1	0	0
ENSG00000260495	0	2	0	0
ENSG00000260498	1	0	3	2
ENSG00000260500	0	0	2	0
ENSG00000260509	2	1	2	1
ENSG00000260510	0	0	1	1
ENSG00000260511	0	0	0	1
ENSG00000260517	5	1	3	2
ENSG00000260518	2	0	0	0
ENSG00000260526	32	26	11	12
ENSG00000260528	13	47	6	30
ENSG00000260537	164	108	158	90
ENSG00000260548	9	4	6	0
ENSG00000260549	0	4	5	28
ENSG00000260552	0	4	0	2
ENSG00000260563	14	49	23	43
ENSG00000260565	107	188	102	134
ENSG00000260566	7	2	19	7
ENSG00000260570	0	4	4	2
ENSG00000260571	0	0	0	0
ENSG00000260572	4	15	2	12
ENSG00000260576	0	0	0	0
ENSG00000260583	0	0	2	0
ENSG00000260588	11	16	5	5
ENSG00000260589	5	6	2	17
ENSG00000260597	0	1	0	0
ENSG00000260613	2	0	2	3
ENSG00000260615	2	4	1	2
ENSG00000260619	0	0	0	4
ENSG00000260625	7	2	1	2
ENSG00000260628	0	0	0	2
ENSG00000260630	143	144	129	117
ENSG00000260634	10	20	11	23
ENSG00000260641	11	1	4	4
ENSG00000260643	89	37	80	53
ENSG00000260644	2	6	8	2
ENSG00000260645	0	0	0	0
ENSG00000260646	1	0	0	0
ENSG00000260647	0	0	0	2
ENSG00000260648	0	0	1	0
ENSG00000260668	0	0	0	0
ENSG00000260669	39	59	51	33
ENSG00000260672	0	0	0	1
ENSG00000260682	0	0	1	0
ENSG00000260686	10	8	7	9
ENSG00000260690	1	0	0	0
ENSG00000260691	3	4	0	0
ENSG00000260698	3	0	4	1
ENSG00000260704	3	15	3	4
ENSG00000260708	117	168	80	134
ENSG00000260711	0	2	0	1
ENSG00000260714	0	1	3	1
ENSG00000260719	5	15	10	7
ENSG00000260727	47	56	48	43
ENSG00000260729	0	0	7	0
ENSG00000260735	4	2	3	2
ENSG00000260737	0	2	1	0
ENSG00000260740	1	1	0	1
ENSG00000260742	16	14	6	13
ENSG00000260743	11	8	13	8
ENSG00000260747	39	29	31	20
ENSG00000260750	1	2	0	0
ENSG00000260751	2	3	6	6
ENSG00000260762	0	1	0	0
ENSG00000260772	167	238	217	193
ENSG00000260773	0	0	1	0
ENSG00000260774	2	7	1	7
ENSG00000260776	0	2	0	0
ENSG00000260778	5	18	1	17
ENSG00000260782	0	0	2	0
ENSG00000260784	1	0	0	0
ENSG00000260790	0	0	1	0
ENSG00000260792	0	0	2	0
ENSG00000260793	5	21	18	29
ENSG00000260796	0	0	0	1
ENSG00000260799	0	1	1	0
ENSG00000260803	0	0	1	1
ENSG00000260804	216	236	182	187
ENSG00000260805	11	12	8	19
ENSG00000260806	36	38	19	29
ENSG00000260807	2	0	0	3
ENSG00000260810	17	12	22	9
ENSG00000260816	11	5	3	2
ENSG00000260822	413	572	484	486
ENSG00000260828	7	12	21	10
ENSG00000260830	2	3	7	2
ENSG00000260836	0	2	0	1
ENSG00000260851	1	0	0	0
ENSG00000260852	130	145	140	86
ENSG00000260855	1	1	3	0
ENSG00000260861	1	0	0	0
ENSG00000260869	0	0	8	0
ENSG00000260871	2	4	1	1
ENSG00000260874	4	3	2	1
ENSG00000260876	26	26	13	15
ENSG00000260879	14	27	17	14
ENSG00000260884	0	0	0	1
ENSG00000260886	0	0	0	0
ENSG00000260892	1	0	0	0
ENSG00000260894	0	1	0	0
ENSG00000260895	0	0	0	1
ENSG00000260896	2	0	2	1
ENSG00000260898	2	4	5	11
ENSG00000260899	0	0	0	4
ENSG00000260903	0	1	1	1
ENSG00000260905	1	0	0	0
ENSG00000260908	2	0	2	0
ENSG00000260911	1	0	1	0
ENSG00000260912	46	68	28	65
ENSG00000260914	2126	2463	1886	2171
ENSG00000260916	1238	1222	1130	1193
ENSG00000260917	201	254	204	217
ENSG00000260920	101	89	84	72
ENSG00000260923	11	20	10	22
ENSG00000260924	10	32	9	31
ENSG00000260927	0	1	0	1
ENSG00000260941	0	0	0	0
ENSG00000260942	18	40	12	32
ENSG00000260948	6	23	12	14
ENSG00000260949	0	5	1	3
ENSG00000260953	0	0	1	0
ENSG00000260954	5	0	1	1
ENSG00000260955	2	1	0	0
ENSG00000260966	19	50	26	46
ENSG00000260976	0	0	0	0
ENSG00000260979	0	0	0	0
ENSG00000260988	0	0	0	1
ENSG00000260992	10	7	6	3
ENSG00000260996	19	4	2	4
ENSG00000260997	1404	1325	1254	1218
ENSG00000261000	0	2	3	1
ENSG00000261008	10	16	12	14
ENSG00000261011	0	1	0	0
ENSG00000261019	0	1	0	3
ENSG00000261026	5	0	5	3
ENSG00000261030	0	0	3	0
ENSG00000261033	0	0	2	0
ENSG00000261037	0	0	0	0
ENSG00000261052	175	159	90	272
ENSG00000261055	6	4	0	0
ENSG00000261056	0	3	0	0
ENSG00000261061	226	330	302	185
ENSG00000261064	3	7	4	13
ENSG00000261067	49	40	40	64
ENSG00000261068	0	1	0	0
ENSG00000261071	23	19	17	21
ENSG00000261072	0	0	0	1
ENSG00000261079	7	4	4	4
ENSG00000261087	20	19	18	19
ENSG00000261093	0	3	3	0
ENSG00000261094	22	32	21	24
ENSG00000261095	0	0	0	0
ENSG00000261096	2	9	12	16
ENSG00000261098	35	23	27	15
ENSG00000261101	3	11	6	8
ENSG00000261113	1	0	1	0
ENSG00000261114	1	11	8	8
ENSG00000261115	943	834	920	631
ENSG00000261118	1	5	3	1
ENSG00000261123	0	2	0	0
ENSG00000261126	7	0	7	10
ENSG00000261135	3	1	7	7
ENSG00000261136	9	13	3	9
ENSG00000261140	13	7	8	5
ENSG00000261147	4	0	0	6
ENSG00000261150	49	6	3	0
ENSG00000261156	0	3	1	0
ENSG00000261159	8	8	2	10
ENSG00000261167	91	89	93	65
ENSG00000261168	0	0	2	0
ENSG00000261173	2	3	2	0
ENSG00000261174	0	1	0	0
ENSG00000261183	4	0	0	0
ENSG00000261186	0	5	0	2
ENSG00000261187	1	0	0	4
ENSG00000261188	44	69	64	56
ENSG00000261192	0	0	0	1
ENSG00000261200	0	0	0	1
ENSG00000261202	1	1	3	0
ENSG00000261203	0	1	0	0
ENSG00000261215	2	5	7	20
ENSG00000261218	0	0	0	0
ENSG00000261220	17	53	24	45
ENSG00000261221	1296	1040	1296	827
ENSG00000261222	16	20	18	42
ENSG00000261226	0	0	1	1
ENSG00000261229	0	0	0	0
ENSG00000261236	5886	6868	5262	5620
ENSG00000261242	2	1	5	0
ENSG00000261247	9	17	12	26
ENSG00000261251	1	7	3	4
ENSG00000261253	0	2	0	1
ENSG00000261266	1	0	0	0
ENSG00000261270	3	12	4	5
ENSG00000261273	0	0	1	0
ENSG00000261279	1	4	0	7
ENSG00000261286	15	1	3	4
ENSG00000261288	0	0	0	0
ENSG00000261294	0	0	0	0
ENSG00000261302	1	0	1	0
ENSG00000261305	5	1	1	7
ENSG00000261308	10	13	14	7
ENSG00000261312	0	0	1	0
ENSG00000261318	0	0	0	0
ENSG00000261324	13	24	22	22
ENSG00000261326	12	15	10	17
ENSG00000261329	0	0	1	0
ENSG00000261334	0	0	0	1
ENSG00000261335	5	5	2	5
ENSG00000261338	123	145	88	129
ENSG00000261341	3	0	1	0
ENSG00000261342	2	25	2	14
ENSG00000261351	17	40	42	9
ENSG00000261359	17	21	19	10
ENSG00000261360	3	9	5	12
ENSG00000261366	5	4	5	10
ENSG00000261371	928	185	1053	180
ENSG00000261373	413	518	401	334
ENSG00000261375	0	1	0	0
ENSG00000261377	38	61	31	46
ENSG00000261386	1	1	1	0
ENSG00000261390	0	1	0	0
ENSG00000261402	2	0	1	0
ENSG00000261407	0	0	1	1
ENSG00000261408	31	74	45	47
ENSG00000261409	94	15	57	6
ENSG00000261416	23	19	37	17
ENSG00000261420	0	7	1	1
ENSG00000261423	30	47	24	36
ENSG00000261428	28	57	26	41
ENSG00000261431	0	1	3	2
ENSG00000261433	0	0	0	0
ENSG00000261435	18	5	8	7
ENSG00000261438	51	56	30	38
ENSG00000261441	4	13	17	8
ENSG00000261447	0	1	0	0
ENSG00000261448	0	3	0	0
ENSG00000261451	0	3	0	0
ENSG00000261455	144	184	139	136
ENSG00000261459	59	0	0	25
ENSG00000261460	3	2	0	0
ENSG00000261461	4	8	8	3
ENSG00000261468	7	4	13	1
ENSG00000261474	5	2	4	3
ENSG00000261476	0	0	1	1
ENSG00000261481	1	0	0	0
ENSG00000261485	14	40	12	27
ENSG00000261487	44	86	27	83
ENSG00000261488	0	2	1	1
ENSG00000261490	20	28	23	31
ENSG00000261499	15	3	0	0
ENSG00000261501	0	0	2	0
ENSG00000261504	19	27	9	15
ENSG00000261505	1	2	4	0
ENSG00000261512	710	624	637	561
ENSG00000261513	1	0	2	0
ENSG00000261514	0	0	0	1
ENSG00000261519	4	1	1	0
ENSG00000261520	1	0	0	0
ENSG00000261522	0	0	0	0
ENSG00000261526	23	72	46	33
ENSG00000261534	15	15	13	19
ENSG00000261537	0	0	1	2
ENSG00000261542	2	3	11	2
ENSG00000261544	0	0	0	0
ENSG00000261546	2	1	2	0
ENSG00000261549	2	0	0	0
ENSG00000261552	0	0	0	4
ENSG00000261553	43	86	42	50
ENSG00000261556	38	90	50	60
ENSG00000261559	4	0	2	1
ENSG00000261560	4	7	4	4
ENSG00000261570	0	0	0	0
ENSG00000261575	0	3	3	1
ENSG00000261578	51	26	26	29
ENSG00000261582	0	3	0	2
ENSG00000261584	1	0	0	1
ENSG00000261587	3	17	2	14
ENSG00000261588	2	2	1	3
ENSG00000261594	17	5	26	15
ENSG00000261595	1	0	0	0
ENSG00000261596	1	1	4	2
ENSG00000261599	0	6	5	2
ENSG00000261604	0	0	4	2
ENSG00000261606	0	0	0	0
ENSG00000261609	510	680	498	572
ENSG00000261610	4	1	0	0
ENSG00000261611	7	3	10	13
ENSG00000261612	0	1	0	0
ENSG00000261613	119	120	106	70
ENSG00000261614	0	1	2	0
ENSG00000261618	7	10	12	16
ENSG00000261635	1	1	0	2
ENSG00000261644	17	8	10	4
ENSG00000261645	2	0	1	0
ENSG00000261652	12	17	10	12
ENSG00000261654	6	10	3	3
ENSG00000261655	0	2	2	3
ENSG00000261659	12	12	22	13
ENSG00000261662	25	22	22	23
ENSG00000261663	2	0	5	1
ENSG00000261667	0	0	0	0
ENSG00000261668	0	1	0	0
ENSG00000261670	2	0	2	1
ENSG00000261671	1	0	0	0
ENSG00000261684	4	3	3	2
ENSG00000261687	0	2	0	0
ENSG00000261691	1	5	3	1
ENSG00000261693	9	0	5	0
ENSG00000261716	58	95	55	51
ENSG00000261717	2	0	9	15
ENSG00000261732	25	31	30	5
ENSG00000261737	18	28	13	7
ENSG00000261739	5	5	5	24
ENSG00000261740	1661	1971	1343	1469
ENSG00000261754	9	1	9	4
ENSG00000261758	0	0	0	0
ENSG00000261759	0	1	0	1
ENSG00000261762	2	0	1	2
ENSG00000261766	0	3	2	0
ENSG00000261770	3	4	3	4
ENSG00000261771	0	0	2	0
ENSG00000261773	3	1	1	1
ENSG00000261775	0	0	3	0
ENSG00000261777	28	14	35	12
ENSG00000261783	4	8	3	3
ENSG00000261786	0	0	0	0
ENSG00000261787	1	0	0	1
ENSG00000261790	2	2	3	0
ENSG00000261793	11	7	0	10
ENSG00000261794	1	0	4	4
ENSG00000261796	3151	2757	2000	2173
ENSG00000261798	1	2	4	0
ENSG00000261799	136	122	143	89
ENSG00000261801	269	343	320	379
ENSG00000261804	0	0	0	2
ENSG00000261816	0	0	0	0
ENSG00000261819	6	0	1	0
ENSG00000261821	0	0	0	1
ENSG00000261822	0	0	0	0
ENSG00000261824	215	242	172	183
ENSG00000261832	270	195	153	273
ENSG00000261839	3	1	2	4
ENSG00000261840	18	25	24	22
ENSG00000261845	3	7	1	2
ENSG00000261857	23	31	22	35
ENSG00000261864	0	0	0	0
ENSG00000261866	0	4	0	1
ENSG00000261872	1	0	0	0
ENSG00000261879	6	2	3	2
ENSG00000261884	54	178	122	157
ENSG00000261886	0	1	0	0
ENSG00000261888	3	6	2	6
ENSG00000261889	5	5	7	7
ENSG00000261915	17	7	16	0
ENSG00000261916	0	0	0	2
ENSG00000261924	0	0	0	0
ENSG00000261934	0	0	0	0
ENSG00000261971	667	772	777	629
ENSG00000261996	0	5	0	0
ENSG00000261997	0	0	0	0
ENSG00000262001	13	17	24	16
ENSG00000262039	0	0	0	2
ENSG00000262049	86	109	53	39
ENSG00000262050	6	10	1	3
ENSG00000262061	5	6	1	0
ENSG00000262074	9	0	2	9
ENSG00000262075	0	2	0	1
ENSG00000262089	7	0	11	2
ENSG00000262136	9	10	3	3
ENSG00000262140	0	0	3	5
ENSG00000262155	1	3	4	3
ENSG00000262160	1	7	7	6
ENSG00000262165	1	0	1	1
ENSG00000262172	0	0	0	0
ENSG00000262179	0	0	0	4
ENSG00000262180	0	5	2	0
ENSG00000262185	0	4	1	2
ENSG00000262202	3	10	0	8
ENSG00000262209	3	1	2	3
ENSG00000262227	30	52	16	23
ENSG00000262228	0	0	1	2
ENSG00000262246	3266	4245	3044	4237
ENSG00000262265	2	1	3	0
ENSG00000262292	1	0	0	0
ENSG00000262302	0	0	0	0
ENSG00000262304	0	0	14	0
ENSG00000262312	0	1	0	0
ENSG00000262332	0	0	0	0
ENSG00000262333	0	18	8	12
ENSG00000262358	1	1	0	0
ENSG00000262370	129	128	125	142
ENSG00000262380	0	0	2	0
ENSG00000262402	1	0	0	0
ENSG00000262406	0	0	0	0
ENSG00000262410	0	0	1	0
ENSG00000262412	3	4	4	2
ENSG00000262413	23	25	16	19
ENSG00000262420	6	5	5	5
ENSG00000262429	0	0	0	1
ENSG00000262454	9	8	8	2
ENSG00000262456	0	1	0	0
ENSG00000262468	57	90	52	88
ENSG00000262477	4	18	9	7
ENSG00000262481	22	5	4	4
ENSG00000262484	0	6	2	3
ENSG00000262488	18	8	3	5
ENSG00000262497	0	0	0	1
ENSG00000262500	5	3	1	2
ENSG00000262503	0	0	0	0
ENSG00000262514	3	1	4	1
ENSG00000262519	0	0	0	0
ENSG00000262526	19	0	0	0
ENSG00000262528	0	0	0	0
ENSG00000262533	0	0	0	1
ENSG00000262539	0	0	0	0
ENSG00000262554	3	0	0	0
ENSG00000262576	0	0	0	0
ENSG00000262580	11	63	23	72
ENSG00000262585	13	11	23	6
ENSG00000262587	15	8	12	15
ENSG00000262621	5	10	5	2
ENSG00000262633	51	81	125	77
ENSG00000262652	0	6	2	2
ENSG00000262655	0	0	0	0
ENSG00000262660	0	4	0	0
ENSG00000262663	0	0	1	2
ENSG00000262664	1140	1106	1085	1026
ENSG00000262668	0	0	0	0
ENSG00000262678	0	1	0	0
ENSG00000262686	2	0	0	0
ENSG00000262691	1	8	10	9
ENSG00000262703	0	0	0	0
ENSG00000262712	17	40	3	18
ENSG00000262728	12	10	11	8
ENSG00000262732	0	2	0	4
ENSG00000262766	0	2	0	0
ENSG00000262768	1	0	1	0
ENSG00000262772	1	1	3	7
ENSG00000262801	0	0	0	0
ENSG00000262814	5598	6114	4840	4745
ENSG00000262823	41	44	43	26
ENSG00000262831	1	0	0	0
ENSG00000262873	0	1	0	2
ENSG00000262874	0	0	0	0
ENSG00000262877	0	2	1	3
ENSG00000262879	183	172	133	110
ENSG00000262903	0	0	2	2
ENSG00000262904	1	3	4	6
ENSG00000262919	1107	1880	903	1726
ENSG00000262943	0	0	0	0
ENSG00000262967	0	0	1	0
ENSG00000262979	0	4	0	4
ENSG00000262995	0	0	0	0
ENSG00000263001	9365	8141	7681	6292
ENSG00000263002	77	32	90	30
ENSG00000263004	10	17	14	12
ENSG00000263006	17	32	21	18
ENSG00000263015	0	1	0	0
ENSG00000263020	41	70	85	48
ENSG00000263033	2	11	1	10
ENSG00000263065	0	1	0	0
ENSG00000263069	1	12	1	2
ENSG00000263072	121	157	135	93
ENSG00000263080	0	0	2	2
ENSG00000263105	0	2	0	0
ENSG00000263120	0	2	0	0
ENSG00000263126	54	47	20	71
ENSG00000263142	2	1	0	0
ENSG00000263155	0	2	0	1
ENSG00000263165	0	0	2	0
ENSG00000263179	1	1	1	2
ENSG00000263212	6	6	0	12
ENSG00000263218	0	0	2	1
ENSG00000263220	0	0	2	0
ENSG00000263235	13	15	6	6
ENSG00000263237	0	3	0	0
ENSG00000263264	152	236	162	173
ENSG00000263266	121	113	101	105
ENSG00000263272	27	19	24	16
ENSG00000263276	4	14	13	5
ENSG00000263280	8	10	4	3
ENSG00000263307	0	2	2	0
ENSG00000263326	0	0	1	0
ENSG00000263327	23	19	27	16
ENSG00000263335	64	31	55	35
ENSG00000263345	0	2	1	0
ENSG00000263353	0	0	0	1
ENSG00000263393	0	0	1	0
ENSG00000263394	0	0	0	0
ENSG00000263400	0	0	0	0
ENSG00000263412	15	16	7	17
ENSG00000263429	0	0	0	0
ENSG00000263464	0	0	0	1
ENSG00000263465	1772	1755	1477	1420
ENSG00000263482	0	0	0	1
ENSG00000263503	19	14	23	31
ENSG00000263508	0	0	0	0
ENSG00000263513	793	785	728	611
ENSG00000263528	2332	2235	2101	2149
ENSG00000263535	21	27	14	20
ENSG00000263563	5	5	6	5
ENSG00000263585	0	2	0	0
ENSG00000263590	7	0	8	11
ENSG00000263606	3	2	0	1
ENSG00000263620	110	170	112	31
ENSG00000263627	0	0	2	0
ENSG00000263647	14	9	3	8
ENSG00000263648	0	0	0	0
ENSG00000263667	1	0	0	0
ENSG00000263680	0	3	0	0
ENSG00000263718	0	0	0	0
ENSG00000263731	72	52	99	49
ENSG00000263740	7	1	5	0
ENSG00000263753	297	236	272	212
ENSG00000263756	4	1	0	1
ENSG00000263766	3	2	3	0
ENSG00000263786	0	3	3	2
ENSG00000263809	28	10	15	6
ENSG00000263812	6	0	3	4
ENSG00000263818	0	3	3	3
ENSG00000263823	94	38	47	44
ENSG00000263826	7	3	2	4
ENSG00000263829	6	3	2	1
ENSG00000263843	83	68	91	64
ENSG00000263846	0	0	0	2
ENSG00000263874	9	40	19	28
ENSG00000263883	0	1	0	0
ENSG00000263884	3	9	5	0
ENSG00000263917	8	17	3	25
ENSG00000263934	16	20	19	13
ENSG00000263941	2	0	4	0
ENSG00000263956	330	383	297	215
ENSG00000263968	2	0	1	1
ENSG00000263986	0	0	1	0
ENSG00000264006	1	0	1	0
ENSG00000264007	0	0	0	0
ENSG00000264019	2	2	1	0
ENSG00000264023	1	0	1	0
ENSG00000264044	1	1	0	2
ENSG00000264057	0	0	0	1
ENSG00000264058	7	0	0	0
ENSG00000264070	19	26	20	19
ENSG00000264078	0	0	0	0
ENSG00000264083	0	0	1	0
ENSG00000264107	0	4	1	0
ENSG00000264112	95	230	160	175
ENSG00000264148	0	0	0	0
ENSG00000264187	21	37	28	10
ENSG00000264188	1	0	3	1
ENSG00000264204	53	63	40	18
ENSG00000264207	38	24	22	29
ENSG00000264230	263	399	165	338
ENSG00000264235	7	4	6	2
ENSG00000264247	329	238	279	169
ENSG00000264257	20	8	14	6
ENSG00000264278	82	97	54	63
ENSG00000264290	2	5	3	3
ENSG00000264293	0	3	2	1
ENSG00000264324	5	4	0	4
ENSG00000264343	499	445	501	365
ENSG00000264350	7	1	0	1
ENSG00000264364	5887	6434	5061	5355
ENSG00000264384	0	4	0	1
ENSG00000264443	0	0	1	0
ENSG00000264451	0	0	4	0
ENSG00000264456	0	3	2	4
ENSG00000264501	0	3	8	0
ENSG00000264522	1297	1319	1166	1096
ENSG00000264538	60	121	74	79
ENSG00000264545	3	3	7	0
ENSG00000264546	0	3	0	0
ENSG00000264548	4	7	1	5
ENSG00000264558	0	2	1	2
ENSG00000264569	1	0	2	2
ENSG00000264570	0	1	1	0
ENSG00000264575	28	23	31	10
ENSG00000264577	0	2	3	0
ENSG00000264578	1	0	1	1
ENSG00000264589	0	0	0	0
ENSG00000264608	15	5	9	6
ENSG00000264635	3	1	2	3
ENSG00000264655	0	0	1	0
ENSG00000264668	9	7	0	53
ENSG00000264672	1	0	0	3
ENSG00000264734	0	0	0	0
ENSG00000264739	3	4	1	9
ENSG00000264743	0	2	0	0
ENSG00000264745	0	0	3	0
ENSG00000264772	90	101	89	103
ENSG00000264801	0	1	0	0
ENSG00000264808	0	2	2	1
ENSG00000264812	2	1	1	1
ENSG00000264853	1	0	0	0
ENSG00000264885	71	63	81	52
ENSG00000264895	6	9	12	15
ENSG00000264920	64	72	40	46
ENSG00000264943	0	3	0	2
ENSG00000264954	1	2	3	1
ENSG00000264964	0	7	0	0
ENSG00000264968	0	1	0	0
ENSG00000265008	0	2	2	1
ENSG00000265018	9	13	7	10
ENSG00000265055	4	1	0	3
ENSG00000265094	1	0	0	0
ENSG00000265095	1	0	0	0
ENSG00000265100	0	1	3	5
ENSG00000265118	21	10	40	8
ENSG00000265142	0	0	1	0
ENSG00000265148	850	843	856	836
ENSG00000265168	0	6	1	0
ENSG00000265182	0	0	0	1
ENSG00000265185	0	0	3	0
ENSG00000265190	184	382	99	489
ENSG00000265194	0	0	0	2
ENSG00000265206	296	626	404	534
ENSG00000265218	4	4	2	1
ENSG00000265222	0	0	0	0
ENSG00000265241	8630	8031	7645	6421
ENSG00000265246	0	0	0	0
ENSG00000265254	5	5	2	9
ENSG00000265263	0	0	1	2
ENSG00000265273	1	0	0	0
ENSG00000265287	2	0	0	0
ENSG00000265296	0	0	0	0
ENSG00000265298	2	0	0	0
ENSG00000265303	38	9	20	30
ENSG00000265313	1	0	0	0
ENSG00000265315	0	1	0	0
ENSG00000265354	3681	3771	2978	2977
ENSG00000265393	0	1	2	2
ENSG00000265399	1	0	1	5
ENSG00000265401	25	29	23	23
ENSG00000265411	0	1	0	0
ENSG00000265413	0	0	0	1
ENSG00000265415	0	0	0	0
ENSG00000265417	1	0	0	0
ENSG00000265451	3	2	5	4
ENSG00000265458	33	21	27	10
ENSG00000265474	0	0	1	0
ENSG00000265478	0	0	1	2
ENSG00000265479	250	340	306	247
ENSG00000265480	0	0	0	0
ENSG00000265491	1214	1323	1078	1101
ENSG00000265531	0	1	0	0
ENSG00000265542	0	0	1	0
ENSG00000265574	0	0	1	0
ENSG00000265590	199	199	131	120
ENSG00000265618	0	3	1	0
ENSG00000265625	0	1	1	1
ENSG00000265646	2	0	0	0
ENSG00000265666	2	1	0	2
ENSG00000265681	28031	29170	25510	23417
ENSG00000265683	3	0	3	0
ENSG00000265684	0	0	2	0
ENSG00000265688	105	175	154	101
ENSG00000265690	13	24	35	11
ENSG00000265692	6	13	11	13
ENSG00000265693	0	0	0	1
ENSG00000265702	4	19	5	16
ENSG00000265713	0	1	7	0
ENSG00000265735	1	0	0	0
ENSG00000265752	0	0	1	1
ENSG00000265753	0	1	0	0
ENSG00000265763	1	2	0	0
ENSG00000265775	0	0	5	0
ENSG00000265778	52	45	36	8
ENSG00000265784	1	0	0	0
ENSG00000265787	5	51	10	45
ENSG00000265791	0	1	0	0
ENSG00000265798	1	1	0	4
ENSG00000265802	0	2	1	0
ENSG00000265808	4005	3689	3517	2991
ENSG00000265817	0	2	0	0
ENSG00000265936	0	0	0	0
ENSG00000265939	0	0	2	0
ENSG00000265943	1	1	2	0
ENSG00000265967	0	7	2	2
ENSG00000265972	4488	3332	3981	3709
ENSG00000265975	14	3	11	10
ENSG00000266028	2976	3205	2781	2809
ENSG00000266036	1	0	6	0
ENSG00000266053	32	16	34	18
ENSG00000266066	0	4	2	4
ENSG00000266074	51	101	81	89
ENSG00000266079	1	1	0	1
ENSG00000266086	57	116	144	168
ENSG00000266088	91	47	140	39
ENSG00000266094	12674	13841	11412	11593
ENSG00000266111	0	0	0	0
ENSG00000266127	0	0	1	0
ENSG00000266145	1	7	4	6
ENSG00000266173	1501	1435	1325	1406
ENSG00000266208	298	291	216	319
ENSG00000266236	7	3	3	4
ENSG00000266258	0	0	0	0
ENSG00000266265	1	0	0	0
ENSG00000266290	0	0	0	1
ENSG00000266296	0	0	0	0
ENSG00000266302	0	0	0	2
ENSG00000266313	1	1	0	0
ENSG00000266338	1170	1309	1041	733
ENSG00000266340	1	0	0	0
ENSG00000266365	0	0	0	0
ENSG00000266368	0	1	1	3
ENSG00000266371	1	0	0	2
ENSG00000266373	0	3	0	0
ENSG00000266378	0	0	3	1
ENSG00000266385	0	1	0	0
ENSG00000266389	6	10	9	8
ENSG00000266397	1	0	3	0
ENSG00000266401	0	0	0	0
ENSG00000266402	15	42	16	24
ENSG00000266405	28	23	20	10
ENSG00000266412	9545	10211	8493	8165
ENSG00000266433	0	0	0	0
ENSG00000266446	0	0	2	0
ENSG00000266467	1	0	0	0
ENSG00000266469	14	20	16	25
ENSG00000266472	2568	2639	2203	2132
ENSG00000266473	4	0	0	0
ENSG00000266490	1	5	2	0
ENSG00000266495	0	2	4	1
ENSG00000266501	0	1	1	2
ENSG00000266522	3	1	6	1
ENSG00000266527	0	0	0	0
ENSG00000266538	0	0	0	2
ENSG00000266579	0	0	0	0
ENSG00000266642	1	1	1	3
ENSG00000266648	5	13	11	8
ENSG00000266677	7	11	12	15
ENSG00000266680	9	7	5	6
ENSG00000266709	110	69	124	57
ENSG00000266714	2	3	3	7
ENSG00000266728	0	0	0	0
ENSG00000266733	0	2	0	0
ENSG00000266736	0	1	0	0
ENSG00000266744	0	0	0	0
ENSG00000266777	8	21	7	10
ENSG00000266783	8	2	7	4
ENSG00000266801	0	1	0	2
ENSG00000266805	0	0	0	1
ENSG00000266820	19	34	18	22
ENSG00000266821	0	0	0	0
ENSG00000266824	0	0	0	2
ENSG00000266835	0	0	0	0
ENSG00000266844	1	0	0	0
ENSG00000266850	1	2	2	0
ENSG00000266865	17	1	17	11
ENSG00000266876	0	1	0	0
ENSG00000266896	6	9	7	9
ENSG00000266903	0	1	0	0
ENSG00000266904	8	6	3	2
ENSG00000266910	2	4	3	1
ENSG00000266913	7	2	3	5
ENSG00000266918	0	6	5	8
ENSG00000266921	5	19	7	6
ENSG00000266929	0	0	5	0
ENSG00000266933	1	11	4	1
ENSG00000266946	2	1	0	2
ENSG00000266947	33	39	50	48
ENSG00000266953	0	0	0	0
ENSG00000266954	0	0	0	0
ENSG00000266962	1173	1188	1013	918
ENSG00000266964	22	12	11	5
ENSG00000266967	1087	1037	870	805
ENSG00000266969	0	0	0	1
ENSG00000266970	0	1	0	3
ENSG00000266978	1	1	0	1
ENSG00000266980	1	0	0	0
ENSG00000266981	0	0	0	0
ENSG00000266983	0	3	0	0
ENSG00000266984	1	0	0	0
ENSG00000266992	5	0	0	3
ENSG00000266993	0	2	7	4
ENSG00000266997	0	0	0	0
ENSG00000266998	22	27	10	28
ENSG00000267002	90	119	88	103
ENSG00000267007	0	0	0	2
ENSG00000267009	4	5	6	8
ENSG00000267013	0	0	0	0
ENSG00000267016	3	0	0	0
ENSG00000267023	0	0	1	1
ENSG00000267024	0	0	0	1
ENSG00000267026	0	0	0	1
ENSG00000267030	5	5	2	3
ENSG00000267033	0	0	2	0
ENSG00000267034	10	2	15	0
ENSG00000267035	0	0	0	1
ENSG00000267040	189	262	207	185
ENSG00000267041	63	101	77	59
ENSG00000267042	1	1	3	3
ENSG00000267046	4	7	3	6
ENSG00000267047	1	0	2	0
ENSG00000267048	3	0	5	0
ENSG00000267052	0	1	0	1
ENSG00000267058	2	1	3	0
ENSG00000267059	178	188	0	38
ENSG00000267060	12	14	10	16
ENSG00000267062	3	2	1	0
ENSG00000267064	5	9	4	9
ENSG00000267065	10	1	0	1
ENSG00000267070	0	1	0	0
ENSG00000267072	0	2	1	0
ENSG00000267073	1	0	0	1
ENSG00000267074	98	81	85	87
ENSG00000267076	1	1	0	0
ENSG00000267080	222	243	170	198
ENSG00000267082	0	0	0	0
ENSG00000267088	0	1	0	0
ENSG00000267092	0	0	2	0
ENSG00000267096	2	3	1	2
ENSG00000267100	496	564	368	387
ENSG00000267102	50	36	40	40
ENSG00000267104	0	0	3	1
ENSG00000267105	1	0	0	0
ENSG00000267106	94	111	91	61
ENSG00000267107	20	53	11	39
ENSG00000267119	0	0	0	1
ENSG00000267120	122	31	95	77
ENSG00000267121	313	445	414	379
ENSG00000267122	0	0	0	1
ENSG00000267123	76	71	72	54
ENSG00000267125	0	0	0	0
ENSG00000267127	5	6	1	7
ENSG00000267128	2	0	2	0
ENSG00000267130	0	0	0	0
ENSG00000267135	0	4	2	0
ENSG00000267138	2	0	0	0
ENSG00000267139	9	7	6	13
ENSG00000267140	0	5	2	3
ENSG00000267143	0	2	1	4
ENSG00000267147	0	0	0	0
ENSG00000267152	1	0	2	1
ENSG00000267156	0	1	0	0
ENSG00000267157	1	0	2	3
ENSG00000267160	13	18	18	8
ENSG00000267165	3	9	3	3
ENSG00000267168	4	0	0	0
ENSG00000267169	76	90	69	64
ENSG00000267172	1	0	0	0
ENSG00000267185	1	1	1	0
ENSG00000267197	0	1	0	0
ENSG00000267198	9	2	8	5
ENSG00000267199	10	11	5	11
ENSG00000267201	3	4	1	0
ENSG00000267206	0	1	0	0
ENSG00000267213	8	8	6	6
ENSG00000267216	66	52	34	47
ENSG00000267219	6	2	0	3
ENSG00000267221	5	11	6	18
ENSG00000267222	0	0	2	0
ENSG00000267226	2	4	5	5
ENSG00000267228	161	148	103	90
ENSG00000267232	0	1	0	0
ENSG00000267244	0	0	0	1
ENSG00000267246	1	0	0	2
ENSG00000267248	12	41	14	51
ENSG00000267249	7	20	27	8
ENSG00000267251	0	2	0	0
ENSG00000267253	0	0	0	1
ENSG00000267254	12	24	13	13
ENSG00000267255	0	0	0	0
ENSG00000267257	1	0	0	0
ENSG00000267258	1	0	0	0
ENSG00000267260	43	57	36	31
ENSG00000267261	0	0	0	0
ENSG00000267263	0	0	5	2
ENSG00000267264	9	0	1	3
ENSG00000267265	6	6	10	1
ENSG00000267270	14	6	18	5
ENSG00000267272	12	5	11	13
ENSG00000267274	2	0	2	0
ENSG00000267277	1	16	14	4
ENSG00000267278	58	89	61	43
ENSG00000267281	12	18	29	16
ENSG00000267282	0	0	1	0
ENSG00000267283	13	33	22	16
ENSG00000267288	7	12	14	18
ENSG00000267289	1	2	0	3
ENSG00000267291	0	1	0	0
ENSG00000267293	3	2	1	2
ENSG00000267296	13	10	5	25
ENSG00000267302	2	4	9	12
ENSG00000267303	1017	1103	1099	866
ENSG00000267309	39	36	38	24
ENSG00000267312	9	6	3	4
ENSG00000267314	3	3	0	1
ENSG00000267317	89	65	61	76
ENSG00000267318	8	3	2	0
ENSG00000267319	0	1	0	0
ENSG00000267321	181	315	142	247
ENSG00000267322	7	9	16	3
ENSG00000267325	0	0	1	3
ENSG00000267334	0	0	0	0
ENSG00000267336	2	5	1	9
ENSG00000267342	2	2	0	1
ENSG00000267343	0	3	0	0
ENSG00000267346	0	0	0	0
ENSG00000267348	2	0	3	0
ENSG00000267359	0	1	1	0
ENSG00000267360	1	0	0	0
ENSG00000267364	190	132	126	117
ENSG00000267365	10	9	19	1
ENSG00000267368	436	388	366	259
ENSG00000267369	1	0	0	1
ENSG00000267370	2	4	1	0
ENSG00000267374	1	7	0	0
ENSG00000267379	0	2	2	0
ENSG00000267383	0	1	0	0
ENSG00000267387	3	0	1	4
ENSG00000267390	11	16	13	14
ENSG00000267395	8	7	5	2
ENSG00000267397	2	0	0	2
ENSG00000267412	0	0	0	0
ENSG00000267414	28	56	16	60
ENSG00000267416	0	0	0	2
ENSG00000267419	6	3	7	7
ENSG00000267421	3	0	0	0
ENSG00000267422	7	11	2	4
ENSG00000267424	0	1	0	0
ENSG00000267426	13	13	19	4
ENSG00000267430	0	0	2	0
ENSG00000267432	0	0	0	0
ENSG00000267436	4	1	3	7
ENSG00000267439	0	0	0	0
ENSG00000267452	69	115	48	92
ENSG00000267454	7	0	1	2
ENSG00000267457	0	1	0	0
ENSG00000267458	2	5	11	5
ENSG00000267459	0	0	0	1
ENSG00000267462	0	1	0	0
ENSG00000267467	0	0	0	2
ENSG00000267469	4	9	6	10
ENSG00000267470	0	0	0	1
ENSG00000267472	5	4	1	8
ENSG00000267474	0	0	3	0
ENSG00000267475	18	30	34	14
ENSG00000267476	0	0	0	0
ENSG00000267477	0	2	0	0
ENSG00000267481	3	0	1	3
ENSG00000267484	0	1	2	0
ENSG00000267493	14	20	16	10
ENSG00000267497	0	0	0	0
ENSG00000267498	0	4	0	0
ENSG00000267500	8	16	11	11
ENSG00000267508	0	11	0	10
ENSG00000267512	1	0	0	1
ENSG00000267519	127	206	179	213
ENSG00000267520	1002	837	925	769
ENSG00000267523	0	1	0	0
ENSG00000267526	0	0	1	3
ENSG00000267532	4	2	0	0
ENSG00000267533	4	3	2	1
ENSG00000267534	560	546	497	323
ENSG00000267541	0	0	0	0
ENSG00000267543	0	0	0	1
ENSG00000267544	2	3	0	0
ENSG00000267546	2	1	0	0
ENSG00000267547	13	10	8	15
ENSG00000267549	1	0	1	0
ENSG00000267551	0	0	0	3
ENSG00000267554	113	90	108	74
ENSG00000267561	6	6	2	2
ENSG00000267570	2	4	1	6
ENSG00000267571	0	0	1	0
ENSG00000267573	0	0	0	0
ENSG00000267575	331	336	311	228
ENSG00000267576	1	0	1	0
ENSG00000267577	0	0	0	0
ENSG00000267583	0	2	0	1
ENSG00000267598	9	10	11	8
ENSG00000267603	0	1	0	0
ENSG00000267607	0	1	3	1
ENSG00000267615	0	2	1	0
ENSG00000267618	0	0	0	26
ENSG00000267632	8	2	2	2
ENSG00000267633	0	1	1	0
ENSG00000267645	276	335	333	328
ENSG00000267648	14	26	23	22
ENSG00000267655	4	9	3	4
ENSG00000267666	0	0	0	0
ENSG00000267672	0	2	0	4
ENSG00000267673	367	379	292	288
ENSG00000267677	1	0	0	0
ENSG00000267680	390	452	389	403
ENSG00000267681	15	12	3	10
ENSG00000267682	0	0	2	1
ENSG00000267688	6	1	0	0
ENSG00000267697	5	1	11	5
ENSG00000267698	33	52	35	38
ENSG00000267699	13	14	15	15
ENSG00000267702	8	6	14	4
ENSG00000267707	1	0	1	1
ENSG00000267710	4	2	7	0
ENSG00000267717	3	0	0	0
ENSG00000267724	0	0	0	0
ENSG00000267727	0	0	0	5
ENSG00000267729	0	0	0	1
ENSG00000267731	19	6	12	8
ENSG00000267737	0	1	0	1
ENSG00000267740	111	48	79	41
ENSG00000267741	1	0	1	1
ENSG00000267742	2	2	4	0
ENSG00000267745	75	57	48	61
ENSG00000267750	46	41	38	55
ENSG00000267751	36	35	15	22
ENSG00000267757	106	156	95	112
ENSG00000267764	7	16	12	11
ENSG00000267767	5	3	5	2
ENSG00000267769	3	0	0	0
ENSG00000267776	0	0	0	0
ENSG00000267783	0	0	3	0
ENSG00000267787	118	81	91	72
ENSG00000267793	2	1	1	2
ENSG00000267795	0	5	0	0
ENSG00000267796	227	236	178	232
ENSG00000267801	5	8	14	6
ENSG00000267809	75	97	81	73
ENSG00000267811	3	6	4	7
ENSG00000267827	0	2	1	8
ENSG00000267834	0	2	0	0
ENSG00000267838	6	6	3	4
ENSG00000267855	1354	1358	1255	1287
ENSG00000267858	74	74	67	42
ENSG00000267871	1	3	1	0
ENSG00000267886	0	2	0	0
ENSG00000267890	0	0	0	0
ENSG00000267892	13	26	23	31
ENSG00000267898	1	2	1	0
ENSG00000267904	7	10	15	17
ENSG00000267909	1	0	1	0
ENSG00000267919	0	0	0	0
ENSG00000267939	3	6	7	4
ENSG00000267940	0	3	0	2
ENSG00000267943	0	0	0	1
ENSG00000267978	0	1	1	0
ENSG00000267980	6	4	5	2
ENSG00000267984	0	0	0	0
ENSG00000268001	474	507	541	397
ENSG00000268006	7	6	1	7
ENSG00000268027	141	167	138	120
ENSG00000268034	11	5	12	13
ENSG00000268041	4	2	4	13
ENSG00000268043	488	642	542	480
ENSG00000268047	0	0	5	0
ENSG00000268049	19	5	18	1
ENSG00000268061	188	145	171	126
ENSG00000268066	0	3	1	0
ENSG00000268069	2	5	8	4
ENSG00000268083	0	0	0	0
ENSG00000268088	0	6	1	0
ENSG00000268093	0	0	0	1
ENSG00000268107	17	7	4	0
ENSG00000268108	0	1	0	0
ENSG00000268129	8	19	11	14
ENSG00000268133	0	0	0	0
ENSG00000268140	0	2	0	0
ENSG00000268144	0	0	0	0
ENSG00000268149	1	0	3	0
ENSG00000268154	0	0	1	3
ENSG00000268173	1087	1270	799	1005
ENSG00000268182	1	0	1	1
ENSG00000268189	2	4	3	2
ENSG00000268191	3	2	0	0
ENSG00000268193	3	3	1	0
ENSG00000268199	0	2	0	0
ENSG00000268201	0	0	1	1
ENSG00000268204	1	3	5	5
ENSG00000268205	190	192	183	146
ENSG00000268218	0	1	1	3
ENSG00000268220	12	10	26	19
ENSG00000268221	1	0	0	1
ENSG00000268223	289	953	85	1275
ENSG00000268230	3	2	5	0
ENSG00000268234	0	0	0	1
ENSG00000268262	9	19	11	18
ENSG00000268279	0	0	0	2
ENSG00000268287	1	0	0	0
ENSG00000268288	8	2	3	4
ENSG00000268292	0	0	0	1
ENSG00000268350	350	753	269	792
ENSG00000268355	0	1	0	0
ENSG00000268357	2	4	10	0
ENSG00000268361	0	0	1	0
ENSG00000268362	10	13	9	20
ENSG00000268364	1	3	6	1
ENSG00000268400	0	0	0	2
ENSG00000268403	9	21	10	30
ENSG00000268412	0	2	1	2
ENSG00000268423	0	5	1	2
ENSG00000268434	0	0	1	3
ENSG00000268460	0	0	0	0
ENSG00000268471	45	84	28	73
ENSG00000268475	0	0	0	0
ENSG00000268500	0	0	0	1
ENSG00000268509	0	1	6	1
ENSG00000268516	81	116	86	139
ENSG00000268520	0	0	1	0
ENSG00000268521	2	13	4	2
ENSG00000268531	0	0	0	2
ENSG00000268536	1	2	0	1
ENSG00000268543	3	6	4	2
ENSG00000268565	2	2	2	1
ENSG00000268568	12	15	13	9
ENSG00000268573	54	46	55	53
ENSG00000268575	91	118	110	60
ENSG00000268583	4	2	5	1
ENSG00000268584	9	7	13	8
ENSG00000268592	4	4	4	2
ENSG00000268595	0	5	0	0
ENSG00000268598	0	0	0	0
ENSG00000268603	0	8	1	0
ENSG00000268606	0	1	0	0
ENSG00000268614	0	0	9	6
ENSG00000268643	0	0	3	0
ENSG00000268650	2	0	0	0
ENSG00000268652	1	0	0	3
ENSG00000268655	0	0	0	0
ENSG00000268658	1	0	0	0
ENSG00000268670	4	2	0	5
ENSG00000268673	3	0	0	0
ENSG00000268678	0	0	0	0
ENSG00000268707	0	0	0	0
ENSG00000268713	23	19	11	14
ENSG00000268738	12	4	14	13
ENSG00000268744	0	0	0	0
ENSG00000268750	32	54	47	42
ENSG00000268751	0	0	1	0
ENSG00000268785	32	41	19	39
ENSG00000268790	196	101	128	91
ENSG00000268798	7	16	10	7
ENSG00000268804	1	0	0	3
ENSG00000268812	5	11	5	9
ENSG00000268836	0	4	0	0
ENSG00000268849	7	10	4	17
ENSG00000268858	328	383	334	396
ENSG00000268861	551	374	492	475
ENSG00000268870	0	0	4	0
ENSG00000268883	0	1	0	1
ENSG00000268889	1	0	1	0
ENSG00000268894	8	1	1	0
ENSG00000268895	359	249	340	89
ENSG00000268902	1	1	0	1
ENSG00000268903	39	27	39	19
ENSG00000268912	2	0	0	1
ENSG00000268916	3	17	2	8
ENSG00000268942	6	11	0	0
ENSG00000268945	1	1	0	0
ENSG00000268951	0	0	0	0
ENSG00000268970	0	1	0	0
ENSG00000268975	12	8	10	9
ENSG00000268983	0	0	0	1
ENSG00000268996	117	124	94	92
ENSG00000269001	127	93	126	145
ENSG00000269026	0	0	0	3
ENSG00000269028	0	1	0	4
ENSG00000269032	0	0	0	4
ENSG00000269038	4	1	9	5
ENSG00000269044	79	90	84	56
ENSG00000269054	0	0	0	0
ENSG00000269058	5	3	1	0
ENSG00000269069	8	12	7	6
ENSG00000269072	0	0	1	0
ENSG00000269106	11	7	0	3
ENSG00000269110	0	1	0	0
ENSG00000269113	0	0	0	38
ENSG00000269145	0	1	0	0
ENSG00000269153	0	0	0	0
ENSG00000269176	27	30	18	8
ENSG00000269179	0	5	0	0
ENSG00000269190	3	1	0	4
ENSG00000269210	2	0	0	0
ENSG00000269220	40	51	29	45
ENSG00000269226	78	134	56	113
ENSG00000269242	611	787	442	487
ENSG00000269243	19	34	19	40
ENSG00000269246	2	0	0	4
ENSG00000269275	1	0	3	0
ENSG00000269289	1	0	0	0
ENSG00000269292	0	1	8	1
ENSG00000269293	238	195	203	172
ENSG00000269296	1	5	4	0
ENSG00000269303	3	0	0	1
ENSG00000269313	29	57	43	78
ENSG00000269318	3	3	4	3
ENSG00000269335	1830	2580	1464	2830
ENSG00000269343	305	353	249	252
ENSG00000269352	19	31	31	23
ENSG00000269374	197	226	186	188
ENSG00000269378	196	215	289	250
ENSG00000269386	50	44	46	40
ENSG00000269388	3	2	7	3
ENSG00000269392	0	0	0	0
ENSG00000269397	5	11	0	9
ENSG00000269399	4	17	8	17
ENSG00000269403	40	47	33	29
ENSG00000269404	3	2	4	2
ENSG00000269421	0	4	1	0
ENSG00000269425	2	2	0	0
ENSG00000269439	2	13	15	15
ENSG00000269444	0	0	0	0
ENSG00000269446	3	0	0	2
ENSG00000269460	0	1	0	1
ENSG00000269463	1	3	0	0
ENSG00000269473	14	3	7	1
ENSG00000269476	0	0	5	3
ENSG00000269483	1	0	0	0
ENSG00000269487	0	0	1	3
ENSG00000269489	0	0	0	0
ENSG00000269514	0	7	1	4
ENSG00000269526	0	1	2	1
ENSG00000269533	5	5	6	2
ENSG00000269534	0	0	4	6
ENSG00000269556	1354	1688	1152	1501
ENSG00000269559	0	0	4	0
ENSG00000269570	0	0	1	1
ENSG00000269578	0	1	0	1
ENSG00000269584	0	2	0	0
ENSG00000269590	0	0	0	0
ENSG00000269604	2	3	7	4
ENSG00000269609	262	427	266	400
ENSG00000269621	1	3	2	0
ENSG00000269646	0	1	0	0
ENSG00000269653	0	0	0	5
ENSG00000269680	0	0	0	1
ENSG00000269688	1	5	5	2
ENSG00000269693	118	115	118	107
ENSG00000269696	1	3	1	4
ENSG00000269713	1406	1382	1053	897
ENSG00000269720	0	4	0	0
ENSG00000269737	0	0	0	3
ENSG00000269743	236	362	195	338
ENSG00000269749	0	0	0	0
ENSG00000269755	0	0	0	0
ENSG00000269800	1	7	0	7
ENSG00000269813	0	0	2	1
ENSG00000269814	1	8	0	12
ENSG00000269815	0	3	1	0
ENSG00000269821	15	26	25	27
ENSG00000269825	33	27	33	5
ENSG00000269826	0	0	0	0
ENSG00000269834	1	3	0	0
ENSG00000269837	134	166	125	128
ENSG00000269846	4	1	2	1
ENSG00000269858	3342	3292	3098	2721
ENSG00000269859	0	0	1	0
ENSG00000269873	0	0	2	0
ENSG00000269881	3	0	0	0
ENSG00000269886	4	1	2	0
ENSG00000269888	2	0	4	0
ENSG00000269889	6	2	0	4
ENSG00000269890	2	0	3	0
ENSG00000269891	0	8	0	0
ENSG00000269893	1582	1906	1343	1264
ENSG00000269894	0	4	1	4
ENSG00000269896	6	5	6	1
ENSG00000269897	520	507	411	443
ENSG00000269899	0	5	0	0
ENSG00000269900	0	0	0	6
ENSG00000269902	1	0	2	0
ENSG00000269903	1	3	0	0
ENSG00000269904	21	30	13	24
ENSG00000269906	6	16	5	7
ENSG00000269910	0	0	0	0
ENSG00000269911	13	13	7	2
ENSG00000269918	62	45	57	56
ENSG00000269919	2	16	1	1
ENSG00000269921	2	5	7	6
ENSG00000269924	0	2	0	0
ENSG00000269925	5	0	3	0
ENSG00000269926	2	1	5	7
ENSG00000269927	0	0	0	0
ENSG00000269929	5	15	9	11
ENSG00000269930	23	57	46	157
ENSG00000269933	30	38	29	34
ENSG00000269934	5	0	1	2
ENSG00000269937	181	157	157	133
ENSG00000269938	0	1	0	2
ENSG00000269939	2	5	2	4
ENSG00000269940	65	82	68	64
ENSG00000269944	0	0	0	0
ENSG00000269945	0	0	0	0
ENSG00000269946	0	0	2	0
ENSG00000269947	10	15	14	11
ENSG00000269949	1	0	2	3
ENSG00000269951	1	2	3	5
ENSG00000269952	7	7	4	6
ENSG00000269955	1400	1582	1226	1030
ENSG00000269956	1	0	0	0
ENSG00000269958	95	88	75	95
ENSG00000269961	0	6	0	1
ENSG00000269967	0	0	0	1
ENSG00000269968	31	45	54	30
ENSG00000269971	0	0	0	1
ENSG00000269973	160	142	162	135
ENSG00000269974	5	10	3	2
ENSG00000269976	0	1	0	0
ENSG00000269981	2	2	3	0
ENSG00000269982	1	1	3	1
ENSG00000269983	124	174	116	97
ENSG00000269984	1	1	3	4
ENSG00000269997	0	0	2	2
ENSG00000270000	0	0	0	1
ENSG00000270006	22	23	13	23
ENSG00000270011	0	1	2	8
ENSG00000270012	16	99	40	73
ENSG00000270015	46	35	29	24
ENSG00000270016	2	2	0	1
ENSG00000270019	4	3	2	6
ENSG00000270020	0	0	1	2
ENSG00000270021	13	14	11	9
ENSG00000270022	2	2	3	1
ENSG00000270025	0	2	0	2
ENSG00000270030	4	1	1	0
ENSG00000270031	0	3	0	2
ENSG00000270036	2	0	0	0
ENSG00000270039	16	13	9	5
ENSG00000270040	0	1	0	0
ENSG00000270049	51	57	31	58
ENSG00000270055	11	16	19	25
ENSG00000270059	0	1	0	0
ENSG00000270060	0	0	3	1
ENSG00000270061	0	0	1	0
ENSG00000270062	8	11	5	17
ENSG00000270069	37	140	49	100
ENSG00000270074	2	4	6	0
ENSG00000270076	1	6	1	3
ENSG00000270083	0	0	1	5
ENSG00000270084	1	8	0	2
ENSG00000270091	10	3	6	2
ENSG00000270095	0	3	0	0
ENSG00000270096	4	4	7	2
ENSG00000270099	0	1	4	0
ENSG00000270100	4	3	0	0
ENSG00000270104	0	0	0	0
ENSG00000270108	4	8	7	2
ENSG00000270116	0	2	0	1
ENSG00000270118	0	4	0	0
ENSG00000270120	2	2	1	7
ENSG00000270127	10	22	16	25
ENSG00000270130	0	0	1	0
ENSG00000270133	0	0	0	2
ENSG00000270135	0	1	2	9
ENSG00000270136	159	275	242	232
ENSG00000270137	0	3	0	2
ENSG00000270141	0	4	0	0
ENSG00000270147	4	0	0	0
ENSG00000270149	45	29	26	49
ENSG00000270154	0	0	0	0
ENSG00000270157	66	47	44	24
ENSG00000270164	8	23	10	12
ENSG00000270165	1	0	2	1
ENSG00000270168	0	0	0	0
ENSG00000270170	1135	1224	1077	944
ENSG00000270175	14	13	7	11
ENSG00000270177	23	8	17	14
ENSG00000270178	1	0	0	2
ENSG00000270179	5	11	12	4
ENSG00000270181	217	201	346	73
ENSG00000270190	3	4	1	0
ENSG00000270194	27	25	21	21
ENSG00000270195	2	21	2	13
ENSG00000270210	0	1	1	2
ENSG00000270225	0	0	0	1
ENSG00000270228	0	0	0	0
ENSG00000270231	751	1152	1022	836
ENSG00000270240	0	2	2	0
ENSG00000270249	4	0	3	2
ENSG00000270257	2	0	0	0
ENSG00000270276	93	95	77	108
ENSG00000270277	8	5	3	20
ENSG00000270294	0	0	1	0
ENSG00000270299	0	0	0	0
ENSG00000270316	0	4	0	0
ENSG00000270344	37	57	40	48
ENSG00000270361	0	7	2	0
ENSG00000270362	31	29	40	14
ENSG00000270379	10	22	15	26
ENSG00000270392	0	0	1	0
ENSG00000270393	0	0	0	0
ENSG00000270419	6	9	7	7
ENSG00000270424	0	0	0	0
ENSG00000270426	13	15	5	9
ENSG00000270432	1	1	0	1
ENSG00000270441	5	3	5	1
ENSG00000270457	0	0	0	0
ENSG00000270482	0	0	0	1
ENSG00000270490	0	1	0	1
ENSG00000270503	0	0	0	0
ENSG00000270504	0	4	0	0
ENSG00000270505	72	47	87	91
ENSG00000270521	0	0	1	0
ENSG00000270532	1	0	0	0
ENSG00000270533	1	3	0	0
ENSG00000270557	4	15	1	8
ENSG00000270558	2	0	11	0
ENSG00000270562	1	8	5	0
ENSG00000270571	0	0	1	2
ENSG00000270574	17	4	15	5
ENSG00000270580	157	179	114	115
ENSG00000270589	0	2	0	0
ENSG00000270604	2	5	2	0
ENSG00000270605	8	4	7	6
ENSG00000270617	0	0	8	0
ENSG00000270624	0	0	0	2
ENSG00000270629	909	750	804	563
ENSG00000270638	3	2	0	2
ENSG00000270640	1	0	0	0
ENSG00000270647	21019	20023	16828	15296
ENSG00000270659	16	19	19	17
ENSG00000270665	1	1	1	0
ENSG00000270673	15	11	12	13
ENSG00000270681	11	12	7	10
ENSG00000270696	130	130	79	98
ENSG00000270704	0	0	0	1
ENSG00000270706	1	0	0	0
ENSG00000270726	6	6	5	14
ENSG00000270755	0	0	0	1
ENSG00000270757	202	269	259	233
ENSG00000270761	0	0	0	2
ENSG00000270765	1	0	3	0
ENSG00000270789	6	12	2	7
ENSG00000270792	0	0	0	0
ENSG00000270800	829	826	838	596
ENSG00000270802	0	1	4	2
ENSG00000270804	14	21	25	13
ENSG00000270806	0	0	0	1
ENSG00000270813	1	4	1	2
ENSG00000270820	37	44	19	32
ENSG00000270823	0	0	2	0
ENSG00000270863	0	1	1	0
ENSG00000270872	142	172	139	143
ENSG00000270878	3	8	2	7
ENSG00000270882	98	95	42	70
ENSG00000270883	0	0	0	1
ENSG00000270885	0	0	0	0
ENSG00000270894	0	0	0	2
ENSG00000270898	0	6	5	27
ENSG00000270917	1	0	0	2
ENSG00000270923	1	3	0	1
ENSG00000270933	0	0	0	2
ENSG00000270951	0	1	0	1
ENSG00000270953	1	2	0	0
ENSG00000270956	15	16	10	16
ENSG00000270959	54	47	46	37
ENSG00000270962	1	0	0	1
ENSG00000270964	8	7	9	6
ENSG00000270972	0	0	2	0
ENSG00000270975	0	2	1	0
ENSG00000270977	76	86	69	49
ENSG00000270983	1	0	0	1
ENSG00000270987	0	1	1	0
ENSG00000270996	1	1	0	1
ENSG00000271009	0	0	0	1
ENSG00000271011	2	1	0	0
ENSG00000271013	46	69	42	39
ENSG00000271040	1	2	0	1
ENSG00000271046	0	0	0	1
ENSG00000271072	0	0	1	0
ENSG00000271079	0	0	7	0
ENSG00000271086	0	0	0	0
ENSG00000271092	1	1	7	16
ENSG00000271105	0	0	0	0
ENSG00000271109	11	3	14	12
ENSG00000271121	162	205	88	155
ENSG00000271122	312	324	264	287
ENSG00000271133	21	18	7	6
ENSG00000271141	0	1	0	0
ENSG00000271147	0	1	0	4
ENSG00000271151	2	3	0	1
ENSG00000271153	0	4	0	0
ENSG00000271155	0	0	1	0
ENSG00000271172	0	0	1	0
ENSG00000271182	0	1	0	0
ENSG00000271198	1	0	0	0
ENSG00000271200	0	0	0	0
ENSG00000271204	11	19	15	13
ENSG00000271216	0	0	0	0
ENSG00000271227	0	0	0	1
ENSG00000271228	0	0	0	4
ENSG00000271254	124	112	82	101
ENSG00000271259	0	0	0	0
ENSG00000271265	0	2	0	0
ENSG00000271268	0	3	1	0
ENSG00000271270	148	193	131	132
ENSG00000271286	1	0	0	0
ENSG00000271288	0	4	27	22
ENSG00000271303	1748	2027	1543	1575
ENSG00000271320	0	0	1	1
ENSG00000271321	7	2	0	7
ENSG00000271327	1	3	2	2
ENSG00000271335	7	8	8	5
ENSG00000271344	0	0	0	1
ENSG00000271347	0	1	1	0
ENSG00000271361	88	83	88	92
ENSG00000271367	0	1	0	3
ENSG00000271380	33	34	30	22
ENSG00000271382	0	0	1	0
ENSG00000271383	315	290	395	249
ENSG00000271387	0	0	0	0
ENSG00000271392	0	3	0	0
ENSG00000271425	200	235	206	145
ENSG00000271427	0	1	0	0
ENSG00000271447	1	0	0	2
ENSG00000271452	4	7	0	3
ENSG00000271503	91881	78926	68546	78319
ENSG00000271533	26	46	21	48
ENSG00000271538	12	2	7	3
ENSG00000271547	0	0	1	0
ENSG00000271551	3	11	14	11
ENSG00000271553	0	3	3	1
ENSG00000271576	11	17	8	22
ENSG00000271581	0	1	1	1
ENSG00000271590	2	2	4	4
ENSG00000271601	2462	2194	2314	1652
ENSG00000271605	0	1	0	4
ENSG00000271607	0	0	0	0
ENSG00000271614	4	5	7	9
ENSG00000271623	0	0	0	0
ENSG00000271643	99	139	104	120
ENSG00000271644	3	2	2	0
ENSG00000271646	125	150	146	133
ENSG00000271653	0	0	2	0
ENSG00000271659	0	1	0	0
ENSG00000271698	7	16	7	16
ENSG00000271699	17	15	26	22
ENSG00000271707	1	1	0	1
ENSG00000271714	0	4	3	7
ENSG00000271717	0	1	0	0
ENSG00000271723	0	0	0	16
ENSG00000271725	0	0	0	1
ENSG00000271727	0	0	0	1
ENSG00000271734	0	0	0	0
ENSG00000271737	2	7	13	12
ENSG00000271741	77	96	63	39
ENSG00000271743	0	1	0	0
ENSG00000271746	3	7	2	9
ENSG00000271751	5	9	4	3
ENSG00000271752	0	0	0	2
ENSG00000271754	9	14	12	15
ENSG00000271755	3	7	4	7
ENSG00000271757	0	1	0	0
ENSG00000271778	2	1	0	0
ENSG00000271780	18	22	20	17
ENSG00000271781	9	4	6	3
ENSG00000271784	4	7	3	0
ENSG00000271787	2	0	1	1
ENSG00000271788	0	0	3	4
ENSG00000271789	4	2	3	0
ENSG00000271793	118	105	70	42
ENSG00000271795	2	3	1	4
ENSG00000271797	8	14	1	5
ENSG00000271810	0	1	5	1
ENSG00000271815	2	2	6	1
ENSG00000271816	24	67	39	21
ENSG00000271817	0	0	0	1
ENSG00000271818	0	0	1	0
ENSG00000271828	13	0	3	9
ENSG00000271830	1	0	0	2
ENSG00000271833	1	0	0	0
ENSG00000271843	4	0	3	3
ENSG00000271849	1	0	1	1
ENSG00000271851	12	22	12	21
ENSG00000271853	29	19	17	12
ENSG00000271855	18	10	8	17
ENSG00000271856	1195	968	1232	451
ENSG00000271857	6	11	12	8
ENSG00000271858	8	15	9	27
ENSG00000271862	4	9	13	8
ENSG00000271868	0	0	0	0
ENSG00000271869	12	8	12	11
ENSG00000271870	12	19	20	23
ENSG00000271871	7	2	0	2
ENSG00000271880	4	0	0	0
ENSG00000271882	5	6	11	5
ENSG00000271888	12	9	12	6
ENSG00000271889	0	0	0	0
ENSG00000271894	37	67	25	13
ENSG00000271895	9	18	2	15
ENSG00000271911	0	2	0	0
ENSG00000271913	8	6	5	8
ENSG00000271914	0	1	0	0
ENSG00000271916	2	2	2	1
ENSG00000271918	15	21	24	26
ENSG00000271936	56	44	72	49
ENSG00000271937	2	8	3	5
ENSG00000271943	2	5	0	3
ENSG00000271959	2	14	17	19
ENSG00000271964	1	6	1	0
ENSG00000271966	1	2	6	6
ENSG00000271967	2	0	0	0
ENSG00000271971	5	16	9	4
ENSG00000271976	142	86	199	75
ENSG00000271978	3	15	7	5
ENSG00000271980	19	34	33	20
ENSG00000271989	0	0	1	0
ENSG00000271991	0	1	0	0
ENSG00000271992	10	10	17	19
ENSG00000271993	2	1	2	2
ENSG00000271998	1	0	0	1
ENSG00000272004	5	10	2	3
ENSG00000272008	15	14	7	9
ENSG00000272009	6	9	5	2
ENSG00000272010	0	5	3	1
ENSG00000272017	4	7	1	4
ENSG00000272021	2	0	0	0
ENSG00000272023	0	0	0	0
ENSG00000272024	1	0	1	0
ENSG00000272030	12	10	7	10
ENSG00000272031	350	399	354	312
ENSG00000272033	1	0	2	0
ENSG00000272040	10	3	9	24
ENSG00000272047	750	911	743	696
ENSG00000272049	3	2	2	3
ENSG00000272054	24	13	15	15
ENSG00000272056	1	0	0	2
ENSG00000272057	0	0	0	1
ENSG00000272068	0	0	1	0
ENSG00000272072	1	0	1	3
ENSG00000272076	0	1	0	0
ENSG00000272077	37	42	40	23
ENSG00000272078	0	0	0	0
ENSG00000272079	0	0	1	0
ENSG00000272084	7	5	4	1
ENSG00000272086	25	32	23	19
ENSG00000272087	0	0	1	0
ENSG00000272092	4	15	10	7
ENSG00000272094	0	0	0	0
ENSG00000272097	19	37	19	20
ENSG00000272100	0	0	0	0
ENSG00000272102	5	6	2	1
ENSG00000272103	1	1	1	0
ENSG00000272106	70	95	71	50
ENSG00000272112	12	10	9	16
ENSG00000272114	0	0	0	1
ENSG00000272115	2	1	3	0
ENSG00000272129	14	22	16	13
ENSG00000272140	10	24	5	4
ENSG00000272142	49	29	37	22
ENSG00000272143	21	13	9	20
ENSG00000272144	5	7	4	8
ENSG00000272145	7	26	11	23
ENSG00000272146	14	25	9	15
ENSG00000272148	4	0	0	1
ENSG00000272150	6	14	10	4
ENSG00000272153	1	0	0	0
ENSG00000272155	11	13	19	8
ENSG00000272156	3	0	0	0
ENSG00000272158	0	0	0	1
ENSG00000272159	4	1	0	0
ENSG00000272162	0	1	0	0
ENSG00000272168	22	5	21	6
ENSG00000272172	3	3	8	1
ENSG00000272173	27	31	20	20
ENSG00000272181	0	1	0	0
ENSG00000272182	22	12	12	10
ENSG00000272183	2	17	6	19
ENSG00000272186	0	0	3	1
ENSG00000272192	0	8	0	4
ENSG00000272195	7	3	0	5
ENSG00000272196	135	282	168	225
ENSG00000272202	0	0	0	1
ENSG00000272205	8	3	1	5
ENSG00000272217	0	8	3	5
ENSG00000272219	0	2	3	0
ENSG00000272220	2	0	0	0
ENSG00000272221	17	19	24	20
ENSG00000272223	1	6	2	0
ENSG00000272236	0	1	0	0
ENSG00000272247	0	0	0	3
ENSG00000272248	2	3	0	2
ENSG00000272255	3	0	2	1
ENSG00000272256	3	2	7	1
ENSG00000272263	0	2	0	9
ENSG00000272264	0	2	0	1
ENSG00000272267	9	9	8	6
ENSG00000272269	590	520	477	355
ENSG00000272273	5	6	6	12
ENSG00000272275	0	2	1	2
ENSG00000272277	12	42	8	20
ENSG00000272282	349	253	296	129
ENSG00000272288	63	61	51	60
ENSG00000272301	1	4	0	0
ENSG00000272305	1	0	3	7
ENSG00000272308	1	3	4	3
ENSG00000272316	15	48	25	34
ENSG00000272323	4	0	3	2
ENSG00000272325	3346	3218	3082	2797
ENSG00000272333	2966	2872	2975	2271
ENSG00000272334	0	4	2	1
ENSG00000272335	75	71	51	63
ENSG00000272338	7	5	13	8
ENSG00000272341	91	96	86	95
ENSG00000272343	0	1	3	0
ENSG00000272345	10	19	16	19
ENSG00000272347	0	1	2	1
ENSG00000272354	1	0	0	1
ENSG00000272356	4	8	4	5
ENSG00000272361	2	2	0	2
ENSG00000272366	2	0	0	0
ENSG00000272368	5	6	1	7
ENSG00000272370	2	4	3	2
ENSG00000272374	4	0	8	8
ENSG00000272375	0	1	1	1
ENSG00000272379	1	2	1	2
ENSG00000272382	1	3	0	10
ENSG00000272384	1	1	0	1
ENSG00000272391	7266	6790	6075	5662
ENSG00000272398	0	1	0	1
ENSG00000272402	0	0	5	1
ENSG00000272405	6	24	5	0
ENSG00000272410	80	79	36	80
ENSG00000272414	32	89	21	119
ENSG00000272416	1	0	0	4
ENSG00000272417	0	0	0	0
ENSG00000272419	263	239	236	152
ENSG00000272425	5	0	0	0
ENSG00000272426	0	0	0	0
ENSG00000272432	1	3	1	0
ENSG00000272434	4	14	8	4
ENSG00000272444	3	1	1	2
ENSG00000272446	4	0	0	0
ENSG00000272447	208	143	182	149
ENSG00000272449	106	103	69	76
ENSG00000272455	49	45	40	40
ENSG00000272459	1	0	3	0
ENSG00000272462	65	112	58	58
ENSG00000272463	156	215	132	176
ENSG00000272465	0	0	0	0
ENSG00000272468	5	10	5	5
ENSG00000272469	0	0	0	0
ENSG00000272476	52	56	48	46
ENSG00000272478	3	5	1	1
ENSG00000272482	2	0	1	1
ENSG00000272483	0	0	0	0
ENSG00000272489	2	2	2	4
ENSG00000272491	0	2	0	0
ENSG00000272498	5	5	1	0
ENSG00000272501	82	90	93	88
ENSG00000272502	56	26	41	11
ENSG00000272505	0	0	2	0
ENSG00000272508	1	0	0	0
ENSG00000272509	0	0	0	2
ENSG00000272510	3	1	1	0
ENSG00000272512	3	0	0	0
ENSG00000272516	0	3	0	3
ENSG00000272518	24	22	6	21
ENSG00000272523	0	0	0	1
ENSG00000272525	14	17	4	18
ENSG00000272529	2	2	0	5
ENSG00000272540	33	33	46	25
ENSG00000272541	0	0	0	1
ENSG00000272542	0	0	0	1
ENSG00000272556	109	72	100	60
ENSG00000272558	0	1	0	0
ENSG00000272563	0	0	0	0
ENSG00000272564	0	2	0	0
ENSG00000272567	1	2	0	1
ENSG00000272572	6	8	4	5
ENSG00000272573	8	22	0	1
ENSG00000272576	3	0	0	0
ENSG00000272578	33	86	80	32
ENSG00000272582	0	0	4	3
ENSG00000272583	9	8	7	9
ENSG00000272588	0	3	1	1
ENSG00000272589	0	36	9	23
ENSG00000272592	2	0	0	0
ENSG00000272599	13	42	16	26
ENSG00000272601	8	10	10	20
ENSG00000272604	27	33	19	23
ENSG00000272606	18	20	14	25
ENSG00000272610	0	1	3	2
ENSG00000272617	0	34	25	0
ENSG00000272619	0	3	0	0
ENSG00000272620	0	1	0	0
ENSG00000272622	0	0	1	0
ENSG00000272625	0	3	5	0
ENSG00000272627	0	3	0	1
ENSG00000272630	7	6	9	7
ENSG00000272631	3	8	3	6
ENSG00000272636	1286	718	1015	442
ENSG00000272638	3	0	0	1
ENSG00000272644	6	8	8	5
ENSG00000272645	78	169	80	84
ENSG00000272646	1	2	0	1
ENSG00000272647	1	0	8	0
ENSG00000272650	2	0	0	2
ENSG00000272654	11	21	30	33
ENSG00000272655	165	161	141	165
ENSG00000272656	0	0	4	0
ENSG00000272657	10	1	0	3
ENSG00000272661	0	11	1	12
ENSG00000272662	1	0	5	5
ENSG00000272663	2	0	1	1
ENSG00000272666	1	6	0	11
ENSG00000272667	51	45	57	54
ENSG00000272668	7	33	13	28
ENSG00000272669	10	18	3	17
ENSG00000272677	20	20	5	21
ENSG00000272678	2	0	0	0
ENSG00000272681	2	4	1	6
ENSG00000272686	74	81	47	84
ENSG00000272688	23	29	36	19
ENSG00000272689	0	1	0	5
ENSG00000272690	4	0	0	4
ENSG00000272693	8	6	2	7
ENSG00000272696	3	4	6	2
ENSG00000272699	0	0	0	1
ENSG00000272702	10	18	0	23
ENSG00000272707	1	0	0	0
ENSG00000272711	237	201	182	90
ENSG00000272716	9	17	1	8
ENSG00000272717	0	10	6	1
ENSG00000272719	0	0	1	0
ENSG00000272721	2	2	3	1
ENSG00000272732	4	0	1	1
ENSG00000272733	0	0	0	2
ENSG00000272734	37	73	51	74
ENSG00000272735	1	0	0	0
ENSG00000272741	0	0	0	0
ENSG00000272742	0	2	0	0
ENSG00000272744	0	8	0	1
ENSG00000272745	0	5	0	0
ENSG00000272746	3	3	3	1
ENSG00000272750	10	9	11	4
ENSG00000272752	137	261	164	177
ENSG00000272754	1	0	6	0
ENSG00000272755	3	3	1	8
ENSG00000272758	45	46	46	49
ENSG00000272760	19	19	16	19
ENSG00000272763	229	183	174	182
ENSG00000272764	0	1	2	3
ENSG00000272767	18	9	17	7
ENSG00000272768	2	4	3	1
ENSG00000272770	0	0	5	0
ENSG00000272772	2	0	0	6
ENSG00000272777	0	4	5	3
ENSG00000272779	427	433	282	371
ENSG00000272787	0	6	0	3
ENSG00000272791	0	1	0	3
ENSG00000272795	1	2	6	0
ENSG00000272799	1	1	2	0
ENSG00000272800	8	2	5	2
ENSG00000272807	6	0	2	6
ENSG00000272812	2	15	8	15
ENSG00000272817	3	4	6	2
ENSG00000272821	95	101	70	83
ENSG00000272822	16	0	8	3
ENSG00000272823	1	0	2	0
ENSG00000272824	0	3	1	0
ENSG00000272825	0	2	5	3
ENSG00000272829	3	6	2	8
ENSG00000272831	40	50	36	37
ENSG00000272836	0	1	0	0
ENSG00000272841	162	127	128	76
ENSG00000272842	5	4	7	8
ENSG00000272843	2	3	0	1
ENSG00000272844	2	13	6	3
ENSG00000272848	0	2	0	0
ENSG00000272849	0	0	1	0
ENSG00000272853	22	25	7	17
ENSG00000272854	0	7	0	1
ENSG00000272858	2	3	1	0
ENSG00000272861	4	0	0	1
ENSG00000272862	1	0	0	0
ENSG00000272870	38	56	46	36
ENSG00000272871	7	6	7	6
ENSG00000272884	24	6	36	47
ENSG00000272886	3901	4092	3455	3428
ENSG00000272887	0	5	0	0
ENSG00000272888	1350	1320	1172	993
ENSG00000272892	0	1	2	4
ENSG00000272894	2	8	6	6
ENSG00000272896	0	0	5	0
ENSG00000272897	0	2	0	0
ENSG00000272899	1	18	5	11
ENSG00000272902	0	0	1	1
ENSG00000272905	0	0	1	0
ENSG00000272906	5	16	8	2
ENSG00000272908	216	147	244	131
ENSG00000272909	14	22	12	17
ENSG00000272910	0	0	0	2
ENSG00000272913	14	3	9	3
ENSG00000272914	19	32	27	39
ENSG00000272916	114	128	98	88
ENSG00000272917	5	0	0	0
ENSG00000272918	6	4	4	2
ENSG00000272923	12	19	9	11
ENSG00000272927	1	0	2	0
ENSG00000272931	14	6	6	3
ENSG00000272933	15	12	6	6
ENSG00000272936	2	5	5	8
ENSG00000272940	1	0	1	1
ENSG00000272941	49	37	47	26
ENSG00000272942	0	0	3	0
ENSG00000272944	17	3	1	0
ENSG00000272945	0	1	0	2
ENSG00000272948	4	1	0	2
ENSG00000272949	0	0	0	4
ENSG00000272950	2	0	1	4
ENSG00000272953	0	2	0	1
ENSG00000272954	1	1	0	1
ENSG00000272966	0	0	1	0
ENSG00000272967	0	1	0	1
ENSG00000272968	2	8	8	8
ENSG00000272969	0	4	0	0
ENSG00000272973	2	5	5	4
ENSG00000272977	20	14	15	8
ENSG00000272979	0	4	3	0
ENSG00000272980	10	23	45	7
ENSG00000272982	1	0	0	0
ENSG00000272983	1	3	1	0
ENSG00000272986	5	2	1	6
ENSG00000272989	67	62	49	43
ENSG00000272990	3	9	2	2
ENSG00000272991	0	0	3	0
ENSG00000272994	43	81	43	60
ENSG00000272995	0	0	0	0
ENSG00000273000	12	1	26	8
ENSG00000273001	2	5	2	0
ENSG00000273002	15	31	15	29
ENSG00000273004	10	12	4	9
ENSG00000273007	14	15	22	13
ENSG00000273008	3	16	7	13
ENSG00000273010	10	4	6	1
ENSG00000273011	2	0	1	0
ENSG00000273013	0	1	0	0
ENSG00000273014	20	11	23	14
ENSG00000273015	424	539	452	377
ENSG00000273017	0	1	0	0
ENSG00000273018	15	77	47	48
ENSG00000273024	0	0	0	0
ENSG00000273026	1	5	3	2
ENSG00000273027	2	4	6	10
ENSG00000273033	32	39	18	22
ENSG00000273036	0	0	0	2
ENSG00000273038	65	21	40	16
ENSG00000273045	0	0	5	5
ENSG00000273046	3	3	4	0
ENSG00000273047	78	143	72	103
ENSG00000273049	0	10	0	0
ENSG00000273055	0	1	3	3
ENSG00000273056	0	1	1	0
ENSG00000273058	4	6	9	8
ENSG00000273061	3	5	4	7
ENSG00000273063	0	0	1	0
ENSG00000273064	2	9	6	3
ENSG00000273066	37	55	26	33
ENSG00000273073	2	1	1	6
ENSG00000273080	9	24	16	21
ENSG00000273084	1	8	0	23
ENSG00000273088	3	0	0	6
ENSG00000273091	2	2	0	0
ENSG00000273096	0	0	0	0
ENSG00000273102	0	14	1	0
ENSG00000273106	0	0	1	0
ENSG00000273107	3	0	3	0
ENSG00000273108	4	1	7	3
ENSG00000273117	197	184	204	158
ENSG00000273125	0	0	1	0
ENSG00000273129	1	1	2	5
ENSG00000273132	3	0	2	1
ENSG00000273133	0	0	1	0
ENSG00000273136	433	413	398	334
ENSG00000273137	3	3	4	0
ENSG00000273139	0	0	0	0
ENSG00000273141	1	2	1	4
ENSG00000273142	69	61	64	38
ENSG00000273143	6	0	0	0
ENSG00000273145	23	18	30	14
ENSG00000273148	3	13	9	8
ENSG00000273149	147	145	143	87
ENSG00000273151	58	16	54	19
ENSG00000273154	322	527	314	329
ENSG00000273155	9	17	2	8
ENSG00000273156	0	1	7	0
ENSG00000273160	0	0	1	0
ENSG00000273162	5	17	4	12
ENSG00000273167	0	0	0	0
ENSG00000273173	10	35	35	72
ENSG00000273174	38	40	20	30
ENSG00000273175	3	1	0	0
ENSG00000273179	0	0	3	0
ENSG00000273181	1	6	0	6
ENSG00000273183	0	1	0	2
ENSG00000273184	91	45	75	23
ENSG00000273186	8	2	5	1
ENSG00000273188	0	0	0	0
ENSG00000273189	5	7	5	8
ENSG00000273192	3	1	1	7
ENSG00000273199	12	7	23	7
ENSG00000273204	6	5	1	4
ENSG00000273210	0	0	2	1
ENSG00000273211	3	1	8	6
ENSG00000273212	0	1	1	0
ENSG00000273216	0	1	0	0
ENSG00000273219	0	0	1	0
ENSG00000273221	11	36	8	33
ENSG00000273225	0	0	2	0
ENSG00000273226	9	3	13	10
ENSG00000273230	23	67	30	34
ENSG00000273240	0	2	0	1
ENSG00000273243	1	5	0	1
ENSG00000273245	0	1	0	0
ENSG00000273247	29	44	35	36
ENSG00000273249	3	0	2	3
ENSG00000273253	9	15	7	8
ENSG00000273254	0	3	0	3
ENSG00000273257	0	0	2	0
ENSG00000273261	0	0	4	1
ENSG00000273262	0	0	1	2
ENSG00000273265	0	0	0	0
ENSG00000273269	1	0	0	0
ENSG00000273270	128	113	95	66
ENSG00000273271	8	2	6	6
ENSG00000273272	0	6	0	0
ENSG00000273275	6	5	6	12
ENSG00000273284	8	1	14	7
ENSG00000273289	0	0	0	1
ENSG00000273291	2	21	2	33
ENSG00000273294	0	21	0	16
ENSG00000273295	6	6	12	8
ENSG00000273297	16	12	3	2
ENSG00000273300	0	2	1	1
ENSG00000273302	0	0	1	1
ENSG00000273306	2	4	2	4
ENSG00000273308	1	0	0	1
ENSG00000273311	38	37	35	54
ENSG00000273313	1	0	0	3
ENSG00000273314	125	109	102	106
ENSG00000273319	0	0	1	3
ENSG00000273320	7	14	14	13
ENSG00000273325	0	1	0	0
ENSG00000273328	10	7	3	10
ENSG00000273329	60	63	50	31
ENSG00000273333	0	0	0	0
ENSG00000273335	5	0	2	2
ENSG00000273336	0	0	0	1
ENSG00000273338	5	7	1	3
ENSG00000273340	2	2	3	0
ENSG00000273343	0	2	1	5
ENSG00000273344	146	272	149	242
ENSG00000273345	12	7	2	9
ENSG00000273350	0	0	0	1
ENSG00000273355	6	7	6	6
ENSG00000273356	23	25	24	10
ENSG00000273361	4	11	5	3
ENSG00000273363	0	0	2	0
ENSG00000273365	1	0	0	0
ENSG00000273366	19	18	13	8
ENSG00000273367	0	2	0	0
ENSG00000273368	0	0	1	0
ENSG00000273369	0	0	0	0
ENSG00000273372	0	0	0	0
ENSG00000273373	12	41	26	28
ENSG00000273374	2	5	5	1
ENSG00000273375	1	0	0	0
ENSG00000273381	0	0	0	4
ENSG00000273382	21	17	29	5
ENSG00000273387	17	3	4	8
ENSG00000273391	5	10	12	12
ENSG00000273398	4	11	0	6
ENSG00000273399	0	1	0	0
ENSG00000273402	0	2	2	0
ENSG00000273403	0	0	0	0
ENSG00000273406	1	0	1	0
ENSG00000273416	5	4	5	1
ENSG00000273419	10	7	7	11
ENSG00000273420	0	10	0	14
ENSG00000273424	0	0	2	1
ENSG00000273428	9	4	1	3
ENSG00000273432	6	6	20	6
ENSG00000273437	3	2	1	4
ENSG00000273443	28	14	16	4
ENSG00000273445	20	6	17	3
ENSG00000273447	1	3	1	3
ENSG00000273448	3	6	7	3
ENSG00000273449	11	11	5	6
ENSG00000273450	10	9	7	1
ENSG00000273451	0	0	4	0
ENSG00000273454	0	1	0	1
ENSG00000273455	3	0	0	0
ENSG00000273456	19	31	20	12
ENSG00000273464	0	0	0	0
ENSG00000273466	36	50	25	23
ENSG00000273473	3	2	1	0
ENSG00000273483	1	0	0	0
ENSG00000273485	6	2	0	3
ENSG00000273486	3	22	18	13
ENSG00000273487	0	0	1	0
ENSG00000273489	0	2	2	0
ENSG00000273496	4	6	4	0
ENSG00000273507	0	1	0	0
ENSG00000273514	0	2	2	3
ENSG00000273520	0	1	0	0
ENSG00000273521	1	0	0	0
ENSG00000273540	0	0	0	0
ENSG00000273541	21	0	1	22
ENSG00000273542	0	0	3	14
ENSG00000273544	0	6	0	0
ENSG00000273551	0	0	0	0
ENSG00000273554	0	0	0	1
ENSG00000273559	1196	1367	1182	1101
ENSG00000273565	0	6	0	2
ENSG00000273568	9	6	3	3
ENSG00000273576	19	28	29	19
ENSG00000273580	0	0	0	0
ENSG00000273590	93	370	14	414
ENSG00000273595	0	0	0	0
ENSG00000273596	0	0	1	0
ENSG00000273598	0	9	1	1
ENSG00000273599	0	0	1	2
ENSG00000273604	2520	1931	1824	1452
ENSG00000273611	1202	1174	1001	982
ENSG00000273619	22	17	32	29
ENSG00000273628	3	2	0	0
ENSG00000273637	5	0	3	0
ENSG00000273654	14	24	9	16
ENSG00000273658	2	6	0	1
ENSG00000273669	71	38	39	34
ENSG00000273679	0	0	0	1
ENSG00000273680	2	12	13	5
ENSG00000273687	0	1	0	0
ENSG00000273691	1	0	1	0
ENSG00000273702	25	42	19	24
ENSG00000273703	2	0	1	1
ENSG00000273706	4	21	4	62
ENSG00000273711	1	2	0	3
ENSG00000273723	2	11	1	12
ENSG00000273729	24	44	11	19
ENSG00000273730	353	81	183	64
ENSG00000273733	0	0	0	0
ENSG00000273734	8	0	0	0
ENSG00000273747	0	0	0	0
ENSG00000273748	225	149	152	91
ENSG00000273749	3317	2481	2734	1976
ENSG00000273759	7	9	1	9
ENSG00000273763	11	23	23	19
ENSG00000273768	1	0	1	0
ENSG00000273783	2	4	7	16
ENSG00000273784	131	102	104	135
ENSG00000273786	1	4	2	0
ENSG00000273797	0	2	0	1
ENSG00000273802	39	23	19	25
ENSG00000273805	0	0	1	0
ENSG00000273812	25	19	14	13
ENSG00000273820	44	110	66	79
ENSG00000273821	0	0	2	2
ENSG00000273824	0	0	0	3
ENSG00000273841	2228	2484	1879	1731
ENSG00000273855	8	6	4	10
ENSG00000273888	18	12	8	1
ENSG00000273890	0	0	0	1
ENSG00000273893	14	16	14	18
ENSG00000273897	59	0	41	0
ENSG00000273899	803	937	717	681
ENSG00000273901	2	0	4	1
ENSG00000273906	31	0	4	0
ENSG00000273951	1	0	0	0
ENSG00000273958	0	0	2	0
ENSG00000273972	1	0	0	0
ENSG00000273973	0	2	0	0
ENSG00000273979	0	1	0	0
ENSG00000273980	1	0	0	0
ENSG00000273983	8	6	16	19
ENSG00000273987	0	1	0	0
ENSG00000273989	0	1	0	2
ENSG00000273998	1	0	0	0
ENSG00000274001	2	0	0	1
ENSG00000274002	1	1	5	1
ENSG00000274008	1	0	0	0
ENSG00000274010	2	2	0	1
ENSG00000274012	5449	1547	1736	1220
ENSG00000274015	5	3	0	0
ENSG00000274019	0	0	0	0
ENSG00000274020	72	92	63	80
ENSG00000274021	31	38	51	38
ENSG00000274026	18	21	10	20
ENSG00000274028	0	0	0	1
ENSG00000274029	6	2	5	4
ENSG00000274038	0	0	0	2
ENSG00000274049	0	0	112	12
ENSG00000274055	3	0	0	0
ENSG00000274068	2	0	1	0
ENSG00000274070	26	47	26	30
ENSG00000274076	0	0	0	0
ENSG00000274092	8	3	1	0
ENSG00000274093	0	0	0	4
ENSG00000274099	0	0	0	0
ENSG00000274104	6	5	14	8
ENSG00000274105	1	1	0	2
ENSG00000274114	2	1	6	6
ENSG00000274124	0	2	0	0
ENSG00000274128	0	0	0	0
ENSG00000274156	0	0	0	0
ENSG00000274159	0	0	2	0
ENSG00000274173	2	12	4	10
ENSG00000274180	431	293	285	326
ENSG00000274183	0	0	1	0
ENSG00000274191	0	1	0	1
ENSG00000274204	0	0	0	0
ENSG00000274209	0	0	0	0
ENSG00000274210	0	0	0	1
ENSG00000274211	1378	1501	1160	1096
ENSG00000274213	11	26	3	5
ENSG00000274214	11	14	1	19
ENSG00000274220	2	12	6	8
ENSG00000274225	1	0	0	0
ENSG00000274226	0	0	0	2
ENSG00000274227	1	3	2	0
ENSG00000274248	3	0	0	0
ENSG00000274251	0	0	0	0
ENSG00000274259	0	1	2	0
ENSG00000274265	60	47	37	34
ENSG00000274266	1	0	4	3
ENSG00000274267	6	3	0	1
ENSG00000274270	4	1	0	2
ENSG00000274272	127	212	202	193
ENSG00000274275	1	0	3	1
ENSG00000274276	1473	1694	1248	944
ENSG00000274286	0	4	2	4
ENSG00000274290	16	13	8	12
ENSG00000274292	2	8	0	5
ENSG00000274308	1	0	1	2
ENSG00000274315	3	3	8	3
ENSG00000274317	0	0	0	0
ENSG00000274322	3	4	1	3
ENSG00000274333	311	287	220	246
ENSG00000274341	0	0	0	2
ENSG00000274363	3	3	0	1
ENSG00000274364	3	0	0	1
ENSG00000274370	1	0	1	5
ENSG00000274372	0	0	0	0
ENSG00000274378	3	0	2	2
ENSG00000274383	11	14	13	14
ENSG00000274386	2	1	1	1
ENSG00000274396	0	0	0	0
ENSG00000274403	0	0	0	2
ENSG00000274414	0	0	0	1
ENSG00000274419	0	0	0	0
ENSG00000274421	5	1	1	0
ENSG00000274422	8	29	9	15
ENSG00000274423	0	1	0	1
ENSG00000274424	0	0	0	0
ENSG00000274425	321	292	275	236
ENSG00000274427	0	1	0	0
ENSG00000274428	0	0	0	1
ENSG00000274430	2	1	6	3
ENSG00000274443	2	0	0	0
ENSG00000274460	5	2	4	7
ENSG00000274471	31	80	32	52
ENSG00000274475	0	0	3	0
ENSG00000274487	273	277	201	261
ENSG00000274501	0	0	0	0
ENSG00000274512	172	290	166	178
ENSG00000274515	1	0	4	0
ENSG00000274523	4706	4619	3991	3851
ENSG00000274528	4	8	4	19
ENSG00000274536	6	5	0	2
ENSG00000274559	0	12	9	8
ENSG00000274561	11	5	7	6
ENSG00000274565	59	91	70	60
ENSG00000274570	0	1	1	0
ENSG00000274584	1	0	0	0
ENSG00000274591	0	1	1	0
ENSG00000274598	0	2	1	0
ENSG00000274600	22	74	18	66
ENSG00000274602	87	232	133	189
ENSG00000274605	80	132	65	51
ENSG00000274615	3	22	20	13
ENSG00000274618	8	4	2	0
ENSG00000274628	0	3	0	4
ENSG00000274629	0	0	1	0
ENSG00000274630	2	1	0	0
ENSG00000274641	7	7	0	5
ENSG00000274653	2	3	1	3
ENSG00000274654	1	0	1	0
ENSG00000274667	0	2	1	12
ENSG00000274677	1	3	2	5
ENSG00000274678	0	1	0	1
ENSG00000274695	0	0	0	1
ENSG00000274712	206	180	182	140
ENSG00000274717	0	0	0	0
ENSG00000274736	67	127	26	524
ENSG00000274737	3	0	3	6
ENSG00000274750	109	95	73	87
ENSG00000274751	0	3	1	6
ENSG00000274760	5	0	2	1
ENSG00000274767	5	1	0	2
ENSG00000274799	0	1	0	0
ENSG00000274808	5	1	7	5
ENSG00000274810	6	2	0	20
ENSG00000274818	4	5	4	4
ENSG00000274825	4	1	4	3
ENSG00000274828	37	54	37	27
ENSG00000274837	0	0	0	1
ENSG00000274849	1	1	0	0
ENSG00000274874	0	0	1	0
ENSG00000274885	0	1	0	0
ENSG00000274893	0	0	0	3
ENSG00000274897	90	107	91	60
ENSG00000274898	0	0	0	3
ENSG00000274902	0	0	3	0
ENSG00000274904	2	2	3	1
ENSG00000274911	5	4	0	3
ENSG00000274917	353	81	183	64
ENSG00000274918	0	0	1	2
ENSG00000274922	90	95	74	65
ENSG00000274925	9	48	25	41
ENSG00000274928	2	0	0	1
ENSG00000274929	9	2	4	1
ENSG00000274933	7	0	0	2
ENSG00000274943	1	3	5	0
ENSG00000274944	106	177	177	103
ENSG00000274949	2	1	2	0
ENSG00000274963	2	1	1	1
ENSG00000274964	30	60	42	20
ENSG00000274987	0	0	0	0
ENSG00000274997	1	2	1	1
ENSG00000275004	160	210	170	165
ENSG00000275022	4	2	0	0
ENSG00000275023	10256	8729	9444	6849
ENSG00000275024	0	0	0	1
ENSG00000275029	5	3	0	4
ENSG00000275040	0	1	1	0
ENSG00000275052	5377	5156	4881	4077
ENSG00000275055	13	14	14	8
ENSG00000275056	0	3	2	0
ENSG00000275066	3823	3399	3359	3201
ENSG00000275070	0	1	3	1
ENSG00000275074	966	1016	886	838
ENSG00000275091	0	0	0	0
ENSG00000275092	4	2	2	7
ENSG00000275097	60	108	68	61
ENSG00000275106	1	2	0	0
ENSG00000275111	226	196	203	140
ENSG00000275120	23	20	19	25
ENSG00000275121	2	1	0	1
ENSG00000275126	1	0	0	0
ENSG00000275129	0	0	0	0
ENSG00000275131	187	125	192	108
ENSG00000275140	1	0	0	0
ENSG00000275143	0	1	0	0
ENSG00000275152	0	1	0	1
ENSG00000275160	16	25	10	11
ENSG00000275180	4	11	2	5
ENSG00000275183	286	240	188	173
ENSG00000275185	11	19	20	13
ENSG00000275191	0	1	3	6
ENSG00000275198	6	17	12	15
ENSG00000275202	38	36	19	32
ENSG00000275215	353	81	183	64
ENSG00000275221	1	1	3	3
ENSG00000275223	0	0	0	0
ENSG00000275227	0	0	0	0
ENSG00000275234	1	2	1	0
ENSG00000275236	0	0	2	3
ENSG00000275263	1	0	0	0
ENSG00000275265	0	0	1	0
ENSG00000275291	0	0	0	0
ENSG00000275294	0	0	0	1
ENSG00000275302	4306	4671	4357	5367
ENSG00000275318	6	15	11	6
ENSG00000275325	22	14	16	22
ENSG00000275329	13	15	2	17
ENSG00000275332	0	0	1	0
ENSG00000275340	0	0	0	1
ENSG00000275342	497	376	442	268
ENSG00000275345	0	0	0	0
ENSG00000275367	0	0	0	2
ENSG00000275379	3	1	1	1
ENSG00000275383	3	0	0	0
ENSG00000275385	0	7	5	10
ENSG00000275389	0	0	0	2
ENSG00000275395	122	33	105	75
ENSG00000275400	21	7	23	18
ENSG00000275401	0	3	1	1
ENSG00000275405	1	0	1	0
ENSG00000275409	0	0	0	1
ENSG00000275413	1	3	0	0
ENSG00000275417	1	0	0	0
ENSG00000275426	0	0	0	2
ENSG00000275431	0	0	0	0
ENSG00000275437	11	23	8	24
ENSG00000275438	2	0	0	0
ENSG00000275441	1	7	2	2
ENSG00000275445	1	0	0	2
ENSG00000275450	20	11	8	14
ENSG00000275454	14	17	13	18
ENSG00000275457	36	36	21	9
ENSG00000275464	1452	1887	1383	1303
ENSG00000275467	1	0	0	0
ENSG00000275468	2	5	6	1
ENSG00000275476	1	1	1	0
ENSG00000275479	0	0	0	0
ENSG00000275481	0	3	7	4
ENSG00000275484	4	0	0	0
ENSG00000275485	1	0	0	0
ENSG00000275489	0	0	0	0
ENSG00000275491	3	2	1	9
ENSG00000275494	11	7	3	7
ENSG00000275496	45	63	157	96
ENSG00000275512	1	0	2	0
ENSG00000275527	2	0	1	0
ENSG00000275532	5	13	1	6
ENSG00000275549	1	1	1	1
ENSG00000275552	2	1	4	2
ENSG00000275558	0	2	0	0
ENSG00000275559	0	0	0	0
ENSG00000275560	6	16	7	10
ENSG00000275580	2	1	1	2
ENSG00000275591	1	0	0	0
ENSG00000275597	11	4	11	5
ENSG00000275601	11	11	6	3
ENSG00000275613	0	4	0	0
ENSG00000275630	1	1	0	2
ENSG00000275632	11	25	25	14
ENSG00000275636	0	0	0	2
ENSG00000275638	8	1	2	6
ENSG00000275645	0	0	2	1
ENSG00000275665	0	0	1	0
ENSG00000275674	0	1	1	0
ENSG00000275688	0	0	0	2
ENSG00000275695	0	0	0	0
ENSG00000275700	5382	6472	4784	5011
ENSG00000275703	0	0	0	0
ENSG00000275709	1	0	0	0
ENSG00000275713	33	37	34	37
ENSG00000275714	2	3	4	1
ENSG00000275718	0	0	0	1
ENSG00000275719	16	14	13	19
ENSG00000275720	0	3	2	1
ENSG00000275728	0	1	0	0
ENSG00000275734	5	20	3	5
ENSG00000275740	491	534	548	391
ENSG00000275757	353	81	183	64
ENSG00000275759	0	6	0	3
ENSG00000275764	64	57	83	45
ENSG00000275765	37	28	35	23
ENSG00000275778	39	14	14	26
ENSG00000275793	113	167	81	130
ENSG00000275799	0	4	0	0
ENSG00000275807	12	9	24	13
ENSG00000275830	0	2	0	0
ENSG00000275832	355	370	322	316
ENSG00000275834	1	0	0	0
ENSG00000275835	957	1110	818	919
ENSG00000275839	0	1	0	0
ENSG00000275846	0	2	1	0
ENSG00000275854	0	5	5	2
ENSG00000275857	3	0	2	2
ENSG00000275880	5	8	6	2
ENSG00000275882	458	792	317	493
ENSG00000275888	0	1	1	0
ENSG00000275894	0	0	0	0
ENSG00000275895	4855	5134	4041	4185
ENSG00000275897	1	0	0	0
ENSG00000275902	7	1	2	2
ENSG00000275927	0	0	1	0
ENSG00000275936	0	0	0	2
ENSG00000275944	1	0	3	0
ENSG00000275945	1	0	0	0
ENSG00000275963	0	2	0	2
ENSG00000275964	127	123	113	98
ENSG00000275966	0	0	2	0
ENSG00000275993	1001	1453	1030	1319
ENSG00000275994	1	0	0	0
ENSG00000276007	15	21	18	20
ENSG00000276023	559	586	470	484
ENSG00000276026	0	2	1	0
ENSG00000276043	6609	6988	6399	5084
ENSG00000276045	2631	2493	2278	2283
ENSG00000276058	1	0	0	0
ENSG00000276070	91	128	97	186
ENSG00000276071	0	1	0	0
ENSG00000276075	0	1	0	0
ENSG00000276077	263	184	161	156
ENSG00000276085	81	279	27	406
ENSG00000276087	0	0	0	0
ENSG00000276089	2	8	4	15
ENSG00000276101	3	3	4	1
ENSG00000276110	0	0	2	0
ENSG00000276115	3	1	6	4
ENSG00000276116	58	29	51	18
ENSG00000276131	30	25	13	20
ENSG00000276136	2	2	3	3
ENSG00000276141	3	2	0	0
ENSG00000276148	0	2	1	5
ENSG00000276150	8	4	14	8
ENSG00000276160	4	3	10	14
ENSG00000276161	0	0	1	0
ENSG00000276166	0	3	3	1
ENSG00000276168	4851	1359	1634	1123
ENSG00000276174	2	0	1	1
ENSG00000276180	23	8	8	8
ENSG00000276182	14	28	14	29
ENSG00000276188	5	0	0	0
ENSG00000276203	2	1	3	1
ENSG00000276216	0	3	5	2
ENSG00000276231	40	10	36	20
ENSG00000276232	1	2	0	0
ENSG00000276234	1226	1363	1125	1147
ENSG00000276241	1	5	0	14
ENSG00000276248	4	22	17	13
ENSG00000276250	0	0	0	0
ENSG00000276255	0	3	1	0
ENSG00000276256	263	296	240	221
ENSG00000276259	1	16	6	3
ENSG00000276272	0	0	1	0
ENSG00000276278	8	22	4	24
ENSG00000276291	218	217	230	181
ENSG00000276292	0	1	0	0
ENSG00000276293	3802	3661	3421	2910
ENSG00000276302	0	0	2	1
ENSG00000276317	27	39	20	16
ENSG00000276334	8	6	5	5
ENSG00000276337	1	12	0	0
ENSG00000276345	0	3	0	0
ENSG00000276368	20	17	8	26
ENSG00000276384	2	2	0	1
ENSG00000276390	8	8	7	4
ENSG00000276408	0	1	0	1
ENSG00000276409	3	1	0	0
ENSG00000276410	1	1	1	0
ENSG00000276418	0	4	6	2
ENSG00000276430	0	0	0	2
ENSG00000276436	0	0	2	0
ENSG00000276443	11	12	13	2
ENSG00000276445	0	1	0	0
ENSG00000276449	3	0	2	6
ENSG00000276462	0	0	0	0
ENSG00000276471	0	0	0	0
ENSG00000276476	3	0	0	0
ENSG00000276490	0	0	0	0
ENSG00000276500	0	0	2	0
ENSG00000276509	20	24	17	15
ENSG00000276517	14	20	18	15
ENSG00000276523	0	2	2	0
ENSG00000276524	0	0	0	2
ENSG00000276528	6	1	1	1
ENSG00000276529	51	56	37	62
ENSG00000276533	3	8	5	13
ENSG00000276547	1	3	0	1
ENSG00000276550	171	528	217	373
ENSG00000276564	3	2	2	8
ENSG00000276570	187	189	216	224
ENSG00000276571	9	1	1	5
ENSG00000276573	1	0	5	0
ENSG00000276593	0	0	2	2
ENSG00000276600	1	0	1	0
ENSG00000276603	0	0	0	1
ENSG00000276612	0	0	0	0
ENSG00000276633	2	0	2	1
ENSG00000276645	0	0	0	1
ENSG00000276651	1	0	2	0
ENSG00000276667	0	1	0	0
ENSG00000276672	64	120	83	63
ENSG00000276692	0	2	1	0
ENSG00000276698	1	13	4	1
ENSG00000276700	353	81	183	64
ENSG00000276704	0	3	0	3
ENSG00000276710	0	0	4	0
ENSG00000276715	0	0	0	0
ENSG00000276718	7	14	13	13
ENSG00000276727	1	1	1	2
ENSG00000276728	27	37	29	27
ENSG00000276744	0	4	2	4
ENSG00000276747	1	4	1	5
ENSG00000276757	0	0	0	0
ENSG00000276771	0	0	0	0
ENSG00000276791	28	24	38	28
ENSG00000276805	104	102	101	90
ENSG00000276809	7	1	4	8
ENSG00000276814	20	11	36	22
ENSG00000276823	0	0	1	0
ENSG00000276840	19	12	18	14
ENSG00000276846	3	0	0	0
ENSG00000276850	3	9	2	10
ENSG00000276853	6	6	4	1
ENSG00000276863	0	0	0	1
ENSG00000276867	0	0	0	1
ENSG00000276900	19	35	21	32
ENSG00000276903	4	4	2	3
ENSG00000276916	0	0	0	0
ENSG00000276931	10	13	2	4
ENSG00000276934	0	1	3	2
ENSG00000276945	2	3	0	2
ENSG00000276952	0	1	0	2
ENSG00000276957	3	0	0	2
ENSG00000276966	6	2	10	2
ENSG00000276975	1	0	0	0
ENSG00000276980	1	2	0	2
ENSG00000276984	2	0	0	0
ENSG00000276991	0	5	1	0
ENSG00000276997	6	1	5	0
ENSG00000277007	1	4	1	0
ENSG00000277009	0	0	0	1
ENSG00000277027	63	8	26	0
ENSG00000277034	0	0	2	0
ENSG00000277050	0	0	0	1
ENSG00000277053	2076	1774	1821	1831
ENSG00000277067	192	135	128	111
ENSG00000277072	212	271	248	198
ENSG00000277075	12	8	13	10
ENSG00000277089	88	125	77	122
ENSG00000277112	0	0	0	4
ENSG00000277117	33	100	56	93
ENSG00000277119	0	0	0	0
ENSG00000277125	0	44	0	23
ENSG00000277130	1	0	2	5
ENSG00000277142	20	19	11	16
ENSG00000277147	399	349	330	318
ENSG00000277149	43	64	47	25
ENSG00000277150	1127	1644	860	1473
ENSG00000277151	0	2	3	3
ENSG00000277156	3	0	0	2
ENSG00000277157	0	6	3	0
ENSG00000277159	0	0	0	0
ENSG00000277161	698	940	626	678
ENSG00000277170	1	0	0	1
ENSG00000277173	0	0	2	0
ENSG00000277182	10	11	8	4
ENSG00000277184	0	2	0	0
ENSG00000277194	0	1	0	1
ENSG00000277196	11	13	4	22
ENSG00000277200	0	0	0	4
ENSG00000277203	1182	1687	989	1771
ENSG00000277209	18	11	15	14
ENSG00000277214	0	3	0	2
ENSG00000277218	0	0	0	0
ENSG00000277224	2	2	4	1
ENSG00000277232	16	40	25	35
ENSG00000277246	0	0	0	1
ENSG00000277258	262	295	179	239
ENSG00000277268	0	0	0	0
ENSG00000277283	75	116	97	85
ENSG00000277287	0	27	10	17
ENSG00000277299	3	3	3	3
ENSG00000277301	1	0	0	0
ENSG00000277304	0	1	2	1
ENSG00000277310	3	2	0	0
ENSG00000277324	1	4	0	7
ENSG00000277342	4	3	4	1
ENSG00000277363	33	7	19	7
ENSG00000277368	5	3	0	2
ENSG00000277369	23	19	14	17
ENSG00000277383	9	19	2	5
ENSG00000277399	0	0	1	4
ENSG00000277406	19	26	21	20
ENSG00000277423	0	1	1	2
ENSG00000277425	2	0	0	2
ENSG00000277440	1	3	2	0
ENSG00000277443	6397	7767	6026	6773
ENSG00000277446	0	0	4	0
ENSG00000277449	27	33	28	42
ENSG00000277450	0	1	1	2
ENSG00000277452	0	1	0	0
ENSG00000277453	0	0	0	2
ENSG00000277460	1	0	0	0
ENSG00000277462	106	127	106	128
ENSG00000277464	0	0	0	0
ENSG00000277476	21	57	75	39
ENSG00000277481	73	61	87	29
ENSG00000277491	4	2	1	1
ENSG00000277496	194	165	219	135
ENSG00000277502	0	3	1	11
ENSG00000277504	1	0	1	0
ENSG00000277511	7	14	13	15
ENSG00000277531	0	3	0	2
ENSG00000277534	52	62	73	37
ENSG00000277558	2	1	0	2
ENSG00000277559	77	44	84	29
ENSG00000277561	0	5	0	5
ENSG00000277566	0	1	1	0
ENSG00000277578	0	0	3	0
ENSG00000277581	0	0	0	0
ENSG00000277586	0	0	0	1
ENSG00000277589	4	0	1	0
ENSG00000277595	1	1	0	1
ENSG00000277597	1	3	2	1
ENSG00000277602	0	1	1	0
ENSG00000277610	0	0	0	2
ENSG00000277624	0	0	0	0
ENSG00000277632	31056	39449	26977	35563
ENSG00000277639	24	26	21	34
ENSG00000277654	2	1	2	1
ENSG00000277655	3	9	4	1
ENSG00000277662	5	15	6	0
ENSG00000277669	10	0	10	31
ENSG00000277684	0	5	1	0
ENSG00000277687	1	5	3	2
ENSG00000277692	7	2	4	4
ENSG00000277694	0	0	0	0
ENSG00000277701	59	37	43	21
ENSG00000277715	0	0	0	0
ENSG00000277718	0	0	2	0
ENSG00000277726	0	7	5	0
ENSG00000277728	0	3	0	0
ENSG00000277734	3471	2951	2879	2754
ENSG00000277739	353	81	183	64
ENSG00000277741	0	2	1	0
ENSG00000277744	1	2	3	0
ENSG00000277745	2	47	0	22
ENSG00000277749	4	6	3	3
ENSG00000277758	0	0	0	0
ENSG00000277767	2	7	7	3
ENSG00000277775	2	2	0	0
ENSG00000277778	0	0	0	0
ENSG00000277782	27	10	11	21
ENSG00000277791	5333	5457	4741	4816
ENSG00000277801	0	3	0	0
ENSG00000277806	0	0	2	0
ENSG00000277825	2	0	2	0
ENSG00000277837	0	4	0	2
ENSG00000277840	0	0	0	1
ENSG00000277851	10	16	7	9
ENSG00000277855	3	0	0	0
ENSG00000277858	2	0	0	0
ENSG00000277873	3	2	2	0
ENSG00000277879	33	36	33	21
ENSG00000277887	0	0	1	0
ENSG00000277895	2	1	0	1
ENSG00000277900	0	0	0	0
ENSG00000277901	4	1	0	0
ENSG00000277918	0	0	0	0
ENSG00000277925	7	2	4	11
ENSG00000277938	6	1	2	7
ENSG00000277941	0	0	0	0
ENSG00000277948	0	0	0	0
ENSG00000277950	0	0	0	1
ENSG00000277954	3	3	0	0
ENSG00000277957	0	82	14	15
ENSG00000277959	0	3	3	1
ENSG00000277967	0	0	0	1
ENSG00000277969	207	193	193	156
ENSG00000277972	1250	1481	1094	1262
ENSG00000277985	0	0	0	1
ENSG00000277991	0	124	37	32
ENSG00000277998	8	5	6	3
ENSG00000277999	0	1	2	0
ENSG00000278000	1	0	3	7
ENSG00000278002	6	10	9	8
ENSG00000278017	0	2	0	2
ENSG00000278023	157	278	172	238
ENSG00000278041	0	2	0	2
ENSG00000278045	0	0	0	0
ENSG00000278050	0	0	1	1
ENSG00000278053	1659	1882	1525	1393
ENSG00000278058	5	27	1	6
ENSG00000278066	0	0	1	1
ENSG00000278075	4	2	0	2
ENSG00000278107	12	6	9	7
ENSG00000278112	1	3	0	0
ENSG00000278126	9	6	7	5
ENSG00000278129	279	300	233	195
ENSG00000278133	54	33	45	46
ENSG00000278144	0	1	0	0
ENSG00000278156	0	2	0	0
ENSG00000278158	0	1	0	3
ENSG00000278175	116	73	73	65
ENSG00000278182	0	1	0	0
ENSG00000278189	353	81	183	64
ENSG00000278192	1	2	3	3
ENSG00000278195	0	2	0	1
ENSG00000278198	4	6	4	0
ENSG00000278202	2	0	2	7
ENSG00000278206	0	0	4	0
ENSG00000278217	1	0	0	0
ENSG00000278224	4	0	1	0
ENSG00000278231	13	9	14	7
ENSG00000278233	353	81	183	64
ENSG00000278238	5	10	5	16
ENSG00000278249	6	5	1	2
ENSG00000278259	1332	2099	1081	1765
ENSG00000278272	4	1	10	2
ENSG00000278276	0	0	0	0
ENSG00000278291	353	147	256	95
ENSG00000278311	2835	2885	2466	2166
ENSG00000278324	0	2	0	0
ENSG00000278338	0	1	0	0
ENSG00000278341	7	8	9	6
ENSG00000278344	2	0	1	4
ENSG00000278356	4	2	0	3
ENSG00000278376	26	17	12	18
ENSG00000278383	0	1	0	0
ENSG00000278385	4	9	5	4
ENSG00000278389	0	3	0	1
ENSG00000278390	18	15	14	9
ENSG00000278396	1	5	0	1
ENSG00000278416	2	3	6	4
ENSG00000278419	1	5	2	1
ENSG00000278463	0	3	0	1
ENSG00000278467	0	0	0	1
ENSG00000278472	3	0	0	0
ENSG00000278475	1	0	0	0
ENSG00000278493	1	1	1	1
ENSG00000278514	5	1	1	1
ENSG00000278527	0	0	4	0
ENSG00000278530	0	0	0	0
ENSG00000278535	352	382	307	309
ENSG00000278540	4446	6134	4476	5035
ENSG00000278558	11	48	16	23
ENSG00000278573	14	0	1	1
ENSG00000278576	3	2	0	2
ENSG00000278588	2	4	2	2
ENSG00000278595	1	0	0	0
ENSG00000278600	11	67	33	25
ENSG00000278601	3	3	0	2
ENSG00000278602	0	0	0	0
ENSG00000278607	3	4	1	2
ENSG00000278611	2	2	1	2
ENSG00000278615	2264	2470	2012	1936
ENSG00000278619	1067	1413	909	1051
ENSG00000278626	0	0	0	0
ENSG00000278627	2	3	0	0
ENSG00000278631	0	1	0	0
ENSG00000278637	1	0	1	0
ENSG00000278654	3	0	0	1
ENSG00000278662	23	51	29	46
ENSG00000278668	0	0	0	0
ENSG00000278673	3	2	2	3
ENSG00000278677	10	7	2	2
ENSG00000278700	0	0	0	0
ENSG00000278703	1	4	4	3
ENSG00000278704	0	0	3	0
ENSG00000278705	5	1	10	0
ENSG00000278709	69	26	39	10
ENSG00000278713	0	0	0	0
ENSG00000278727	10	14	4	5
ENSG00000278730	1031	824	881	675
ENSG00000278737	0	0	0	1
ENSG00000278740	6	7	6	8
ENSG00000278743	1	2	4	0
ENSG00000278763	1	0	0	0
ENSG00000278765	1	1	0	3
ENSG00000278768	120	101	112	103
ENSG00000278769	0	0	0	2
ENSG00000278771	1	1	2	1
ENSG00000278784	49	48	30	41
ENSG00000278791	4	14	7	6
ENSG00000278794	0	2	0	0
ENSG00000278815	0	1	0	0
ENSG00000278816	0	0	0	0
ENSG00000278817	81	110	97	77
ENSG00000278828	73	104	86	77
ENSG00000278829	3	3	2	7
ENSG00000278831	0	0	0	1
ENSG00000278834	150	156	131	121
ENSG00000278845	1755	1777	1634	1258
ENSG00000278847	0	0	1	1
ENSG00000278852	0	0	0	1
ENSG00000278861	0	3	0	1
ENSG00000278863	1	0	0	0
ENSG00000278864	10	13	17	6
ENSG00000278867	2	5	6	4
ENSG00000278869	1	1	1	0
ENSG00000278873	2	1	0	0
ENSG00000278876	1	1	1	0
ENSG00000278878	1	15	2	11
ENSG00000278879	1	1	5	1
ENSG00000278887	0	0	1	0
ENSG00000278891	0	1	0	1
ENSG00000278896	0	0	0	0
ENSG00000278899	0	5	4	7
ENSG00000278900	0	0	0	0
ENSG00000278903	33	64	39	45
ENSG00000278916	3	11	9	9
ENSG00000278921	0	1	0	0
ENSG00000278922	0	1	4	0
ENSG00000278931	8	6	3	5
ENSG00000278932	20	15	7	16
ENSG00000278942	0	0	1	2
ENSG00000278948	171	145	150	112
ENSG00000278949	9	5	3	7
ENSG00000278950	0	4	0	1
ENSG00000278952	13	2	1	1
ENSG00000278954	3	0	0	2
ENSG00000278957	0	0	0	0
ENSG00000278959	1	0	1	1
ENSG00000278961	0	0	0	0
ENSG00000278963	0	5	0	0
ENSG00000278966	1	0	0	0
ENSG00000278969	7	6	10	10
ENSG00000278970	810	753	755	729
ENSG00000278972	1	0	0	0
ENSG00000278974	0	3	0	2
ENSG00000278981	0	0	0	0
ENSG00000278982	4	0	6	0
ENSG00000278983	1	0	4	0
ENSG00000278985	0	1	6	3
ENSG00000278986	0	6	8	1
ENSG00000278987	1	5	3	0
ENSG00000278989	4	6	0	1
ENSG00000278991	0	0	0	1
ENSG00000278993	7	14	11	4
ENSG00000278996	234	221	212	182
ENSG00000278997	15	7	3	7
ENSG00000279009	0	0	0	0
ENSG00000279017	0	0	0	1
ENSG00000279019	1	0	0	0
ENSG00000279020	0	0	0	0
ENSG00000279022	3	0	0	0
ENSG00000279024	0	0	0	0
ENSG00000279026	3	2	4	4
ENSG00000279031	0	4	0	0
ENSG00000279033	0	1	0	0
ENSG00000279035	6	2	6	4
ENSG00000279041	19	26	27	20
ENSG00000279048	7	5	2	2
ENSG00000279057	1	0	0	0
ENSG00000279058	0	2	0	0
ENSG00000279059	25	71	53	54
ENSG00000279064	0	1	4	1
ENSG00000279066	5	1	1	3
ENSG00000279069	27	27	20	11
ENSG00000279070	3	2	0	1
ENSG00000279072	0	1	0	1
ENSG00000279073	24	37	3	11
ENSG00000279077	2	1	1	2
ENSG00000279078	3	4	1	3
ENSG00000279082	2	0	0	0
ENSG00000279086	29	35	14	14
ENSG00000279088	60	62	66	75
ENSG00000279089	23	20	29	23
ENSG00000279092	17	14	11	16
ENSG00000279094	17	6	13	25
ENSG00000279095	51	76	59	106
ENSG00000279096	0	0	0	0
ENSG00000279098	0	0	0	0
ENSG00000279103	3	2	1	5
ENSG00000279106	2	2	1	2
ENSG00000279107	0	2	0	0
ENSG00000279108	1	2	4	1
ENSG00000279110	1	0	0	0
ENSG00000279114	3	2	0	1
ENSG00000279117	293	330	353	347
ENSG00000279118	9	5	6	7
ENSG00000279119	6	7	1	4
ENSG00000279122	0	2	0	1
ENSG00000279124	0	0	0	0
ENSG00000279128	8	5	35	3
ENSG00000279130	0	1	1	1
ENSG00000279133	14	13	16	7
ENSG00000279138	2	1	7	2
ENSG00000279140	7	4	1	2
ENSG00000279141	0	1	1	2
ENSG00000279144	0	0	2	1
ENSG00000279145	34	29	8	19
ENSG00000279146	0	0	0	0
ENSG00000279147	1	3	1	0
ENSG00000279148	27	45	42	36
ENSG00000279152	8	6	4	4
ENSG00000279155	0	0	0	0
ENSG00000279159	4	0	1	2
ENSG00000279161	26	23	18	22
ENSG00000279162	0	0	0	1
ENSG00000279164	0	8	0	1
ENSG00000279166	0	0	0	2
ENSG00000279168	95	113	69	73
ENSG00000279170	1	0	2	1
ENSG00000279175	5	5	6	5
ENSG00000279176	0	2	0	0
ENSG00000279177	12	16	9	5
ENSG00000279179	0	0	1	1
ENSG00000279182	2	5	2	4
ENSG00000279186	2	1	3	0
ENSG00000279187	0	1	0	0
ENSG00000279191	12	33	17	21
ENSG00000279192	61	78	42	73
ENSG00000279196	0	3	0	8
ENSG00000279198	7	25	10	8
ENSG00000279199	0	0	0	1
ENSG00000279203	0	9	0	0
ENSG00000279204	4	0	0	0
ENSG00000279206	0	0	1	0
ENSG00000279207	88	120	98	120
ENSG00000279208	0	1	2	2
ENSG00000279212	0	0	5	0
ENSG00000279220	1	15	0	20
ENSG00000279227	12	17	27	9
ENSG00000279228	0	0	1	0
ENSG00000279232	3	2	0	0
ENSG00000279233	2	23	11	23
ENSG00000279235	1	0	0	0
ENSG00000279236	0	1	1	1
ENSG00000279245	2	4	1	6
ENSG00000279246	10	20	24	9
ENSG00000279253	34	39	34	34
ENSG00000279255	2	0	3	0
ENSG00000279259	11	8	7	6
ENSG00000279265	6	10	1	7
ENSG00000279267	21	16	27	14
ENSG00000279277	1	4	6	0
ENSG00000279281	5	1	7	0
ENSG00000279283	0	3	2	1
ENSG00000279296	2	2	2	3
ENSG00000279303	2	1	3	0
ENSG00000279306	0	0	5	6
ENSG00000279307	9	15	10	11
ENSG00000279311	0	0	0	0
ENSG00000279313	0	9	0	7
ENSG00000279315	1	2	1	1
ENSG00000279319	2	1	2	1
ENSG00000279320	1	1	1	0
ENSG00000279328	0	0	1	2
ENSG00000279329	12	8	13	30
ENSG00000279330	2	0	0	0
ENSG00000279331	0	0	0	0
ENSG00000279333	0	0	1	0
ENSG00000279337	0	4	0	0
ENSG00000279342	1	15	10	6
ENSG00000279347	3	2	4	9
ENSG00000279348	150	121	132	84
ENSG00000279349	4	0	0	0
ENSG00000279355	19	21	19	15
ENSG00000279356	5	4	0	5
ENSG00000279364	5	9	6	5
ENSG00000279365	2	1	1	1
ENSG00000279369	604	504	585	360
ENSG00000279372	0	0	0	1
ENSG00000279377	0	2	0	1
ENSG00000279378	0	1	1	0
ENSG00000279384	1	0	0	1
ENSG00000279392	6	4	5	4
ENSG00000279394	0	0	1	0
ENSG00000279399	5	0	0	0
ENSG00000279406	19	12	14	24
ENSG00000279407	23	65	31	32
ENSG00000279409	0	0	0	1
ENSG00000279410	4	0	5	3
ENSG00000279413	0	0	0	0
ENSG00000279415	7	7	9	16
ENSG00000279422	3	1	0	0
ENSG00000279423	186	239	182	166
ENSG00000279425	1	1	0	1
ENSG00000279426	0	0	0	0
ENSG00000279428	0	0	1	0
ENSG00000279432	0	7	2	3
ENSG00000279433	0	4	0	1
ENSG00000279434	1	4	2	0
ENSG00000279443	56	44	50	41
ENSG00000279453	33	35	53	45
ENSG00000279456	7	9	4	6
ENSG00000279457	398	507	479	375
ENSG00000279463	0	0	0	2
ENSG00000279464	2	0	0	1
ENSG00000279469	0	1	0	0
ENSG00000279474	0	0	0	1
ENSG00000279476	0	0	2	1
ENSG00000279483	4	7	14	4
ENSG00000279488	0	0	0	1
ENSG00000279489	0	3	1	0
ENSG00000279490	1	0	2	1
ENSG00000279491	0	4	3	10
ENSG00000279495	105	92	57	83
ENSG00000279499	1	1	6	0
ENSG00000279500	6	10	10	7
ENSG00000279504	8	1	0	2
ENSG00000279513	2	5	0	0
ENSG00000279519	45	34	35	35
ENSG00000279520	4	8	4	5
ENSG00000279528	47	106	58	76
ENSG00000279529	15	17	8	8
ENSG00000279536	0	2	0	1
ENSG00000279539	3	6	6	5
ENSG00000279544	0	5	0	0
ENSG00000279549	4	1	1	0
ENSG00000279555	0	2	3	4
ENSG00000279557	5	6	2	3
ENSG00000279561	43	99	73	69
ENSG00000279568	0	3	1	4
ENSG00000279570	0	0	0	0
ENSG00000279571	3	11	1	10
ENSG00000279573	10	12	15	4
ENSG00000279583	4	3	0	8
ENSG00000279584	0	0	3	0
ENSG00000279589	1	0	0	0
ENSG00000279592	1	1	0	1
ENSG00000279594	0	0	2	2
ENSG00000279598	0	0	0	0
ENSG00000279601	0	1	1	1
ENSG00000279602	13	6	4	8
ENSG00000279605	4	6	1	4
ENSG00000279608	0	0	2	7
ENSG00000279609	3	0	0	0
ENSG00000279611	8	10	8	3
ENSG00000279613	0	2	0	1
ENSG00000279616	0	2	0	0
ENSG00000279617	11	19	12	20
ENSG00000279620	1	3	1	1
ENSG00000279631	55	47	53	38
ENSG00000279632	0	3	0	2
ENSG00000279633	0	0	0	0
ENSG00000279637	0	2	1	0
ENSG00000279641	6	2	1	1
ENSG00000279649	3	1	0	3
ENSG00000279653	0	0	0	0
ENSG00000279656	4	6	6	5
ENSG00000279662	3	0	1	0
ENSG00000279667	0	0	0	0
ENSG00000279668	0	3	0	2
ENSG00000279670	3	2	5	0
ENSG00000279672	14	24	12	10
ENSG00000279673	60	83	68	61
ENSG00000279674	0	1	0	0
ENSG00000279684	0	0	0	0
ENSG00000279685	5	0	0	0
ENSG00000279686	0	0	0	0
ENSG00000279689	27	32	36	39
ENSG00000279692	7	16	3	9
ENSG00000279693	1	2	2	5
ENSG00000279696	19	38	15	20
ENSG00000279699	1	3	0	1
ENSG00000279700	4	0	3	3
ENSG00000279716	0	0	1	0
ENSG00000279717	0	0	0	0
ENSG00000279718	0	2	0	0
ENSG00000279721	0	0	1	1
ENSG00000279722	2	1	10	2
ENSG00000279727	6	0	0	0
ENSG00000279730	2	3	4	2
ENSG00000279738	62	51	62	42
ENSG00000279742	3	2	2	2
ENSG00000279744	2	14	11	17
ENSG00000279748	8	16	12	9
ENSG00000279753	1	0	0	0
ENSG00000279759	5	22	12	15
ENSG00000279762	0	0	0	2
ENSG00000279764	0	3	0	0
ENSG00000279765	21	4	22	7
ENSG00000279766	7	6	1	1
ENSG00000279775	0	0	0	0
ENSG00000279780	0	1	0	0
ENSG00000279789	6	30	9	10
ENSG00000279791	1	2	3	0
ENSG00000279792	4	4	0	6
ENSG00000279794	8	1	8	1
ENSG00000279795	0	0	0	1
ENSG00000279799	2	6	4	2
ENSG00000279800	26	22	18	8
ENSG00000279801	2	4	6	3
ENSG00000279805	36	43	52	37
ENSG00000279806	27	12	10	9
ENSG00000279809	0	0	39	21
ENSG00000279811	0	0	5	0
ENSG00000279817	0	1	0	0
ENSG00000279821	9	11	5	14
ENSG00000279827	10	8	4	11
ENSG00000279833	0	0	0	1
ENSG00000279835	0	0	0	0
ENSG00000279836	0	0	0	1
ENSG00000279838	19	23	21	19
ENSG00000279841	0	0	0	0
ENSG00000279853	0	0	0	0
ENSG00000279858	0	0	0	1
ENSG00000279861	4	27	6	16
ENSG00000279865	3	7	2	4
ENSG00000279873	6	13	8	12
ENSG00000279875	0	0	0	1
ENSG00000279879	8	6	9	4
ENSG00000279880	2	1	0	1
ENSG00000279882	1	5	0	0
ENSG00000279884	0	0	2	0
ENSG00000279885	0	0	0	2
ENSG00000279889	0	0	0	0
ENSG00000279891	1	0	3	2
ENSG00000279894	0	1	0	0
ENSG00000279900	0	1	2	0
ENSG00000279901	0	8	1	3
ENSG00000279908	12	1	3	1
ENSG00000279912	0	1	1	3
ENSG00000279913	0	2	0	3
ENSG00000279917	0	1	2	1
ENSG00000279923	5	8	10	2
ENSG00000279927	0	3	0	0
ENSG00000279930	0	0	0	0
ENSG00000279933	0	1	0	0
ENSG00000279942	8	4	11	4
ENSG00000279943	3	17	8	29
ENSG00000279945	2	0	0	0
ENSG00000279948	13	16	11	14
ENSG00000279949	0	0	1	0
ENSG00000279951	0	0	1	0
ENSG00000279953	0	5	2	4
ENSG00000279954	1	0	0	0
ENSG00000279964	1	0	1	0
ENSG00000279965	0	2	0	6
ENSG00000279967	2	1	3	0
ENSG00000279968	4	5	7	9
ENSG00000279977	0	0	0	1
ENSG00000279981	0	0	1	2
ENSG00000279982	9	9	5	4
ENSG00000279993	17	4	17	6
ENSG00000279996	0	0	0	0
ENSG00000280003	4	0	2	0
ENSG00000280007	0	1	0	4
ENSG00000280010	10	14	3	8
ENSG00000280013	0	0	0	2
ENSG00000280018	24	31	22	32
ENSG00000280022	8	2	0	2
ENSG00000280023	0	0	0	0
ENSG00000280029	0	0	0	0
ENSG00000280033	6	5	4	1
ENSG00000280035	0	1	0	0
ENSG00000280037	0	2	1	1
ENSG00000280038	0	0	3	2
ENSG00000280040	0	0	0	3
ENSG00000280046	47	27	19	23
ENSG00000280047	6	5	2	5
ENSG00000280053	0	0	0	0
ENSG00000280057	0	0	0	1
ENSG00000280063	40	76	42	41
ENSG00000280064	14	20	18	19
ENSG00000280067	0	0	1	0
ENSG00000280068	0	0	0	0
ENSG00000280069	0	0	3	3
ENSG00000280071	1637	1699	1405	1302
ENSG00000280077	68	60	71	49
ENSG00000280078	0	0	2	0
ENSG00000280086	0	0	0	1
ENSG00000280087	1	2	2	4
ENSG00000280088	104	193	140	116
ENSG00000280095	2	1	0	0
ENSG00000280096	0	1	0	0
ENSG00000280099	0	0	1	0
ENSG00000280106	26	21	29	30
ENSG00000280107	0	0	0	1
ENSG00000280109	0	3	0	2
ENSG00000280115	0	0	0	0
ENSG00000280120	58	81	63	52
ENSG00000280121	2	2	0	0
ENSG00000280123	57	66	77	65
ENSG00000280128	120	140	132	140
ENSG00000280129	9	21	9	10
ENSG00000280132	0	1	0	0
ENSG00000280136	4	3	16	0
ENSG00000280137	0	5	7	11
ENSG00000280138	12	12	15	23
ENSG00000280143	7	2	2	5
ENSG00000280145	69	69	62	90
ENSG00000280148	0	0	0	1
ENSG00000280149	9	8	8	7
ENSG00000280157	2	1	1	1
ENSG00000280159	0	0	0	0
ENSG00000280160	0	2	2	0
ENSG00000280161	45	37	28	19
ENSG00000280163	2	2	1	1
ENSG00000280164	9	13	11	23
ENSG00000280165	0	0	0	0
ENSG00000280169	0	0	0	0
ENSG00000280173	89	65	83	63
ENSG00000280177	0	2	3	0
ENSG00000280184	0	0	1	2
ENSG00000280186	5	0	5	10
ENSG00000280187	65	41	42	36
ENSG00000280194	16	22	6	13
ENSG00000280195	47	83	51	69
ENSG00000280198	0	1	1	3
ENSG00000280202	275	273	241	203
ENSG00000280206	248	222	229	192
ENSG00000280208	25	21	14	40
ENSG00000280211	25	23	38	25
ENSG00000280213	2	4	2	0
ENSG00000280214	1	0	2	2
ENSG00000280222	0	0	0	0
ENSG00000280228	0	2	0	3
ENSG00000280237	160	98	129	32
ENSG00000280238	0	0	0	0
ENSG00000280239	13	55	28	26
ENSG00000280241	0	0	0	0
ENSG00000280247	0	0	0	0
ENSG00000280248	7	2	6	3
ENSG00000280266	0	0	0	0
ENSG00000280269	0	1	1	0
ENSG00000280273	21	8	10	4
ENSG00000280276	3	1	0	0
ENSG00000280278	1	0	0	1
ENSG00000280279	0	7	7	4
ENSG00000280287	57	68	58	84
ENSG00000280294	1	0	0	0
ENSG00000280296	1	0	1	0
ENSG00000280300	0	0	0	0
ENSG00000280303	155	49	120	22
ENSG00000280306	0	0	0	0
ENSG00000280309	0	0	0	0
ENSG00000280310	2	2	3	0
ENSG00000280311	0	1	0	2
ENSG00000280320	0	1	2	1
ENSG00000280322	0	0	3	0
ENSG00000280325	0	1	0	3
ENSG00000280327	0	7	6	2
ENSG00000280330	12	16	9	5
ENSG00000280332	6	11	7	4
ENSG00000280334	5	7	2	4
ENSG00000280347	69	67	67	64
ENSG00000280351	40	46	33	49
ENSG00000280353	9	2	6	0
ENSG00000280355	55	58	52	42
ENSG00000280367	0	7	2	2
ENSG00000280374	8	7	6	10
ENSG00000280376	0	0	1	0
ENSG00000280378	0	3	1	0
ENSG00000280381	0	0	1	0
ENSG00000280383	10	14	9	14
ENSG00000280384	0	0	1	0
ENSG00000280385	2	1	0	0
ENSG00000280387	1	3	0	3
ENSG00000280388	4	6	5	5
ENSG00000280392	0	0	1	0
ENSG00000280399	0	3	0	1
ENSG00000280400	0	0	0	0
ENSG00000280401	1	0	2	1
ENSG00000280402	0	5	5	9
ENSG00000280407	2	1	9	3
ENSG00000280414	0	0	0	0
ENSG00000280416	0	0	0	0
ENSG00000280417	50	27	42	14
ENSG00000280420	0	2	1	0
ENSG00000280422	2	0	0	0
ENSG00000280426	4	6	8	6
ENSG00000280433	511	460	420	391
ENSG00000280434	22	28	22	30
ENSG00000280441	234	221	212	182
ENSG00000280474	0	0	1	0
ENSG00000280498	0	0	4	0
ENSG00000280537	0	5	0	7
ENSG00000280543	2	3	2	2
ENSG00000280561	0	0	0	2
ENSG00000280571	7	4	12	10
ENSG00000280587	0	3	2	0
ENSG00000280594	74	58	87	55
ENSG00000280604	5	7	12	7
ENSG00000280607	1	0	0	0
ENSG00000280614	9	2	9	4
ENSG00000280620	2	3	0	2
ENSG00000280634	2	4	9	3
ENSG00000280649	236	171	224	157
ENSG00000280670	70	68	93	77
ENSG00000280693	94	55	29	59
ENSG00000280710	0	4	5	0
ENSG00000280721	3567	3107	3585	2950
ENSG00000280734	410	555	333	456
ENSG00000280739	43	41	36	31
ENSG00000280758	0	0	0	1
ENSG00000280767	0	4	0	0
ENSG00000280778	2	2	0	0
ENSG00000280780	0	2	0	0
ENSG00000280789	2231	2205	2056	1682
ENSG00000280798	349	357	328	341
ENSG00000280800	9	2	9	4
ENSG00000280828	17	18	14	2
ENSG00000280832	192	180	147	194
ENSG00000280852	7	10	9	2
ENSG00000280927	3	0	1	0
ENSG00000280953	0	0	1	0
ENSG00000280969	1	1	0	2
ENSG00000280987	2578	2042	1999	1731
ENSG00000281005	18	15	13	16
ENSG00000281026	6	11	6	10
ENSG00000281028	7	0	0	0
ENSG00000281039	0	0	0	0
ENSG00000281091	0	0	0	0
ENSG00000281100	4	5	7	5
ENSG00000281103	1072	802	940	723
ENSG00000281179	72	47	87	91
ENSG00000281181	9	2	9	4
ENSG00000281183	4	26	13	12
ENSG00000281189	19	16	7	14
ENSG00000281195	2	1	5	2
ENSG00000281207	19	31	10	28
ENSG00000281332	57	56	42	54
ENSG00000281344	45	34	37	24
ENSG00000281348	10	0	0	0
ENSG00000281357	28	30	41	33
ENSG00000281358	20	38	13	26
ENSG00000281376	22	20	20	14
ENSG00000281379	7	1	1	1
ENSG00000281392	2	0	1	1
ENSG00000281398	483	1034	507	659
ENSG00000281404	2	0	0	0
ENSG00000281406	1	0	1	6
ENSG00000281468	19	23	11	9
ENSG00000281469	1	1	0	1
ENSG00000281501	15	25	22	23
ENSG00000281530	2	6	0	5
ENSG00000281538	2	2	0	2
ENSG00000281550	33	0	0	0
ENSG00000281571	334	156	234	123
ENSG00000281593	0	0	4	0
ENSG00000281649	1924	2199	1904	1728
ENSG00000281655	0	2	0	0
ENSG00000281691	0	1	0	0
ENSG00000281706	36	28	28	54
ENSG00000281708	0	1	2	0
ENSG00000281731	2	3	7	0
ENSG00000281741	0	0	2	2
ENSG00000281769	2	13	0	32
ENSG00000281831	0	2	0	0
ENSG00000281849	4	1	4	1
ENSG00000281852	17	39	13	82
ENSG00000281887	275	69	289	18
ENSG00000281903	0	0	0	0
ENSG00000281912	4	16	7	14
ENSG00000281991	3	19	0	0
ENSG00000282021	0	2	0	0
ENSG00000282033	0	2	0	0
ENSG00000282034	4993	4364	4802	3621
ENSG00000282100	3	7	6	3
ENSG00000282143	0	0	0	0
ENSG00000282164	27	22	20	15
ENSG00000282246	0	0	0	10
ENSG00000282278	43	5	0	0
ENSG00000282308	0	1	1	0
ENSG00000282339	6	18	6	16
ENSG00000282381	0	2	3	0
ENSG00000282386	12	12	5	10
ENSG00000282393	138	128	93	78
ENSG00000282413	2	0	0	0
ENSG00000282416	0	26	8	17
ENSG00000282418	0	0	0	0
ENSG00000282419	0	3	0	1
ENSG00000282458	200	706	367	434
ENSG00000282508	28	69	45	32
ENSG00000282556	0	2	0	0
ENSG00000282572	0	1	6	0
ENSG00000282608	0	5	0	4
ENSG00000282742	0	2	1	0
ENSG00000282772	0	0	1	2
ENSG00000282804	1	0	1	0
ENSG00000282815	0	0	0	1
ENSG00000282826	292	297	308	249
ENSG00000282840	0	3	0	0
ENSG00000282842	0	0	0	0
ENSG00000282849	0	1	0	0
ENSG00000282851	496	539	498	457
ENSG00000282870	1	1	0	1
ENSG00000282876	0	4	3	2
ENSG00000282879	0	1	0	0
ENSG00000282885	11	15	18	13
ENSG00000282897	0	0	0	2
ENSG00000282907	0	0	5	5
ENSG00000282925	7	4	4	2
ENSG00000282933	0	3	0	1
ENSG00000282936	155	91	117	59
ENSG00000282951	0	0	0	0
ENSG00000282961	0	3	0	1
ENSG00000282977	1	0	2	1
ENSG00000282978	4	1	5	0
ENSG00000282980	0	0	3	0
ENSG00000282988	29	20	18	18
ENSG00000282989	3	0	1	2
ENSG00000282995	7	6	5	1
ENSG00000283023	4	0	1	0
ENSG00000283029	0	0	0	0
ENSG00000283041	1516	1213	1289	1073
ENSG00000283045	0	1	2	0
ENSG00000283047	0	2	0	0
ENSG00000283050	58	91	67	59
ENSG00000283052	0	0	0	0
ENSG00000283064	4	15	7	5
ENSG00000283073	0	2	5	2
ENSG00000283078	2	7	5	6
ENSG00000283088	11	0	0	0
ENSG00000283098	1	0	0	0
ENSG00000283101	0	0	0	0
ENSG00000283103	123	111	79	100
ENSG00000283117	0	1	0	3
ENSG00000283122	0	0	0	0
ENSG00000283125	55	117	51	93
ENSG00000283128	3	3	2	12
ENSG00000283138	6	5	0	2
ENSG00000283141	0	0	2	0
ENSG00000283149	531	697	539	514
ENSG00000283154	1335	953	981	655
ENSG00000283164	3	0	0	5
ENSG00000283167	3	0	0	0
ENSG00000283189	25	100	48	58
ENSG00000283196	131	158	129	134
ENSG00000283199	3	0	2	1
ENSG00000283208	1	2	3	0
ENSG00000283217	0	0	0	2
ENSG00000283228	274	448	276	290
ENSG00000283234	0	2	0	3
ENSG00000283236	7	6	7	6
ENSG00000283239	0	0	1	0
ENSG00000283251	0	4	0	3
ENSG00000283265	0	0	0	2
ENSG00000283283	0	0	0	0
ENSG00000283288	0	5	0	0
ENSG00000283293	41	37	38	15
ENSG00000283294	27	100	52	105
ENSG00000283304	0	0	0	4
ENSG00000283312	5	0	4	0
ENSG00000283314	2	7	3	0
ENSG00000283317	1	4	0	1
ENSG00000283321	0	0	0	8
ENSG00000283341	6	8	0	5
ENSG00000283345	2	0	4	0
ENSG00000283352	2	6	2	5
ENSG00000283390	29	6	23	19
ENSG00000283398	8	1	0	4
ENSG00000283415	22	14	16	11
ENSG00000283429	2	3	2	1
ENSG00000283440	26	39	15	38
ENSG00000283444	0	0	10	0
ENSG00000283453	3	1	3	1
ENSG00000283463	8	2	0	5
ENSG00000283475	2	3	2	1
ENSG00000283480	0	0	0	0
ENSG00000283486	0	1	0	3
ENSG00000283496	0	3	3	0
ENSG00000283498	2	3	2	1
ENSG00000283504	0	0	0	0
ENSG00000283515	50	88	55	62
ENSG00000283528	13	9	13	9
ENSG00000283529	2	0	0	0
ENSG00000283537	682	505	654	469
ENSG00000283541	0	0	0	2
ENSG00000283544	8	8	9	3
ENSG00000283549	9	7	0	7
ENSG00000283554	665	469	621	346
ENSG00000283563	1	3	5	0
ENSG00000283579	0	0	0	0
ENSG00000283580	111	60	77	75
ENSG00000283599	0	0	0	0
ENSG00000283608	0	0	5	2
ENSG00000283632	6	21	2	9
ENSG00000283635	0	0	1	0
ENSG00000283646	1	0	0	0
ENSG00000283662	0	0	0	0
ENSG00000283667	0	9	2	6
ENSG00000283674	2	1	2	0
ENSG00000283689	29	36	41	40
ENSG00000283696	8	11	8	14
ENSG00000283697	0	9	8	0
ENSG00000283698	0	0	0	0
ENSG00000283706	6	4	4	7
ENSG00000283709	2	0	7	0
ENSG00000283743	0	4	0	0
ENSG00000283761	64	54	78	24
ENSG00000283765	93	9	15	0
ENSG00000283773	1	0	0	0
ENSG00000283782	111	41	146	254
ENSG00000283787	0	6	0	2
ENSG00000283789	1	0	0	0
ENSG00000283805	0	0	2	0
ENSG00000283809	11	8	10	7
ENSG00000283828	0	0	4	3
ENSG00000283849	4	10	8	10
ENSG00000283886	0	0	1	0
ENSG00000283897	0	0	2	0
ENSG00000283900	35	5	32	7
ENSG00000283907	1	0	0	0
ENSG00000283930	24	44	35	61
ENSG00000283932	0	8	48	2
ENSG00000283959	7	11	6	14
ENSG00000283977	11	9	0	30
ENSG00000283994	4	4	7	4
ENSG00000284005	0	1	0	0
ENSG00000284024	1097	1238	1068	944
ENSG00000284041	15	10	0	14
ENSG00000284048	0	7	11	0
ENSG00000284052	18	17	15	4
ENSG00000284057	0	29	60	0
ENSG00000284116	12	13	8	2
ENSG00000284118	0	2	0	0
ENSG00000284128	0	0	0	2
ENSG00000284138	0	0	0	2
ENSG00000284140	0	0	0	1
ENSG00000284146	1	0	0	0
ENSG00000284186	0	0	0	1
ENSG00000284191	0	1	0	0
ENSG00000284194	87	174	104	116
ENSG00000284240	2	0	1	0
ENSG00000284268	0	0	0	0
ENSG00000284292	59	70	81	91
ENSG00000284294	0	1	2	0
ENSG00000284299	20	36	11	11
ENSG00000284308	108	96	100	65
ENSG00000284378	2	3	2	1
ENSG00000284391	0	0	0	0
ENSG00000284418	0	0	1	0
ENSG00000284425	0	0	0	1
ENSG00000284428	60	68	53	79
ENSG00000284431	0	6	32	0
ENSG00000284461	22	33	19	20
ENSG00000284491	0	50	149	153
ENSG00000284503	13	6	20	7
ENSG00000284505	0	0	0	1
ENSG00000284512	0	0	0	2
ENSG00000284523	1	2	2	2
ENSG00000284525	0	0	0	0
ENSG00000284526	3	9	0	12
ENSG00000284554	0	75	0	100
ENSG00000284602	6	16	13	6
ENSG00000284606	0	0	0	1
ENSG00000284607	0	0	0	0
ENSG00000284610	1	0	1	0
ENSG00000284613	0	0	0	0
ENSG00000284614	0	0	1	0
ENSG00000284618	1	1	0	0
ENSG00000284620	5	17	0	8
ENSG00000284624	0	0	1	0
ENSG00000284626	5	9	10	9
ENSG00000284627	0	2	0	2
ENSG00000284630	2	3	0	0
ENSG00000284633	3	0	0	0
ENSG00000284634	104	76	160	88
ENSG00000284640	0	5	1	0
ENSG00000284642	2	4	3	1
ENSG00000284644	58	58	55	42
ENSG00000284649	8	5	5	5
ENSG00000284652	0	0	1	1
ENSG00000284657	1	0	5	3
ENSG00000284660	0	1	0	0
ENSG00000284661	0	0	0	0
ENSG00000284664	3	1	2	0
ENSG00000284669	6	4	11	2
ENSG00000284671	0	7	13	14
ENSG00000284681	432	351	454	245
ENSG00000284685	12	8	7	4
ENSG00000284687	0	0	0	0
ENSG00000284688	0	0	0	0
ENSG00000284690	108	397	107	464
ENSG00000284691	343	352	311	336
ENSG00000284693	8	9	12	8
ENSG00000284697	0	0	0	0
ENSG00000284699	0	0	0	1
ENSG00000284700	0	0	0	0
ENSG00000284707	134	152	123	144
ENSG00000284713	59	72	65	53
ENSG00000284719	4	2	2	2
ENSG00000284726	0	1	0	0
ENSG00000284727	0	1	0	0
ENSG00000284734	12	12	14	9
ENSG00000284737	0	0	0	0
ENSG00000284738	8	9	2	11
ENSG00000284740	4	5	6	4
ENSG00000284747	5	6	7	3
ENSG00000284753	585	736	455	664
ENSG00000284755	16	27	9	10
ENSG00000284770	815	822	740	735
ENSG00000284773	53	32	45	18
ENSG00000284776	0	0	4	0
ENSG00000284797	0	0	1	0
ENSG00000284820	101	239	88	153
ENSG00000284825	4	0	3	0
ENSG00000284826	0	0	2	0
ENSG00000284828	5	3	6	7
ENSG00000284830	1	3	0	2
ENSG00000284842	0	0	3	0
ENSG00000284862	0	0	1	0
ENSG00000284874	0	0	0	0
ENSG00000284879	100	162	114	204
ENSG00000284882	4	5	7	2
ENSG00000284883	1	0	1	2
ENSG00000284906	233	273	262	196
ENSG00000284917	0	1	0	0
ENSG00000284922	11	17	6	14
ENSG00000284930	0	0	0	0
ENSG00000284934	2	8	0	18
ENSG00000284946	104	271	162	208
ENSG00000284952	5	0	0	6
ENSG00000284954	17	25	18	21
ENSG00000284957	0	1	0	0
ENSG00000284959	1	0	3	6
ENSG00000284964	8	0	4	1
ENSG00000284968	34	47	45	24
ENSG00000284969	0	3	0	0
ENSG00000284976	847	952	744	794
ENSG00000284981	16	36	23	28
ENSG00000284987	0	0	0	1
ENSG00000284989	34	42	5	19
ENSG00000284999	1	0	0	0
ENSG00000285006	0	2	1	1
ENSG00000285018	1	6	0	14
ENSG00000285035	8	8	16	18
ENSG00000285041	0	1	1	1
ENSG00000285043	1048	1498	1006	1107
ENSG00000285053	338	417	253	351
ENSG00000285077	10	9	12	14
ENSG00000285082	0	0	1	0
ENSG00000285085	1	10	2	0
ENSG00000285091	2	0	3	1
ENSG00000285095	0	0	0	3
ENSG00000285102	0	0	0	0
ENSG00000285103	36	22	40	29
ENSG00000285106	51	101	82	94
ENSG00000285122	2	0	0	1
ENSG00000285130	74	16	69	24
ENSG00000285133	1	0	0	0
ENSG00000285138	193	122	144	114
ENSG00000285159	1	2	0	3
ENSG00000285160	4	8	8	14
ENSG00000285165	0	0	0	1
ENSG00000285171	27	55	53	76
ENSG00000285184	24	29	24	29
ENSG00000285190	1	0	1	0
ENSG00000285215	0	0	6	0
ENSG00000285219	11	6	10	1
ENSG00000285230	67	72	46	50
ENSG00000285237	0	2	0	0
ENSG00000285238	0	0	0	0
ENSG00000285244	2	2	0	3
ENSG00000285253	2	0	4	0
ENSG00000285257	14	4	4	7
ENSG00000285258	1058	972	962	764
ENSG00000285278	6	28	14	24
ENSG00000285280	0	0	0	4
ENSG00000285283	222	41	149	85
ENSG00000285287	0	1	0	0
ENSG00000285292	910	895	818	533
ENSG00000285294	0	0	0	1
ENSG00000285300	4	0	0	3
ENSG00000285304	333	687	532	616
ENSG00000285314	0	0	0	8
ENSG00000285323	0	1	1	0
ENSG00000285329	0	1	0	1
ENSG00000285330	0	0	31	0
ENSG00000285331	68	66	58	67
ENSG00000285338	10	4	0	7
ENSG00000285382	2	2	2	10
ENSG00000285399	23	30	36	23
ENSG00000285407	1	0	0	0
ENSG00000285410	409	404	358	319
ENSG00000285416	0	0	0	0
ENSG00000285417	0	0	0	0
ENSG00000285427	53	45	37	39
ENSG00000285437	307	433	396	327
ENSG00000285441	0	0	9	4
ENSG00000285444	0	0	1	3
ENSG00000285446	0	0	4	0
ENSG00000285448	3	8	2	5
ENSG00000285458	16	20	7	14
ENSG00000285467	25	11	18	9
ENSG00000285480	0	2	0	0
ENSG00000285492	3	0	1	0
ENSG00000285508	96	95	146	93
ENSG00000285509	0	12	17	3
ENSG00000285517	22	22	9	5
ENSG00000285520	0	0	0	1
ENSG00000285521	0	0	1	1
ENSG00000285527	0	0	2	0
ENSG00000285528	0	0	0	0
ENSG00000285531	5	10	6	4
ENSG00000285533	37	47	35	40
ENSG00000285535	49	61	67	48
ENSG00000285542	36	33	59	41
ENSG00000285547	15	19	9	34
ENSG00000285551	0	0	1	0
ENSG00000285552	2	2	2	3
ENSG00000285558	0	1	0	0
ENSG00000285560	0	0	2	0
ENSG00000285563	0	1	0	0
ENSG00000285565	12	8	0	7
ENSG00000285571	0	0	0	0
ENSG00000285578	21	7	23	19
ENSG00000285581	0	1	0	0
ENSG00000285583	0	0	2	4
ENSG00000285589	56	68	55	73
ENSG00000285591	0	1	0	0
ENSG00000285596	6	15	19	14
ENSG00000285600	0	2	2	0
ENSG00000285601	20	18	20	10
ENSG00000285608	0	2	1	0
ENSG00000285612	2	8	8	2
ENSG00000285614	6	3	0	3
ENSG00000285616	0	0	3	3
ENSG00000285625	36	15	26	7
ENSG00000285628	115	86	96	83
ENSG00000285629	4	5	0	4
ENSG00000285630	5	2	1	6
ENSG00000285632	3	1	0	0
ENSG00000285635	0	1	0	0
ENSG00000285641	11	30	17	14
ENSG00000285644	2	3	2	4
ENSG00000285646	1	5	2	0
ENSG00000285649	3	6	0	1
ENSG00000285650	1	0	0	0
ENSG00000285651	1	0	0	2
ENSG00000285662	0	0	0	0
ENSG00000285665	2	3	2	1
ENSG00000285667	1	4	0	1
ENSG00000285668	4	11	6	15
ENSG00000285669	16	11	12	22
ENSG00000285672	0	0	0	0
ENSG00000285688	0	1	0	1
ENSG00000285693	25	33	30	26
ENSG00000285696	0	0	2	2
ENSG00000285697	0	1	0	1
ENSG00000285702	93	87	68	53
ENSG00000285708	33	22	18	18
ENSG00000285713	12	22	16	18
ENSG00000285721	28	54	36	24
ENSG00000285723	37	27	20	32
ENSG00000285725	59	68	41	71
ENSG00000285727	0	0	0	0
ENSG00000285728	3	4	1	4
ENSG00000285730	3	9	5	3
ENSG00000285731	0	0	0	0
ENSG00000285733	5	0	2	0
ENSG00000285737	0	1	0	1
ENSG00000285744	91	51	52	27
ENSG00000285747	0	2	0	0
ENSG00000285749	0	0	0	0
ENSG00000285752	6	5	5	2
ENSG00000285756	333	645	264	585
ENSG00000285759	0	0	0	0
ENSG00000285761	47	47	51	24
ENSG00000285791	1	0	3	2
ENSG00000285793	439	529	427	333
ENSG00000285794	2	8	4	15
ENSG00000285796	17	30	22	19
ENSG00000285799	2	10	5	11
ENSG00000285802	0	0	0	0
ENSG00000285806	0	0	0	2
ENSG00000285813	0	1	0	0
ENSG00000285815	0	12	0	0
ENSG00000285816	300	207	371	53
ENSG00000285823	2	4	0	1
ENSG00000285825	2	7	3	1
ENSG00000285827	62	46	50	63
ENSG00000285829	0	1	0	0
ENSG00000285830	1	6	1	1
ENSG00000285839	567	445	508	486
ENSG00000285844	5	9	9	6
ENSG00000285851	4	11	0	8
ENSG00000285853	0	2	0	0
ENSG00000285854	5	11	6	1
ENSG00000285864	0	4	0	0
ENSG00000285868	0	0	2	0
ENSG00000285870	0	2	0	1
ENSG00000285872	17	7	3	6
ENSG00000285873	0	1	0	1
ENSG00000285875	0	6	1	0
ENSG00000285877	5	1	4	1
ENSG00000285881	39	36	33	9
ENSG00000285884	0	1	3	0
ENSG00000285885	1	1	3	17
ENSG00000285886	7	4	5	8
ENSG00000285888	0	0	0	0
ENSG00000285889	1	2	1	0
ENSG00000285894	2	5	0	0
ENSG00000285895	0	0	1	0
ENSG00000285897	0	0	0	2
ENSG00000285899	0	2	0	0
ENSG00000285901	1078	1407	804	1142
ENSG00000285906	1	4	0	0
ENSG00000285907	26	13	8	9
ENSG00000285908	7	0	1	1
ENSG00000285918	0	0	0	1
ENSG00000285920	0	0	0	0
ENSG00000285923	0	1	1	2
ENSG00000285926	0	0	0	0
ENSG00000285932	50	57	36	45
ENSG00000285938	1	3	0	0
ENSG00000285942	2	5	18	2
ENSG00000285943	29	121	47	82
ENSG00000285947	0	0	0	0
ENSG00000285948	1	0	2	0
ENSG00000285952	0	1	2	0
ENSG00000285953	61	59	53	65
ENSG00000285966	0	0	0	0
ENSG00000285967	227	333	212	330
ENSG00000285976	2943	3449	2572	3023
ENSG00000285978	3	0	0	2
ENSG00000285982	6	0	0	0
ENSG00000285991	6	6	18	25
